{"layers": [{"enveloping": null, "attributes": ["normalized_form"], "name": "words", "parent": null, "_base": "words", "ambiguous": false, "spans": [{"start": 0, "normalized_form": "www.soundgroup.ee", "end": 17}, {"start": 19, "normalized_form": null, "end": 25}, {"start": 26, "normalized_form": null, "end": 33}, {"start": 34, "normalized_form": null, "end": 37}, {"start": 38, "normalized_form": null, "end": 45}, {"start": 46, "normalized_form": null, "end": 47}, {"start": 49, "normalized_form": "Heli", "end": 54}, {"start": 55, "normalized_form": null, "end": 57}, {"start": 58, "normalized_form": null, "end": 81}, {"start": 82, "normalized_form": null, "end": 84}, {"start": 85, "normalized_form": null, "end": 90}, {"start": 91, "normalized_form": null, "end": 96}, {"start": 97, "normalized_form": null, "end": 100}, {"start": 101, "normalized_form": null, "end": 107}, {"start": 108, "normalized_form": null, "end": 114}, {"start": 115, "normalized_form": null, "end": 116}, {"start": 118, "normalized_form": null, "end": 121}, {"start": 122, "normalized_form": null, "end": 126}, {"start": 127, "normalized_form": null, "end": 128}, {"start": 129, "normalized_form": null, "end": 135}, {"start": 136, "normalized_form": null, "end": 141}, {"start": 142, "normalized_form": null, "end": 149}, {"start": 150, "normalized_form": null, "end": 160}, {"start": 161, "normalized_form": null, "end": 164}, {"start": 165, "normalized_form": null, "end": 169}, {"start": 170, "normalized_form": null, "end": 176}, {"start": 177, "normalized_form": null, "end": 178}, {"start": 179, "normalized_form": null, "end": 185}, {"start": 186, "normalized_form": null, "end": 191}, {"start": 192, "normalized_form": null, "end": 194}, {"start": 195, "normalized_form": null, "end": 199}, {"start": 200, "normalized_form": null, "end": 204}, {"start": 205, "normalized_form": null, "end": 209}, {"start": 210, "normalized_form": null, "end": 219}, {"start": 221, "normalized_form": null, "end": 226}, {"start": 227, "normalized_form": null, "end": 229}, {"start": 230, "normalized_form": null, "end": 239}, {"start": 240, "normalized_form": null, "end": 241}, {"start": 242, "normalized_form": null, "end": 246}, {"start": 247, "normalized_form": null, "end": 249}, {"start": 250, "normalized_form": null, "end": 260}, {"start": 261, "normalized_form": null, "end": 266}, {"start": 267, "normalized_form": null, "end": 268}, {"start": 269, "normalized_form": "valgus", "end": 276}, {"start": 277, "normalized_form": null, "end": 279}, {"start": 280, "normalized_form": null, "end": 288}, {"start": 289, "normalized_form": null, "end": 293}, {"start": 294, "normalized_form": null, "end": 299}, {"start": 300, "normalized_form": null, "end": 303}, {"start": 304, "normalized_form": null, "end": 311}, {"start": 312, "normalized_form": null, "end": 314}, {"start": 315, "normalized_form": null, "end": 318}, {"start": 319, "normalized_form": null, "end": 323}, {"start": 324, "normalized_form": null, "end": 328}, {"start": 329, "normalized_form": null, "end": 333}, {"start": 334, "normalized_form": null, "end": 340}, {"start": 341, "normalized_form": null, "end": 345}, {"start": 346, "normalized_form": null, "end": 355}, {"start": 356, "normalized_form": null, "end": 364}, {"start": 365, "normalized_form": null, "end": 366}, {"start": 368, "normalized_form": null, "end": 372}, {"start": 373, "normalized_form": null, "end": 374}, {"start": 375, "normalized_form": null, "end": 383}, {"start": 384, "normalized_form": null, "end": 389}, {"start": 390, "normalized_form": null, "end": 397}, {"start": 398, "normalized_form": null, "end": 402}, {"start": 403, "normalized_form": null, "end": 404}, {"start": 405, "normalized_form": null, "end": 406}, {"start": 406, "normalized_form": null, "end": 407}, {"start": 409, "normalized_form": null, "end": 412}, {"start": 413, "normalized_form": null, "end": 417}, {"start": 418, "normalized_form": null, "end": 422}, {"start": 423, "normalized_form": null, "end": 428}, {"start": 429, "normalized_form": null, "end": 433}, {"start": 434, "normalized_form": null, "end": 437}, {"start": 438, "normalized_form": null, "end": 439}, {"start": 440, "normalized_form": null, "end": 442}, {"start": 443, "normalized_form": null, "end": 446}, {"start": 447, "normalized_form": null, "end": 456}, {"start": 457, "normalized_form": null, "end": 462}, {"start": 463, "normalized_form": null, "end": 470}, {"start": 471, "normalized_form": null, "end": 481}, {"start": 482, "normalized_form": null, "end": 487}, {"start": 488, "normalized_form": null, "end": 489}, {"start": 490, "normalized_form": null, "end": 494}, {"start": 495, "normalized_form": null, "end": 503}, {"start": 504, "normalized_form": null, "end": 509}, {"start": 510, "normalized_form": null, "end": 517}, {"start": 518, "normalized_form": null, "end": 519}, {"start": 520, "normalized_form": null, "end": 524}, {"start": 525, "normalized_form": null, "end": 532}, {"start": 533, "normalized_form": null, "end": 542}, {"start": 543, "normalized_form": null, "end": 550}, {"start": 551, "normalized_form": null, "end": 558}, {"start": 559, "normalized_form": null, "end": 564}, {"start": 565, "normalized_form": null, "end": 566}, {"start": 567, "normalized_form": null, "end": 570}, {"start": 571, "normalized_form": null, "end": 575}, {"start": 576, "normalized_form": null, "end": 581}, {"start": 582, "normalized_form": null, "end": 587}, {"start": 588, "normalized_form": null, "end": 594}, {"start": 595, "normalized_form": null, "end": 596}, {"start": 598, "normalized_form": null, "end": 602}, {"start": 603, "normalized_form": null, "end": 608}, {"start": 609, "normalized_form": null, "end": 613}, {"start": 614, "normalized_form": null, "end": 617}, {"start": 618, "normalized_form": null, "end": 622}, {"start": 623, "normalized_form": null, "end": 625}, {"start": 626, "normalized_form": null, "end": 630}, {"start": 631, "normalized_form": null, "end": 635}, {"start": 636, "normalized_form": null, "end": 641}, {"start": 642, "normalized_form": null, "end": 646}, {"start": 647, "normalized_form": null, "end": 652}, {"start": 653, "normalized_form": null, "end": 657}, {"start": 658, "normalized_form": null, "end": 662}, {"start": 663, "normalized_form": null, "end": 669}, {"start": 670, "normalized_form": null, "end": 685}, {"start": 686, "normalized_form": null, "end": 687}, {"start": 688, "normalized_form": null, "end": 693}, {"start": 694, "normalized_form": null, "end": 700}, {"start": 701, "normalized_form": null, "end": 711}, {"start": 712, "normalized_form": null, "end": 716}, {"start": 717, "normalized_form": null, "end": 718}, {"start": 719, "normalized_form": null, "end": 722}, {"start": 723, "normalized_form": null, "end": 727}, {"start": 728, "normalized_form": null, "end": 732}, {"start": 733, "normalized_form": null, "end": 737}, {"start": 738, "normalized_form": null, "end": 743}, {"start": 744, "normalized_form": null, "end": 750}, {"start": 751, "normalized_form": null, "end": 756}, {"start": 757, "normalized_form": null, "end": 762}, {"start": 763, "normalized_form": null, "end": 768}, {"start": 769, "normalized_form": null, "end": 779}, {"start": 780, "normalized_form": null, "end": 781}]}, {"enveloping": "words", "attributes": ["fix_types"], "name": "sentences", "parent": null, "_base": "sentences", "ambiguous": false, "spans": [{"fix_types": ["double_newline_ending"], "_index_": [0]}, {"fix_types": [], "_index_": [1, 2, 3, 4, 5]}, {"fix_types": ["double_newline_ending"], "_index_": [6, 7, 8, 9, 10, 11, 12, 13, 14, 15]}, {"fix_types": ["double_newline_ending"], "_index_": [16, 17, 18, 19, 20, 21, 22, 23, 24, 25, 26, 27, 28, 29, 30, 31, 32, 33]}, {"fix_types": [], "_index_": [34, 35, 36, 37, 38, 39, 40, 41, 42]}, {"fix_types": [], "_index_": [43, 44, 45, 46, 47, 48, 49, 50, 51, 52, 53, 54, 55, 56, 57, 58, 59]}, {"fix_types": [], "_index_": [60, 61, 62, 63, 64, 65, 66]}, {"fix_types": ["double_newline_ending"], "_index_": [67, 68]}, {"fix_types": [], "_index_": [69, 70, 71, 72, 73, 74, 75, 76, 77, 78, 79, 80, 81, 82, 83, 84, 85, 86, 87, 88]}, {"fix_types": [], "_index_": [89, 90, 91, 92, 93, 94, 95, 96, 97, 98, 99, 100, 101]}, {"fix_types": [], "_index_": [102, 103, 104, 105, 106, 107, 108, 109, 110, 111, 112, 113, 114, 115, 116, 117]}, {"fix_types": [], "_index_": [118, 119, 120, 121, 122]}, {"fix_types": [], "_index_": [123, 124, 125, 126, 127, 128, 129, 130, 131, 132, 133]}]}, {"enveloping": "sentences", "attributes": [], "name": "paragraphs", "parent": null, "_base": "paragraphs", "ambiguous": false, "spans": [{"_index_": [0]}, {"_index_": [1]}, {"_index_": [2]}, {"_index_": [3]}, {"_index_": [4, 5]}, {"_index_": [6, 7]}, {"_index_": [8, 9]}, {"_index_": [10, 11, 12]}]}, {"enveloping": "words", "attributes": ["type"], "name": "syntax_ignore", "parent": null, "_base": "syntax_ignore", "ambiguous": false, "spans": [{"type": "sentence_with_number_no_letters", "_index_": [67, 68]}]}, {"enveloping": null, "attributes": ["lemma", "root", "root_tokens", "ending", "clitic", "form", "partofspeech"], "name": "morph_analysis", "parent": "words", "_base": "words", "ambiguous": true, "spans": [[{"root_tokens": ["www.soundgroup.ee"], "form": "?", "clitic": "", "ending": "0", "end": 17, "root": "www.soundgroup.ee", "_index_": 0, "partofspeech": "H", "start": 0, "lemma": "www.soundgroup.ee"}], [{"root_tokens": ["rohkem"], "form": "", "clitic": "", "ending": "0", "end": 25, "root": "rohkem", "_index_": 1, "partofspeech": "D", "start": 19, "lemma": "rohkem"}], [{"root_tokens": ["reklaam"], "form": "sg n", "clitic": "", "ending": "0", "end": 33, "root": "reklaam", "_index_": 2, "partofspeech": "S", "start": 26, "lemma": "reklaam"}], [{"root_tokens": ["kui"], "form": "", "clitic": "", "ending": "0", "end": 37, "root": "kui", "_index_": 3, "partofspeech": "D", "start": 34, "lemma": "kui"}, {"root_tokens": ["kui"], "form": "", "clitic": "", "ending": "0", "end": 37, "root": "kui", "_index_": 3, "partofspeech": "J", "start": 34, "lemma": "kui"}], [{"root_tokens": ["showoff"], "form": "sg n", "clitic": "", "ending": "0", "end": 45, "root": "showoff", "_index_": 4, "partofspeech": "S", "start": 38, "lemma": "showoff"}], [{"root_tokens": ["."], "form": "", "clitic": "", "ending": "", "end": 47, "root": ".", "_index_": 5, "partofspeech": "Z", "start": 46, "lemma": "."}], [{"root_tokens": ["heli"], "form": "sg n", "clitic": "", "ending": "0", "end": 54, "root": "heli", "_index_": 6, "partofspeech": "S", "start": 49, "lemma": "heli"}], [{"root_tokens": ["ja"], "form": "", "clitic": "", "ending": "0", "end": 57, "root": "ja", "_index_": 7, "partofspeech": "J", "start": 55, "lemma": "ja"}], [{"root_tokens": ["valgustehnikarendi", "firma"], "form": "sg n", "clitic": "", "ending": "0", "end": 81, "root": "valgustehnikarendi_firma", "_index_": 8, "partofspeech": "S", "start": 58, "lemma": "valgustehnikarendifirma"}], [{"root_tokens": ["OÜ"], "form": "?", "clitic": "", "ending": "0", "end": 84, "root": "OÜ", "_index_": 9, "partofspeech": "Y", "start": 82, "lemma": "OÜ"}], [{"root_tokens": ["Sound"], "form": "sg n", "clitic": "", "ending": "0", "end": 90, "root": "Sound", "_index_": 10, "partofspeech": "H", "start": 85, "lemma": "Sound"}], [{"root_tokens": ["Group"], "form": "sg n", "clitic": "", "ending": "0", "end": 96, "root": "Group", "_index_": 11, "partofspeech": "H", "start": 91, "lemma": "Group"}], [{"root_tokens": ["saa"], "form": "s", "clitic": "", "ending": "i", "end": 100, "root": "saa", "_index_": 12, "partofspeech": "V", "start": 97, "lemma": "saama"}], [{"root_tokens": ["valmis"], "form": "", "clitic": "", "ending": "0", "end": 107, "root": "valmis", "_index_": 13, "partofspeech": "D", "start": 101, "lemma": "valmis"}], [{"root_tokens": ["koduka"], "form": "sg g", "clitic": "", "ending": "0", "end": 114, "root": "koduka", "_index_": 14, "partofspeech": "S", "start": 108, "lemma": "koduka"}, {"root_tokens": ["kodukas"], "form": "sg g", "clitic": "", "ending": "0", "end": 114, "root": "kodukas", "_index_": 14, "partofspeech": "S", "start": 108, "lemma": "kodukas"}], [{"root_tokens": [","], "form": "", "clitic": "", "ending": "", "end": 116, "root": ",", "_index_": 15, "partofspeech": "Z", "start": 115, "lemma": ","}], [{"root_tokens": ["ehk"], "form": "", "clitic": "", "ending": "0", "end": 121, "root": "ehk", "_index_": 16, "partofspeech": "D", "start": 118, "lemma": "ehk"}], [{"root_tokens": ["siis"], "form": "", "clitic": "", "ending": "0", "end": 126, "root": "siis", "_index_": 17, "partofspeech": "D", "start": 122, "lemma": "siis"}], [{"root_tokens": [","], "form": "", "clitic": "", "ending": "", "end": 128, "root": ",", "_index_": 18, "partofspeech": "Z", "start": 127, "lemma": ","}], [{"root_tokens": ["kes"], "form": "pl ad", "clitic": "", "ending": "l", "end": 135, "root": "kes", "_index_": 19, "partofspeech": "P", "start": 129, "lemma": "kes"}, {"root_tokens": ["kes"], "form": "sg ad", "clitic": "", "ending": "l", "end": 135, "root": "kes", "_index_": 19, "partofspeech": "P", "start": 129, "lemma": "kes"}], [{"root_tokens": ["soovi"], "form": "o", "clitic": "", "ending": "0", "end": 141, "root": "soovi", "_index_": 20, "partofspeech": "V", "start": 136, "lemma": "soovima"}], [{"root_tokens": ["üritus"], "form": "pl p", "clitic": "", "ending": "i", "end": 149, "root": "üritus", "_index_": 21, "partofspeech": "S", "start": 142, "lemma": "üritus"}], [{"root_tokens": ["korralda"], "form": "da", "clitic": "", "ending": "da", "end": 160, "root": "korralda", "_index_": 22, "partofspeech": "V", "start": 150, "lemma": "korraldama"}], [{"root_tokens": ["või"], "form": "", "clitic": "", "ending": "0", "end": 164, "root": "või", "_index_": 23, "partofspeech": "J", "start": 161, "lemma": "või"}], [{"root_tokens": ["tead"], "form": "b", "clitic": "", "ending": "b", "end": 169, "root": "tead", "_index_": 24, "partofspeech": "V", "start": 165, "lemma": "teadma"}], [{"root_tokens": ["keegi"], "form": "sg p", "clitic": "", "ending": "dagi", "end": 176, "root": "keegi", "_index_": 25, "partofspeech": "P", "start": 170, "lemma": "keegi"}], [{"root_tokens": [","], "form": "", "clitic": "", "ending": "", "end": 178, "root": ",", "_index_": 26, "partofspeech": "Z", "start": 177, "lemma": ","}], [{"root_tokens": ["kes"], "form": "pl ad", "clitic": "", "ending": "l", "end": 185, "root": "kes", "_index_": 27, "partofspeech": "P", "start": 179, "lemma": "kes"}, {"root_tokens": ["kes"], "form": "sg ad", "clitic": "", "ending": "l", "end": 185, "root": "kes", "_index_": 27, "partofspeech": "P", "start": 179, "lemma": "kes"}], [{"root_tokens": ["soov"], "form": "sg p", "clitic": "", "ending": "0", "end": 191, "root": "soov", "_index_": 28, "partofspeech": "S", "start": 186, "lemma": "soov"}], [{"root_tokens": [".."], "form": "", "clitic": "", "ending": "", "end": 194, "root": "..", "_index_": 29, "partofspeech": "Z", "start": 192, "lemma": ".."}], [{"root_tokens": ["siit"], "form": "", "clitic": "", "ending": "0", "end": 199, "root": "siit", "_index_": 30, "partofspeech": "D", "start": 195, "lemma": "siit"}], [{"root_tokens": ["saa"], "form": "b", "clitic": "", "ending": "b", "end": 204, "root": "saa", "_index_": 31, "partofspeech": "V", "start": 200, "lemma": "saama"}], [{"root_tokens": ["hea"], "form": "pl p", "clitic": "", "ending": "id", "end": 209, "root": "hea", "_index_": 32, "partofspeech": "A", "start": 205, "lemma": "hea"}], [{"root_tokens": ["pakkumine"], "form": "pl p", "clitic": "", "ending": "i", "end": 219, "root": "pakkumine", "_index_": 33, "partofspeech": "S", "start": 210, "lemma": "pakkumine"}], [{"root_tokens": ["efekt"], "form": "sg n", "clitic": "", "ending": "0", "end": 226, "root": "efekt", "_index_": 34, "partofspeech": "S", "start": 221, "lemma": "efekt"}], [{"root_tokens": ["ja"], "form": "", "clitic": "", "ending": "0", "end": 229, "root": "ja", "_index_": 35, "partofspeech": "J", "start": 227, "lemma": "ja"}], [{"root_tokens": ["liikuv", "pea"], "form": "sg n", "clitic": "", "ending": "0", "end": 239, "root": "liikuv_pea", "_index_": 36, "partofspeech": "S", "start": 230, "lemma": "liikuvpea"}], [{"root_tokens": [","], "form": "", "clitic": "", "ending": "", "end": 241, "root": ",", "_index_": 37, "partofspeech": "Z", "start": 240, "lemma": ","}], [{"root_tokens": ["siis"], "form": "", "clitic": "", "ending": "0", "end": 246, "root": "siis", "_index_": 38, "partofspeech": "J", "start": 242, "lemma": "siis"}], [{"root_tokens": ["ole"], "form": "b", "clitic": "", "ending": "0", "end": 249, "root": "ole", "_index_": 39, "partofspeech": "V", "start": 247, "lemma": "olema"}, {"root_tokens": ["ole"], "form": "vad", "clitic": "", "ending": "0", "end": 249, "root": "ole", "_index_": 39, "partofspeech": "V", "start": 247, "lemma": "olema"}], [{"root_tokens": ["korrektsus"], "form": "sg n", "clitic": "", "ending": "0", "end": 260, "root": "korrektsus", "_index_": 40, "partofspeech": "S", "start": 250, "lemma": "korrektsus"}], [{"root_tokens": ["maja"], "form": "sg in", "clitic": "", "ending": "s", "end": 266, "root": "maja", "_index_": 41, "partofspeech": "S", "start": 261, "lemma": "maja"}], [{"root_tokens": ["."], "form": "", "clitic": "", "ending": "", "end": 268, "root": ".", "_index_": 42, "partofspeech": "Z", "start": 267, "lemma": "."}], [{"root_tokens": ["valgus"], "form": "sg n", "clitic": "", "ending": "0", "end": 276, "root": "valgus", "_index_": 43, "partofspeech": "S", "start": 269, "lemma": "valgus"}], [{"root_tokens": ["ja"], "form": "", "clitic": "", "ending": "0", "end": 279, "root": "ja", "_index_": 44, "partofspeech": "J", "start": 277, "lemma": "ja"}], [{"root_tokens": ["heli", "park"], "form": "sg n", "clitic": "", "ending": "0", "end": 288, "root": "heli_park", "_index_": 45, "partofspeech": "S", "start": 280, "lemma": "helipark"}], [{"root_tokens": ["tema"], "form": "pl ad", "clitic": "", "ending": "l", "end": 293, "root": "tema", "_index_": 46, "partofspeech": "P", "start": 289, "lemma": "tema"}], [{"root_tokens": ["ise"], "form": "sg ad", "clitic": "", "ending": "l", "end": 299, "root": "ise", "_index_": 47, "partofspeech": "P", "start": 294, "lemma": "ise"}], [{"root_tokens": ["või"], "form": "", "clitic": "", "ending": "0", "end": 303, "root": "või", "_index_": 48, "partofspeech": "J", "start": 300, "lemma": "või"}], [{"root_tokens": ["võt"], "form": "vad", "clitic": "", "ending": "vad", "end": 311, "root": "võt", "_index_": 49, "partofspeech": "V", "start": 304, "lemma": "võtma"}], [{"root_tokens": ["et"], "form": "", "clitic": "", "ending": "0", "end": 314, "root": "et", "_index_": 50, "partofspeech": "J", "start": 312, "lemma": "et"}], [{"root_tokens": ["jms"], "form": "?", "clitic": "", "ending": "0", "end": 318, "root": "jms", "_index_": 51, "partofspeech": "Y", "start": 315, "lemma": "jms"}], [{"root_tokens": ["vana"], "form": "pl p", "clitic": "", "ending": "u", "end": 323, "root": "vana", "_index_": 52, "partofspeech": "A", "start": 319, "lemma": "vana"}], [{"root_tokens": ["asi"], "form": "pl p", "clitic": "", "ending": "u", "end": 328, "root": "asi", "_index_": 53, "partofspeech": "S", "start": 324, "lemma": "asi"}], [{"root_tokens": ["nagu"], "form": "", "clitic": "", "ending": "0", "end": 333, "root": "nagu", "_index_": 54, "partofspeech": "D", "start": 329, "lemma": "nagu"}, {"root_tokens": ["nagu"], "form": "", "clitic": "", "ending": "0", "end": 333, "root": "nagu", "_index_": 54, "partofspeech": "J", "start": 329, "lemma": "nagu"}], [{"root_tokens": ["enamik"], "form": "sg n", "clitic": "", "ending": "0", "end": 340, "root": "enamik", "_index_": 55, "partofspeech": "S", "start": 334, "lemma": "enamik"}], [{"root_tokens": ["uus"], "form": "pl p", "clitic": "", "ending": "i", "end": 345, "root": "uus", "_index_": 56, "partofspeech": "A", "start": 341, "lemma": "uus"}], [{"root_tokens": ["selline"], "form": "pl p", "clitic": "", "ending": "id", "end": 355, "root": "selline", "_index_": 57, "partofspeech": "P", "start": 346, "lemma": "selline"}], [{"root_tokens": ["firma"], "form": "pl p", "clitic": "", "ending": "sid", "end": 364, "root": "firma", "_index_": 58, "partofspeech": "S", "start": 356, "lemma": "firma"}], [{"root_tokens": ["?"], "form": "", "clitic": "", "ending": "", "end": 366, "root": "?", "_index_": 59, "partofspeech": "Z", "start": 365, "lemma": "?"}], [{"root_tokens": ["ilus"], "form": "sg n", "clitic": "", "ending": "0", "end": 372, "root": "ilus", "_index_": 60, "partofspeech": "A", "start": 368, "lemma": "ilus"}], [{"root_tokens": [","], "form": "", "clitic": "", "ending": "", "end": 374, "root": ",", "_index_": 61, "partofspeech": "Z", "start": 373, "lemma": ","}], [{"root_tokens": ["kujundus"], "form": "sg n", "clitic": "", "ending": "0", "end": 383, "root": "kujundus", "_index_": 62, "partofspeech": "S", "start": 375, "lemma": "kujundus"}], [{"root_tokens": ["mina"], "form": "sg all", "clitic": "", "ending": "lle", "end": 389, "root": "mina", "_index_": 63, "partofspeech": "P", "start": 384, "lemma": "mina"}], [{"root_tokens": ["meeldi"], "form": "b", "clitic": "", "ending": "b", "end": 397, "root": "meeldi", "_index_": 64, "partofspeech": "V", "start": 390, "lemma": "meeldima"}], [{"root_tokens": ["väga"], "form": "", "clitic": "", "ending": "0", "end": 402, "root": "väga", "_index_": 65, "partofspeech": "D", "start": 398, "lemma": "väga"}], [{"root_tokens": ["."], "form": "", "clitic": "", "ending": "", "end": 404, "root": ".", "_index_": 66, "partofspeech": "Z", "start": 403, "lemma": "."}], [{"root_tokens": ["5"], "form": "?", "clitic": "", "ending": "0", "end": 406, "root": "5", "_index_": 67, "partofspeech": "N", "start": 405, "lemma": "5"}], [{"root_tokens": ["+"], "form": "", "clitic": "", "ending": "", "end": 407, "root": "+", "_index_": 68, "partofspeech": "Z", "start": 406, "lemma": "+"}], [{"root_tokens": ["kui"], "form": "", "clitic": "", "ending": "0", "end": 412, "root": "kui", "_index_": 69, "partofspeech": "D", "start": 409, "lemma": "kui"}, {"root_tokens": ["kui"], "form": "", "clitic": "", "ending": "0", "end": 412, "root": "kui", "_index_": 69, "partofspeech": "J", "start": 409, "lemma": "kui"}], [{"root_tokens": ["siis"], "form": "", "clitic": "", "ending": "0", "end": 417, "root": "siis", "_index_": 70, "partofspeech": "D", "start": 413, "lemma": "siis"}], [{"root_tokens": ["vaid"], "form": "", "clitic": "", "ending": "0", "end": 422, "root": "vaid", "_index_": 71, "partofspeech": "D", "start": 418, "lemma": "vaid"}], [{"root_tokens": ["või"], "form": "ks", "clitic": "", "ending": "ks", "end": 428, "root": "või", "_index_": 72, "partofspeech": "V", "start": 423, "lemma": "võima"}], [{"root_tokens": ["ole"], "form": "da", "clitic": "", "ending": "a", "end": 433, "root": "ole", "_index_": 73, "partofspeech": "V", "start": 429, "lemma": "olema"}], [{"root_tokens": ["see"], "form": "sg n", "clitic": "", "ending": "0", "end": 437, "root": "see", "_index_": 74, "partofspeech": "P", "start": 434, "lemma": "see"}], [{"root_tokens": [","], "form": "", "clitic": "", "ending": "", "end": 439, "root": ",", "_index_": 75, "partofspeech": "Z", "start": 438, "lemma": ","}], [{"root_tokens": ["et"], "form": "", "clitic": "", "ending": "0", "end": 442, "root": "et", "_index_": 76, "partofspeech": "J", "start": 440, "lemma": "et"}], [{"root_tokens": ["kui"], "form": "", "clitic": "", "ending": "0", "end": 446, "root": "kui", "_index_": 77, "partofspeech": "D", "start": 443, "lemma": "kui"}, {"root_tokens": ["kui"], "form": "", "clitic": "", "ending": "0", "end": 446, "root": "kui", "_index_": 77, "partofspeech": "J", "start": 443, "lemma": "kui"}], [{"root_tokens": ["esi", "leht"], "form": "sg abl", "clitic": "", "ending": "lt", "end": 456, "root": "esi_leht", "_index_": 78, "partofspeech": "S", "start": 447, "lemma": "esileht"}], [{"root_tokens": ["mine"], "form": "da", "clitic": "", "ending": "a", "end": 462, "root": "mine", "_index_": 79, "partofspeech": "V", "start": 457, "lemma": "minema"}], [{"root_tokens": ["näide"], "form": "sg tr", "clitic": "", "ending": "ks", "end": 470, "root": "näide", "_index_": 80, "partofspeech": "S", "start": 463, "lemma": "näide"}], [{"root_tokens": ["port", "foolio"], "form": "sg g", "clitic": "", "ending": "0", "end": 481, "root": "port_foolio", "_index_": 81, "partofspeech": "S", "start": 471, "lemma": "portfoolio"}], [{"root_tokens": ["peale"], "form": "", "clitic": "", "ending": "0", "end": 487, "root": "peale", "_index_": 82, "partofspeech": "K", "start": 482, "lemma": "peale"}], [{"root_tokens": [","], "form": "", "clitic": "", "ending": "", "end": 489, "root": ",", "_index_": 83, "partofspeech": "Z", "start": 488, "lemma": ","}], [{"root_tokens": ["siis"], "form": "", "clitic": "", "ending": "0", "end": 494, "root": "siis", "_index_": 84, "partofspeech": "J", "start": 490, "lemma": "siis"}], [{"root_tokens": ["lehe", "külg"], "form": "sg n", "clitic": "", "ending": "0", "end": 503, "root": "lehe_külg", "_index_": 85, "partofspeech": "S", "start": 495, "lemma": "lehekülg"}], [{"root_tokens": ["pisut"], "form": "", "clitic": "", "ending": "0", "end": 509, "root": "pisut", "_index_": 86, "partofspeech": "D", "start": 504, "lemma": "pisut"}], [{"root_tokens": ["võpata"], "form": "b", "clitic": "", "ending": "b", "end": 517, "root": "võpata", "_index_": 87, "partofspeech": "V", "start": 510, "lemma": "võpatama"}], [{"root_tokens": ["."], "form": "", "clitic": "", "ending": "", "end": 519, "root": ".", "_index_": 88, "partofspeech": "Z", "start": 518, "lemma": "."}], [{"root_tokens": ["see"], "form": "sg p", "clitic": "", "ending": "da", "end": 524, "root": "see", "_index_": 89, "partofspeech": "P", "start": 520, "lemma": "see"}], [{"root_tokens": ["muidugi"], "form": "", "clitic": "", "ending": "0", "end": 532, "root": "muidugi", "_index_": 90, "partofspeech": "D", "start": 525, "lemma": "muidugi"}], [{"root_tokens": ["teksti", "rida"], "form": "sg g", "clitic": "", "ending": "0", "end": 542, "root": "teksti_rida", "_index_": 91, "partofspeech": "S", "start": 533, "lemma": "tekstirida"}], [{"root_tokens": ["muutuv"], "form": "sg g", "clitic": "", "ending": "0", "end": 550, "root": "muutuv", "_index_": 92, "partofspeech": "A", "start": 543, "lemma": "muutuv"}], [{"root_tokens": ["pikkus"], "form": "sg g", "clitic": "", "ending": "0", "end": 558, "root": "pikkus", "_index_": 93, "partofspeech": "S", "start": 551, "lemma": "pikkus"}], [{"root_tokens": ["tõttu"], "form": "", "clitic": "", "ending": "0", "end": 564, "root": "tõttu", "_index_": 94, "partofspeech": "K", "start": 559, "lemma": "tõttu"}], [{"root_tokens": [","], "form": "", "clitic": "", "ending": "", "end": 566, "root": ",", "_index_": 95, "partofspeech": "Z", "start": 565, "lemma": ","}], [{"root_tokens": ["aga"], "form": "", "clitic": "", "ending": "0", "end": 570, "root": "aga", "_index_": 96, "partofspeech": "J", "start": 567, "lemma": "aga"}], [{"root_tokens": ["ole"], "form": "neg o", "clitic": "", "ending": "0", "end": 575, "root": "ole", "_index_": 97, "partofspeech": "V", "start": 571, "lemma": "olema"}], [{"root_tokens": ["see"], "form": "sg n", "clitic": "gi", "ending": "0", "end": 581, "root": "see", "_index_": 98, "partofspeech": "P", "start": 576, "lemma": "see"}], [{"root_tokens": ["nõnda"], "form": "", "clitic": "", "ending": "0", "end": 587, "root": "nõnda", "_index_": 99, "partofspeech": "D", "start": 582, "lemma": "nõnda"}], [{"root_tokens": ["häiriv"], "form": "sg n", "clitic": "", "ending": "0", "end": 594, "root": "häiriv", "_index_": 100, "partofspeech": "A", "start": 588, "lemma": "häiriv"}], [{"root_tokens": ["."], "form": "", "clitic": "", "ending": "", "end": 596, "root": ".", "_index_": 101, "partofspeech": "Z", "start": 595, "lemma": "."}], [{"root_tokens": ["mina"], "form": "sg g", "clitic": "", "ending": "0", "end": 602, "root": "mina", "_index_": 102, "partofspeech": "P", "start": 598, "lemma": "mina"}], [{"root_tokens": ["tead"], "form": "da", "clitic": "", "ending": "a", "end": 608, "root": "tead", "_index_": 103, "partofspeech": "V", "start": 603, "lemma": "teadma"}], [{"root_tokens": ["kõik"], "form": "pl n", "clitic": "", "ending": "0", "end": 613, "root": "kõik", "_index_": 104, "partofspeech": "P", "start": 609, "lemma": "kõik"}, {"root_tokens": ["kõik"], "form": "sg n", "clitic": "", "ending": "0", "end": 613, "root": "kõik", "_index_": 104, "partofspeech": "P", "start": 609, "lemma": "kõik"}], [{"root_tokens": ["oma"], "form": "sg g", "clitic": "", "ending": "0", "end": 617, "root": "oma", "_index_": 105, "partofspeech": "P", "start": 614, "lemma": "oma"}], [{"root_tokens": ["kola"], "form": "sg g", "clitic": "", "ending": "0", "end": 622, "root": "kola", "_index_": 106, "partofspeech": "S", "start": 618, "lemma": "kola"}], [{"root_tokens": ["ja"], "form": "", "clitic": "", "ending": "0", "end": 625, "root": "ja", "_index_": 107, "partofspeech": "J", "start": 623, "lemma": "ja"}], [{"root_tokens": ["mina"], "form": "sg g", "clitic": "", "ending": "0", "end": 630, "root": "mina", "_index_": 108, "partofspeech": "P", "start": 626, "lemma": "mina"}], [{"root_tokens": ["mälu"], "form": "sg g", "clitic": "", "ending": "0", "end": 635, "root": "mälu", "_index_": 109, "partofspeech": "S", "start": 631, "lemma": "mälu"}], [{"root_tokens": ["järgi"], "form": "", "clitic": "", "ending": "0", "end": 641, "root": "järgi", "_index_": 110, "partofspeech": "K", "start": 636, "lemma": "järgi"}], [{"root_tokens": ["käi"], "form": "b", "clitic": "", "ending": "b", "end": 646, "root": "käi", "_index_": 111, "partofspeech": "V", "start": 642, "lemma": "käima"}], [{"root_tokens": ["lausa"], "form": "", "clitic": "", "ending": "0", "end": 652, "root": "lausa", "_index_": 112, "partofspeech": "D", "start": 647, "lemma": "lausa"}], [{"root_tokens": ["vana"], "form": "sg g", "clitic": "", "ending": "0", "end": 657, "root": "vana", "_index_": 113, "partofspeech": "A", "start": 653, "lemma": "vana"}], [{"root_tokens": ["kola"], "form": "sg g", "clitic": "", "ending": "0", "end": 662, "root": "kola", "_index_": 114, "partofspeech": "S", "start": 658, "lemma": "kola"}], [{"root_tokens": ["vaikne"], "form": "sg n", "clitic": "", "ending": "0", "end": 669, "root": "vaikne", "_index_": 115, "partofspeech": "A", "start": 663, "lemma": "vaikne"}], [{"root_tokens": ["välja", "vahetamine"], "form": "sg n", "clitic": "", "ending": "0", "end": 685, "root": "välja_vahetamine", "_index_": 116, "partofspeech": "S", "start": 670, "lemma": "väljavahetamine"}], [{"root_tokens": ["."], "form": "", "clitic": "", "ending": "", "end": 687, "root": ".", "_index_": 117, "partofspeech": "Z", "start": 686, "lemma": "."}], [{"root_tokens": ["päris"], "form": "", "clitic": "", "ending": "0", "end": 693, "root": "päris", "_index_": 118, "partofspeech": "A", "start": 688, "lemma": "päris"}], [{"root_tokens": ["kurat"], "form": "sg g", "clitic": "", "ending": "0", "end": 700, "root": "kurat", "_index_": 119, "partofspeech": "S", "start": 694, "lemma": "kurat"}], [{"root_tokens": ["vinksvonks"], "form": "sg n", "clitic": "", "ending": "0", "end": 711, "root": "vinksvonks", "_index_": 120, "partofspeech": "S", "start": 701, "lemma": "vinksvonks"}], [{"root_tokens": ["värk"], "form": "sg n", "clitic": "", "ending": "0", "end": 716, "root": "värk", "_index_": 121, "partofspeech": "S", "start": 712, "lemma": "värk"}], [{"root_tokens": ["!"], "form": "", "clitic": "", "ending": "", "end": 718, "root": "!", "_index_": 122, "partofspeech": "Z", "start": 717, "lemma": "!"}], [{"root_tokens": ["ise"], "form": "pl n", "clitic": "", "ending": "0", "end": 722, "root": "ise", "_index_": 123, "partofspeech": "P", "start": 719, "lemma": "ise"}, {"root_tokens": ["ise"], "form": "sg n", "clitic": "", "ending": "0", "end": 722, "root": "ise", "_index_": 123, "partofspeech": "P", "start": 719, "lemma": "ise"}], [{"root_tokens": ["ole"], "form": "n", "clitic": "", "ending": "n", "end": 727, "root": "ole", "_index_": 124, "partofspeech": "V", "start": 723, "lemma": "olema"}], [{"root_tokens": ["küll"], "form": "", "clitic": "", "ending": "0", "end": 732, "root": "küll", "_index_": 125, "partofspeech": "D", "start": 728, "lemma": "küll"}], [{"root_tokens": ["siia"], "form": "", "clitic": "", "ending": "0", "end": 737, "root": "siia", "_index_": 126, "partofspeech": "D", "start": 733, "lemma": "siia"}], [{"root_tokens": ["maa"], "form": "sg ter", "clitic": "", "ending": "ni", "end": 743, "root": "maa", "_index_": 127, "partofspeech": "S", "start": 738, "lemma": "maa"}], [{"root_tokens": ["ainult"], "form": "", "clitic": "", "ending": "0", "end": 750, "root": "ainult", "_index_": 128, "partofspeech": "D", "start": 744, "lemma": "ainult"}], [{"root_tokens": ["rahul"], "form": "", "clitic": "", "ending": "0", "end": 756, "root": "rahul", "_index_": 129, "partofspeech": "D", "start": 751, "lemma": "rahul"}], [{"root_tokens": ["olnud"], "form": "", "clitic": "", "ending": "0", "end": 762, "root": "ol=nud", "_index_": 130, "partofspeech": "A", "start": 757, "lemma": "olnud"}, {"root_tokens": ["olnud"], "form": "sg n", "clitic": "", "ending": "0", "end": 762, "root": "ol=nud", "_index_": 130, "partofspeech": "A", "start": 757, "lemma": "olnud"}, {"root_tokens": ["olnud"], "form": "pl n", "clitic": "", "ending": "d", "end": 762, "root": "ol=nud", "_index_": 130, "partofspeech": "A", "start": 757, "lemma": "olnud"}, {"root_tokens": ["ole"], "form": "nud", "clitic": "", "ending": "nud", "end": 762, "root": "ole", "_index_": 130, "partofspeech": "V", "start": 757, "lemma": "olema"}], [{"root_tokens": ["see"], "form": "sg g", "clitic": "", "ending": "0", "end": 768, "root": "see", "_index_": 131, "partofspeech": "P", "start": 763, "lemma": "see"}], [{"root_tokens": ["süsteem"], "form": "sg kom", "clitic": "", "ending": "ga", "end": 779, "root": "süsteem", "_index_": 132, "partofspeech": "S", "start": 769, "lemma": "süsteem"}], [{"root_tokens": ["."], "form": "", "clitic": "", "ending": "", "end": 781, "root": ".", "_index_": 133, "partofspeech": "Z", "start": 780, "lemma": "."}]]}, {"enveloping": null, "attributes": ["lemma", "root", "root_tokens", "ending", "clitic", "form", "partofspeech"], "name": "gt_morph_analysis", "parent": "morph_analysis", "_base": "words", "ambiguous": true, "spans": [[{"root_tokens": ["www.soundgroup.ee"], "form": "?", "clitic": "", "ending": "0", "end": 17, "root": "www.soundgroup.ee", "_index_": 0, "partofspeech": "H", "start": 0, "lemma": "www.soundgroup.ee"}], [{"root_tokens": ["rohkem"], "form": "", "clitic": "", "ending": "0", "end": 25, "root": "rohkem", "_index_": 1, "partofspeech": "D", "start": 19, "lemma": "rohkem"}], [{"root_tokens": ["reklaam"], "form": "Sg Nom", "clitic": "", "ending": "0", "end": 33, "root": "reklaam", "_index_": 2, "partofspeech": "S", "start": 26, "lemma": "reklaam"}], [{"root_tokens": ["kui"], "form": "", "clitic": "", "ending": "0", "end": 37, "root": "kui", "_index_": 3, "partofspeech": "D", "start": 34, "lemma": "kui"}, {"root_tokens": ["kui"], "form": "", "clitic": "", "ending": "0", "end": 37, "root": "kui", "_index_": 3, "partofspeech": "J", "start": 34, "lemma": "kui"}], [{"root_tokens": ["showoff"], "form": "Sg Nom", "clitic": "", "ending": "0", "end": 45, "root": "showoff", "_index_": 4, "partofspeech": "S", "start": 38, "lemma": "showoff"}], [{"root_tokens": ["."], "form": "", "clitic": "", "ending": "", "end": 47, "root": ".", "_index_": 5, "partofspeech": "Z", "start": 46, "lemma": "."}], [{"root_tokens": ["heli"], "form": "Sg Nom", "clitic": "", "ending": "0", "end": 54, "root": "heli", "_index_": 6, "partofspeech": "S", "start": 49, "lemma": "heli"}], [{"root_tokens": ["ja"], "form": "", "clitic": "", "ending": "0", "end": 57, "root": "ja", "_index_": 7, "partofspeech": "J", "start": 55, "lemma": "ja"}], [{"root_tokens": ["valgustehnikarendi", "firma"], "form": "Sg Nom", "clitic": "", "ending": "0", "end": 81, "root": "valgustehnikarendi_firma", "_index_": 8, "partofspeech": "S", "start": 58, "lemma": "valgustehnikarendifirma"}], [{"root_tokens": ["OÜ"], "form": "?", "clitic": "", "ending": "0", "end": 84, "root": "OÜ", "_index_": 9, "partofspeech": "Y", "start": 82, "lemma": "OÜ"}], [{"root_tokens": ["Sound"], "form": "Sg Nom", "clitic": "", "ending": "0", "end": 90, "root": "Sound", "_index_": 10, "partofspeech": "H", "start": 85, "lemma": "Sound"}], [{"root_tokens": ["Group"], "form": "Sg Nom", "clitic": "", "ending": "0", "end": 96, "root": "Group", "_index_": 11, "partofspeech": "H", "start": 91, "lemma": "Group"}], [{"root_tokens": ["saa"], "form": "Pers Prt Ind Sg 3 Aff", "clitic": "", "ending": "i", "end": 100, "root": "saa", "_index_": 12, "partofspeech": "V", "start": 97, "lemma": "saama"}], [{"root_tokens": ["valmis"], "form": "", "clitic": "", "ending": "0", "end": 107, "root": "valmis", "_index_": 13, "partofspeech": "D", "start": 101, "lemma": "valmis"}], [{"root_tokens": ["koduka"], "form": "Sg Gen", "clitic": "", "ending": "0", "end": 114, "root": "koduka", "_index_": 14, "partofspeech": "S", "start": 108, "lemma": "koduka"}, {"root_tokens": ["kodukas"], "form": "Sg Gen", "clitic": "", "ending": "0", "end": 114, "root": "kodukas", "_index_": 14, "partofspeech": "S", "start": 108, "lemma": "kodukas"}], [{"root_tokens": [","], "form": "", "clitic": "", "ending": "", "end": 116, "root": ",", "_index_": 15, "partofspeech": "Z", "start": 115, "lemma": ","}], [{"root_tokens": ["ehk"], "form": "", "clitic": "", "ending": "0", "end": 121, "root": "ehk", "_index_": 16, "partofspeech": "D", "start": 118, "lemma": "ehk"}], [{"root_tokens": ["siis"], "form": "", "clitic": "", "ending": "0", "end": 126, "root": "siis", "_index_": 17, "partofspeech": "D", "start": 122, "lemma": "siis"}], [{"root_tokens": [","], "form": "", "clitic": "", "ending": "", "end": 128, "root": ",", "_index_": 18, "partofspeech": "Z", "start": 127, "lemma": ","}], [{"root_tokens": ["kes"], "form": "Pl Ade", "clitic": "", "ending": "l", "end": 135, "root": "kes", "_index_": 19, "partofspeech": "P", "start": 129, "lemma": "kes"}, {"root_tokens": ["kes"], "form": "Sg Ade", "clitic": "", "ending": "l", "end": 135, "root": "kes", "_index_": 19, "partofspeech": "P", "start": 129, "lemma": "kes"}], [{"root_tokens": ["soovi"], "form": "Pers Prs Imprt Sg 2", "clitic": "", "ending": "0", "end": 141, "root": "soovi", "_index_": 20, "partofspeech": "V", "start": 136, "lemma": "soovima"}], [{"root_tokens": ["üritus"], "form": "Pl Par", "clitic": "", "ending": "i", "end": 149, "root": "üritus", "_index_": 21, "partofspeech": "S", "start": 142, "lemma": "üritus"}], [{"root_tokens": ["korralda"], "form": "Inf", "clitic": "", "ending": "da", "end": 160, "root": "korralda", "_index_": 22, "partofspeech": "V", "start": 150, "lemma": "korraldama"}], [{"root_tokens": ["või"], "form": "", "clitic": "", "ending": "0", "end": 164, "root": "või", "_index_": 23, "partofspeech": "J", "start": 161, "lemma": "või"}], [{"root_tokens": ["tead"], "form": "Pers Prs Ind Sg 3 Aff", "clitic": "", "ending": "b", "end": 169, "root": "tead", "_index_": 24, "partofspeech": "V", "start": 165, "lemma": "teadma"}], [{"root_tokens": ["keegi"], "form": "Sg Par", "clitic": "", "ending": "dagi", "end": 176, "root": "keegi", "_index_": 25, "partofspeech": "P", "start": 170, "lemma": "keegi"}], [{"root_tokens": [","], "form": "", "clitic": "", "ending": "", "end": 178, "root": ",", "_index_": 26, "partofspeech": "Z", "start": 177, "lemma": ","}], [{"root_tokens": ["kes"], "form": "Pl Ade", "clitic": "", "ending": "l", "end": 185, "root": "kes", "_index_": 27, "partofspeech": "P", "start": 179, "lemma": "kes"}, {"root_tokens": ["kes"], "form": "Sg Ade", "clitic": "", "ending": "l", "end": 185, "root": "kes", "_index_": 27, "partofspeech": "P", "start": 179, "lemma": "kes"}], [{"root_tokens": ["soov"], "form": "Sg Par", "clitic": "", "ending": "0", "end": 191, "root": "soov", "_index_": 28, "partofspeech": "S", "start": 186, "lemma": "soov"}], [{"root_tokens": [".."], "form": "", "clitic": "", "ending": "", "end": 194, "root": "..", "_index_": 29, "partofspeech": "Z", "start": 192, "lemma": ".."}], [{"root_tokens": ["siit"], "form": "", "clitic": "", "ending": "0", "end": 199, "root": "siit", "_index_": 30, "partofspeech": "D", "start": 195, "lemma": "siit"}], [{"root_tokens": ["saa"], "form": "Pers Prs Ind Sg 3 Aff", "clitic": "", "ending": "b", "end": 204, "root": "saa", "_index_": 31, "partofspeech": "V", "start": 200, "lemma": "saama"}], [{"root_tokens": ["hea"], "form": "Pl Par", "clitic": "", "ending": "id", "end": 209, "root": "hea", "_index_": 32, "partofspeech": "A", "start": 205, "lemma": "hea"}], [{"root_tokens": ["pakkumine"], "form": "Pl Par", "clitic": "", "ending": "i", "end": 219, "root": "pakkumine", "_index_": 33, "partofspeech": "S", "start": 210, "lemma": "pakkumine"}], [{"root_tokens": ["efekt"], "form": "Sg Nom", "clitic": "", "ending": "0", "end": 226, "root": "efekt", "_index_": 34, "partofspeech": "S", "start": 221, "lemma": "efekt"}], [{"root_tokens": ["ja"], "form": "", "clitic": "", "ending": "0", "end": 229, "root": "ja", "_index_": 35, "partofspeech": "J", "start": 227, "lemma": "ja"}], [{"root_tokens": ["liikuv", "pea"], "form": "Sg Nom", "clitic": "", "ending": "0", "end": 239, "root": "liikuv_pea", "_index_": 36, "partofspeech": "S", "start": 230, "lemma": "liikuvpea"}], [{"root_tokens": [","], "form": "", "clitic": "", "ending": "", "end": 241, "root": ",", "_index_": 37, "partofspeech": "Z", "start": 240, "lemma": ","}], [{"root_tokens": ["siis"], "form": "", "clitic": "", "ending": "0", "end": 246, "root": "siis", "_index_": 38, "partofspeech": "J", "start": 242, "lemma": "siis"}], [{"root_tokens": ["ole"], "form": "Pers Prs Ind Sg 3 Aff", "clitic": "", "ending": "0", "end": 249, "root": "ole", "_index_": 39, "partofspeech": "V", "start": 247, "lemma": "olema"}, {"root_tokens": ["ole"], "form": "Pers Prs Ind Pl 3 Aff", "clitic": "", "ending": "0", "end": 249, "root": "ole", "_index_": 39, "partofspeech": "V", "start": 247, "lemma": "olema"}], [{"root_tokens": ["korrektsus"], "form": "Sg Nom", "clitic": "", "ending": "0", "end": 260, "root": "korrektsus", "_index_": 40, "partofspeech": "S", "start": 250, "lemma": "korrektsus"}], [{"root_tokens": ["maja"], "form": "Sg Ine", "clitic": "", "ending": "s", "end": 266, "root": "maja", "_index_": 41, "partofspeech": "S", "start": 261, "lemma": "maja"}], [{"root_tokens": ["."], "form": "", "clitic": "", "ending": "", "end": 268, "root": ".", "_index_": 42, "partofspeech": "Z", "start": 267, "lemma": "."}], [{"root_tokens": ["valgus"], "form": "Sg Nom", "clitic": "", "ending": "0", "end": 276, "root": "valgus", "_index_": 43, "partofspeech": "S", "start": 269, "lemma": "valgus"}], [{"root_tokens": ["ja"], "form": "", "clitic": "", "ending": "0", "end": 279, "root": "ja", "_index_": 44, "partofspeech": "J", "start": 277, "lemma": "ja"}], [{"root_tokens": ["heli", "park"], "form": "Sg Nom", "clitic": "", "ending": "0", "end": 288, "root": "heli_park", "_index_": 45, "partofspeech": "S", "start": 280, "lemma": "helipark"}], [{"root_tokens": ["tema"], "form": "Pl Ade", "clitic": "", "ending": "l", "end": 293, "root": "tema", "_index_": 46, "partofspeech": "P", "start": 289, "lemma": "tema"}], [{"root_tokens": ["ise"], "form": "Sg Ade", "clitic": "", "ending": "l", "end": 299, "root": "ise", "_index_": 47, "partofspeech": "P", "start": 294, "lemma": "ise"}], [{"root_tokens": ["või"], "form": "", "clitic": "", "ending": "0", "end": 303, "root": "või", "_index_": 48, "partofspeech": "J", "start": 300, "lemma": "või"}], [{"root_tokens": ["võt"], "form": "Pers Prs Ind Pl 3 Aff", "clitic": "", "ending": "vad", "end": 311, "root": "võt", "_index_": 49, "partofspeech": "V", "start": 304, "lemma": "võtma"}], [{"root_tokens": ["et"], "form": "", "clitic": "", "ending": "0", "end": 314, "root": "et", "_index_": 50, "partofspeech": "J", "start": 312, "lemma": "et"}], [{"root_tokens": ["jms"], "form": "?", "clitic": "", "ending": "0", "end": 318, "root": "jms", "_index_": 51, "partofspeech": "Y", "start": 315, "lemma": "jms"}], [{"root_tokens": ["vana"], "form": "Pl Par", "clitic": "", "ending": "u", "end": 323, "root": "vana", "_index_": 52, "partofspeech": "A", "start": 319, "lemma": "vana"}], [{"root_tokens": ["asi"], "form": "Pl Par", "clitic": "", "ending": "u", "end": 328, "root": "asi", "_index_": 53, "partofspeech": "S", "start": 324, "lemma": "asi"}], [{"root_tokens": ["nagu"], "form": "", "clitic": "", "ending": "0", "end": 333, "root": "nagu", "_index_": 54, "partofspeech": "D", "start": 329, "lemma": "nagu"}, {"root_tokens": ["nagu"], "form": "", "clitic": "", "ending": "0", "end": 333, "root": "nagu", "_index_": 54, "partofspeech": "J", "start": 329, "lemma": "nagu"}], [{"root_tokens": ["enamik"], "form": "Sg Nom", "clitic": "", "ending": "0", "end": 340, "root": "enamik", "_index_": 55, "partofspeech": "S", "start": 334, "lemma": "enamik"}], [{"root_tokens": ["uus"], "form": "Pl Par", "clitic": "", "ending": "i", "end": 345, "root": "uus", "_index_": 56, "partofspeech": "A", "start": 341, "lemma": "uus"}], [{"root_tokens": ["selline"], "form": "Pl Par", "clitic": "", "ending": "id", "end": 355, "root": "selline", "_index_": 57, "partofspeech": "P", "start": 346, "lemma": "selline"}], [{"root_tokens": ["firma"], "form": "Pl Par", "clitic": "", "ending": "sid", "end": 364, "root": "firma", "_index_": 58, "partofspeech": "S", "start": 356, "lemma": "firma"}], [{"root_tokens": ["?"], "form": "", "clitic": "", "ending": "", "end": 366, "root": "?", "_index_": 59, "partofspeech": "Z", "start": 365, "lemma": "?"}], [{"root_tokens": ["ilus"], "form": "Sg Nom", "clitic": "", "ending": "0", "end": 372, "root": "ilus", "_index_": 60, "partofspeech": "A", "start": 368, "lemma": "ilus"}], [{"root_tokens": [","], "form": "", "clitic": "", "ending": "", "end": 374, "root": ",", "_index_": 61, "partofspeech": "Z", "start": 373, "lemma": ","}], [{"root_tokens": ["kujundus"], "form": "Sg Nom", "clitic": "", "ending": "0", "end": 383, "root": "kujundus", "_index_": 62, "partofspeech": "S", "start": 375, "lemma": "kujundus"}], [{"root_tokens": ["mina"], "form": "Sg All", "clitic": "", "ending": "lle", "end": 389, "root": "mina", "_index_": 63, "partofspeech": "P", "start": 384, "lemma": "mina"}], [{"root_tokens": ["meeldi"], "form": "Pers Prs Ind Sg 3 Aff", "clitic": "", "ending": "b", "end": 397, "root": "meeldi", "_index_": 64, "partofspeech": "V", "start": 390, "lemma": "meeldima"}], [{"root_tokens": ["väga"], "form": "", "clitic": "", "ending": "0", "end": 402, "root": "väga", "_index_": 65, "partofspeech": "D", "start": 398, "lemma": "väga"}], [{"root_tokens": ["."], "form": "", "clitic": "", "ending": "", "end": 404, "root": ".", "_index_": 66, "partofspeech": "Z", "start": 403, "lemma": "."}], [{"root_tokens": ["5"], "form": "?", "clitic": "", "ending": "0", "end": 406, "root": "5", "_index_": 67, "partofspeech": "N", "start": 405, "lemma": "5"}], [{"root_tokens": ["+"], "form": "", "clitic": "", "ending": "", "end": 407, "root": "+", "_index_": 68, "partofspeech": "Z", "start": 406, "lemma": "+"}], [{"root_tokens": ["kui"], "form": "", "clitic": "", "ending": "0", "end": 412, "root": "kui", "_index_": 69, "partofspeech": "D", "start": 409, "lemma": "kui"}, {"root_tokens": ["kui"], "form": "", "clitic": "", "ending": "0", "end": 412, "root": "kui", "_index_": 69, "partofspeech": "J", "start": 409, "lemma": "kui"}], [{"root_tokens": ["siis"], "form": "", "clitic": "", "ending": "0", "end": 417, "root": "siis", "_index_": 70, "partofspeech": "D", "start": 413, "lemma": "siis"}], [{"root_tokens": ["vaid"], "form": "", "clitic": "", "ending": "0", "end": 422, "root": "vaid", "_index_": 71, "partofspeech": "D", "start": 418, "lemma": "vaid"}], [{"root_tokens": ["või"], "form": "Pers Prs Cond", "clitic": "", "ending": "ks", "end": 428, "root": "või", "_index_": 72, "partofspeech": "V", "start": 423, "lemma": "võima"}], [{"root_tokens": ["ole"], "form": "Inf", "clitic": "", "ending": "a", "end": 433, "root": "ole", "_index_": 73, "partofspeech": "V", "start": 429, "lemma": "olema"}], [{"root_tokens": ["see"], "form": "Sg Nom", "clitic": "", "ending": "0", "end": 437, "root": "see", "_index_": 74, "partofspeech": "P", "start": 434, "lemma": "see"}], [{"root_tokens": [","], "form": "", "clitic": "", "ending": "", "end": 439, "root": ",", "_index_": 75, "partofspeech": "Z", "start": 438, "lemma": ","}], [{"root_tokens": ["et"], "form": "", "clitic": "", "ending": "0", "end": 442, "root": "et", "_index_": 76, "partofspeech": "J", "start": 440, "lemma": "et"}], [{"root_tokens": ["kui"], "form": "", "clitic": "", "ending": "0", "end": 446, "root": "kui", "_index_": 77, "partofspeech": "D", "start": 443, "lemma": "kui"}, {"root_tokens": ["kui"], "form": "", "clitic": "", "ending": "0", "end": 446, "root": "kui", "_index_": 77, "partofspeech": "J", "start": 443, "lemma": "kui"}], [{"root_tokens": ["esi", "leht"], "form": "Sg Abl", "clitic": "", "ending": "lt", "end": 456, "root": "esi_leht", "_index_": 78, "partofspeech": "S", "start": 447, "lemma": "esileht"}], [{"root_tokens": ["mine"], "form": "Inf", "clitic": "", "ending": "a", "end": 462, "root": "mine", "_index_": 79, "partofspeech": "V", "start": 457, "lemma": "minema"}], [{"root_tokens": ["näide"], "form": "Sg Tra", "clitic": "", "ending": "ks", "end": 470, "root": "näide", "_index_": 80, "partofspeech": "S", "start": 463, "lemma": "näide"}], [{"root_tokens": ["port", "foolio"], "form": "Sg Gen", "clitic": "", "ending": "0", "end": 481, "root": "port_foolio", "_index_": 81, "partofspeech": "S", "start": 471, "lemma": "portfoolio"}], [{"root_tokens": ["peale"], "form": "", "clitic": "", "ending": "0", "end": 487, "root": "peale", "_index_": 82, "partofspeech": "K", "start": 482, "lemma": "peale"}], [{"root_tokens": [","], "form": "", "clitic": "", "ending": "", "end": 489, "root": ",", "_index_": 83, "partofspeech": "Z", "start": 488, "lemma": ","}], [{"root_tokens": ["siis"], "form": "", "clitic": "", "ending": "0", "end": 494, "root": "siis", "_index_": 84, "partofspeech": "J", "start": 490, "lemma": "siis"}], [{"root_tokens": ["lehe", "külg"], "form": "Sg Nom", "clitic": "", "ending": "0", "end": 503, "root": "lehe_külg", "_index_": 85, "partofspeech": "S", "start": 495, "lemma": "lehekülg"}], [{"root_tokens": ["pisut"], "form": "", "clitic": "", "ending": "0", "end": 509, "root": "pisut", "_index_": 86, "partofspeech": "D", "start": 504, "lemma": "pisut"}], [{"root_tokens": ["võpata"], "form": "Pers Prs Ind Sg 3 Aff", "clitic": "", "ending": "b", "end": 517, "root": "võpata", "_index_": 87, "partofspeech": "V", "start": 510, "lemma": "võpatama"}], [{"root_tokens": ["."], "form": "", "clitic": "", "ending": "", "end": 519, "root": ".", "_index_": 88, "partofspeech": "Z", "start": 518, "lemma": "."}], [{"root_tokens": ["see"], "form": "Sg Par", "clitic": "", "ending": "da", "end": 524, "root": "see", "_index_": 89, "partofspeech": "P", "start": 520, "lemma": "see"}], [{"root_tokens": ["muidugi"], "form": "", "clitic": "", "ending": "0", "end": 532, "root": "muidugi", "_index_": 90, "partofspeech": "D", "start": 525, "lemma": "muidugi"}], [{"root_tokens": ["teksti", "rida"], "form": "Sg Gen", "clitic": "", "ending": "0", "end": 542, "root": "teksti_rida", "_index_": 91, "partofspeech": "S", "start": 533, "lemma": "tekstirida"}], [{"root_tokens": ["muutuv"], "form": "Sg Gen", "clitic": "", "ending": "0", "end": 550, "root": "muutuv", "_index_": 92, "partofspeech": "A", "start": 543, "lemma": "muutuv"}], [{"root_tokens": ["pikkus"], "form": "Sg Gen", "clitic": "", "ending": "0", "end": 558, "root": "pikkus", "_index_": 93, "partofspeech": "S", "start": 551, "lemma": "pikkus"}], [{"root_tokens": ["tõttu"], "form": "", "clitic": "", "ending": "0", "end": 564, "root": "tõttu", "_index_": 94, "partofspeech": "K", "start": 559, "lemma": "tõttu"}], [{"root_tokens": [","], "form": "", "clitic": "", "ending": "", "end": 566, "root": ",", "_index_": 95, "partofspeech": "Z", "start": 565, "lemma": ","}], [{"root_tokens": ["aga"], "form": "", "clitic": "", "ending": "0", "end": 570, "root": "aga", "_index_": 96, "partofspeech": "J", "start": 567, "lemma": "aga"}], [{"root_tokens": ["ole"], "form": "Pers Prs Ind Neg", "clitic": "", "ending": "0", "end": 575, "root": "ole", "_index_": 97, "partofspeech": "V", "start": 571, "lemma": "olema"}], [{"root_tokens": ["see"], "form": "Sg Nom", "clitic": "gi", "ending": "0", "end": 581, "root": "see", "_index_": 98, "partofspeech": "P", "start": 576, "lemma": "see"}], [{"root_tokens": ["nõnda"], "form": "", "clitic": "", "ending": "0", "end": 587, "root": "nõnda", "_index_": 99, "partofspeech": "D", "start": 582, "lemma": "nõnda"}], [{"root_tokens": ["häiriv"], "form": "Sg Nom", "clitic": "", "ending": "0", "end": 594, "root": "häiriv", "_index_": 100, "partofspeech": "A", "start": 588, "lemma": "häiriv"}], [{"root_tokens": ["."], "form": "", "clitic": "", "ending": "", "end": 596, "root": ".", "_index_": 101, "partofspeech": "Z", "start": 595, "lemma": "."}], [{"root_tokens": ["mina"], "form": "Sg Gen", "clitic": "", "ending": "0", "end": 602, "root": "mina", "_index_": 102, "partofspeech": "P", "start": 598, "lemma": "mina"}], [{"root_tokens": ["tead"], "form": "Inf", "clitic": "", "ending": "a", "end": 608, "root": "tead", "_index_": 103, "partofspeech": "V", "start": 603, "lemma": "teadma"}], [{"root_tokens": ["kõik"], "form": "Pl Nom", "clitic": "", "ending": "0", "end": 613, "root": "kõik", "_index_": 104, "partofspeech": "P", "start": 609, "lemma": "kõik"}, {"root_tokens": ["kõik"], "form": "Sg Nom", "clitic": "", "ending": "0", "end": 613, "root": "kõik", "_index_": 104, "partofspeech": "P", "start": 609, "lemma": "kõik"}], [{"root_tokens": ["oma"], "form": "Sg Gen", "clitic": "", "ending": "0", "end": 617, "root": "oma", "_index_": 105, "partofspeech": "P", "start": 614, "lemma": "oma"}], [{"root_tokens": ["kola"], "form": "Sg Gen", "clitic": "", "ending": "0", "end": 622, "root": "kola", "_index_": 106, "partofspeech": "S", "start": 618, "lemma": "kola"}], [{"root_tokens": ["ja"], "form": "", "clitic": "", "ending": "0", "end": 625, "root": "ja", "_index_": 107, "partofspeech": "J", "start": 623, "lemma": "ja"}], [{"root_tokens": ["mina"], "form": "Sg Gen", "clitic": "", "ending": "0", "end": 630, "root": "mina", "_index_": 108, "partofspeech": "P", "start": 626, "lemma": "mina"}], [{"root_tokens": ["mälu"], "form": "Sg Gen", "clitic": "", "ending": "0", "end": 635, "root": "mälu", "_index_": 109, "partofspeech": "S", "start": 631, "lemma": "mälu"}], [{"root_tokens": ["järgi"], "form": "", "clitic": "", "ending": "0", "end": 641, "root": "järgi", "_index_": 110, "partofspeech": "K", "start": 636, "lemma": "järgi"}], [{"root_tokens": ["käi"], "form": "Pers Prs Ind Sg 3 Aff", "clitic": "", "ending": "b", "end": 646, "root": "käi", "_index_": 111, "partofspeech": "V", "start": 642, "lemma": "käima"}], [{"root_tokens": ["lausa"], "form": "", "clitic": "", "ending": "0", "end": 652, "root": "lausa", "_index_": 112, "partofspeech": "D", "start": 647, "lemma": "lausa"}], [{"root_tokens": ["vana"], "form": "Sg Gen", "clitic": "", "ending": "0", "end": 657, "root": "vana", "_index_": 113, "partofspeech": "A", "start": 653, "lemma": "vana"}], [{"root_tokens": ["kola"], "form": "Sg Gen", "clitic": "", "ending": "0", "end": 662, "root": "kola", "_index_": 114, "partofspeech": "S", "start": 658, "lemma": "kola"}], [{"root_tokens": ["vaikne"], "form": "Sg Nom", "clitic": "", "ending": "0", "end": 669, "root": "vaikne", "_index_": 115, "partofspeech": "A", "start": 663, "lemma": "vaikne"}], [{"root_tokens": ["välja", "vahetamine"], "form": "Sg Nom", "clitic": "", "ending": "0", "end": 685, "root": "välja_vahetamine", "_index_": 116, "partofspeech": "S", "start": 670, "lemma": "väljavahetamine"}], [{"root_tokens": ["."], "form": "", "clitic": "", "ending": "", "end": 687, "root": ".", "_index_": 117, "partofspeech": "Z", "start": 686, "lemma": "."}], [{"root_tokens": ["päris"], "form": "", "clitic": "", "ending": "0", "end": 693, "root": "päris", "_index_": 118, "partofspeech": "A", "start": 688, "lemma": "päris"}], [{"root_tokens": ["kurat"], "form": "Sg Gen", "clitic": "", "ending": "0", "end": 700, "root": "kurat", "_index_": 119, "partofspeech": "S", "start": 694, "lemma": "kurat"}], [{"root_tokens": ["vinksvonks"], "form": "Sg Nom", "clitic": "", "ending": "0", "end": 711, "root": "vinksvonks", "_index_": 120, "partofspeech": "S", "start": 701, "lemma": "vinksvonks"}], [{"root_tokens": ["värk"], "form": "Sg Nom", "clitic": "", "ending": "0", "end": 716, "root": "värk", "_index_": 121, "partofspeech": "S", "start": 712, "lemma": "värk"}], [{"root_tokens": ["!"], "form": "", "clitic": "", "ending": "", "end": 718, "root": "!", "_index_": 122, "partofspeech": "Z", "start": 717, "lemma": "!"}], [{"root_tokens": ["ise"], "form": "Pl Nom", "clitic": "", "ending": "0", "end": 722, "root": "ise", "_index_": 123, "partofspeech": "P", "start": 719, "lemma": "ise"}, {"root_tokens": ["ise"], "form": "Sg Nom", "clitic": "", "ending": "0", "end": 722, "root": "ise", "_index_": 123, "partofspeech": "P", "start": 719, "lemma": "ise"}], [{"root_tokens": ["ole"], "form": "Pers Prs Ind Sg 1 Aff", "clitic": "", "ending": "n", "end": 727, "root": "ole", "_index_": 124, "partofspeech": "V", "start": 723, "lemma": "olema"}], [{"root_tokens": ["küll"], "form": "", "clitic": "", "ending": "0", "end": 732, "root": "küll", "_index_": 125, "partofspeech": "D", "start": 728, "lemma": "küll"}], [{"root_tokens": ["siia"], "form": "", "clitic": "", "ending": "0", "end": 737, "root": "siia", "_index_": 126, "partofspeech": "D", "start": 733, "lemma": "siia"}], [{"root_tokens": ["maa"], "form": "Sg Trm", "clitic": "", "ending": "ni", "end": 743, "root": "maa", "_index_": 127, "partofspeech": "S", "start": 738, "lemma": "maa"}], [{"root_tokens": ["ainult"], "form": "", "clitic": "", "ending": "0", "end": 750, "root": "ainult", "_index_": 128, "partofspeech": "D", "start": 744, "lemma": "ainult"}], [{"root_tokens": ["rahul"], "form": "", "clitic": "", "ending": "0", "end": 756, "root": "rahul", "_index_": 129, "partofspeech": "D", "start": 751, "lemma": "rahul"}], [{"root_tokens": ["olnud"], "form": "", "clitic": "", "ending": "0", "end": 762, "root": "ol=nud", "_index_": 130, "partofspeech": "A", "start": 757, "lemma": "olnud"}, {"root_tokens": ["olnud"], "form": "Sg Nom", "clitic": "", "ending": "0", "end": 762, "root": "ol=nud", "_index_": 130, "partofspeech": "A", "start": 757, "lemma": "olnud"}, {"root_tokens": ["olnud"], "form": "Pl Nom", "clitic": "", "ending": "d", "end": 762, "root": "ol=nud", "_index_": 130, "partofspeech": "A", "start": 757, "lemma": "olnud"}, {"root_tokens": ["ole"], "form": "Pers Prt Prc", "clitic": "", "ending": "nud", "end": 762, "root": "ole", "_index_": 130, "partofspeech": "V", "start": 757, "lemma": "olema"}], [{"root_tokens": ["see"], "form": "Sg Gen", "clitic": "", "ending": "0", "end": 768, "root": "see", "_index_": 131, "partofspeech": "P", "start": 763, "lemma": "see"}], [{"root_tokens": ["süsteem"], "form": "Sg Com", "clitic": "", "ending": "ga", "end": 779, "root": "süsteem", "_index_": 132, "partofspeech": "S", "start": 769, "lemma": "süsteem"}], [{"root_tokens": ["."], "form": "", "clitic": "", "ending": "", "end": 781, "root": ".", "_index_": 133, "partofspeech": "Z", "start": 780, "lemma": "."}]]}, {"enveloping": null, "attributes": [], "name": "tokens", "parent": null, "_base": "tokens", "ambiguous": false, "spans": [{"start": 0, "end": 3}, {"start": 3, "end": 4}, {"start": 4, "end": 14}, {"start": 14, "end": 15}, {"start": 15, "end": 17}, {"start": 19, "end": 25}, {"start": 26, "end": 33}, {"start": 34, "end": 37}, {"start": 38, "end": 45}, {"start": 46, "end": 47}, {"start": 49, "end": 53}, {"start": 53, "end": 54}, {"start": 55, "end": 57}, {"start": 58, "end": 81}, {"start": 82, "end": 84}, {"start": 85, "end": 90}, {"start": 91, "end": 96}, {"start": 97, "end": 100}, {"start": 101, "end": 107}, {"start": 108, "end": 114}, {"start": 115, "end": 116}, {"start": 118, "end": 121}, {"start": 122, "end": 126}, {"start": 127, "end": 128}, {"start": 129, "end": 135}, {"start": 136, "end": 141}, {"start": 142, "end": 149}, {"start": 150, "end": 160}, {"start": 161, "end": 164}, {"start": 165, "end": 169}, {"start": 170, "end": 176}, {"start": 177, "end": 178}, {"start": 179, "end": 185}, {"start": 186, "end": 191}, {"start": 192, "end": 194}, {"start": 195, "end": 199}, {"start": 200, "end": 204}, {"start": 205, "end": 209}, {"start": 210, "end": 219}, {"start": 221, "end": 226}, {"start": 227, "end": 229}, {"start": 230, "end": 239}, {"start": 240, "end": 241}, {"start": 242, "end": 246}, {"start": 247, "end": 249}, {"start": 250, "end": 260}, {"start": 261, "end": 266}, {"start": 267, "end": 268}, {"start": 269, "end": 275}, {"start": 275, "end": 276}, {"start": 277, "end": 279}, {"start": 280, "end": 288}, {"start": 289, "end": 293}, {"start": 294, "end": 299}, {"start": 300, "end": 303}, {"start": 304, "end": 311}, {"start": 312, "end": 314}, {"start": 315, "end": 318}, {"start": 319, "end": 323}, {"start": 324, "end": 328}, {"start": 329, "end": 333}, {"start": 334, "end": 340}, {"start": 341, "end": 345}, {"start": 346, "end": 355}, {"start": 356, "end": 364}, {"start": 365, "end": 366}, {"start": 368, "end": 372}, {"start": 373, "end": 374}, {"start": 375, "end": 383}, {"start": 384, "end": 389}, {"start": 390, "end": 397}, {"start": 398, "end": 402}, {"start": 403, "end": 404}, {"start": 405, "end": 406}, {"start": 406, "end": 407}, {"start": 409, "end": 412}, {"start": 413, "end": 417}, {"start": 418, "end": 422}, {"start": 423, "end": 428}, {"start": 429, "end": 433}, {"start": 434, "end": 437}, {"start": 438, "end": 439}, {"start": 440, "end": 442}, {"start": 443, "end": 446}, {"start": 447, "end": 456}, {"start": 457, "end": 462}, {"start": 463, "end": 470}, {"start": 471, "end": 481}, {"start": 482, "end": 487}, {"start": 488, "end": 489}, {"start": 490, "end": 494}, {"start": 495, "end": 503}, {"start": 504, "end": 509}, {"start": 510, "end": 517}, {"start": 518, "end": 519}, {"start": 520, "end": 524}, {"start": 525, "end": 532}, {"start": 533, "end": 542}, {"start": 543, "end": 550}, {"start": 551, "end": 558}, {"start": 559, "end": 564}, {"start": 565, "end": 566}, {"start": 567, "end": 570}, {"start": 571, "end": 575}, {"start": 576, "end": 581}, {"start": 582, "end": 587}, {"start": 588, "end": 594}, {"start": 595, "end": 596}, {"start": 598, "end": 602}, {"start": 603, "end": 608}, {"start": 609, "end": 613}, {"start": 614, "end": 617}, {"start": 618, "end": 622}, {"start": 623, "end": 625}, {"start": 626, "end": 630}, {"start": 631, "end": 635}, {"start": 636, "end": 641}, {"start": 642, "end": 646}, {"start": 647, "end": 652}, {"start": 653, "end": 657}, {"start": 658, "end": 662}, {"start": 663, "end": 669}, {"start": 670, "end": 685}, {"start": 686, "end": 687}, {"start": 688, "end": 693}, {"start": 694, "end": 700}, {"start": 701, "end": 711}, {"start": 712, "end": 716}, {"start": 717, "end": 718}, {"start": 719, "end": 722}, {"start": 723, "end": 727}, {"start": 728, "end": 732}, {"start": 733, "end": 737}, {"start": 738, "end": 743}, {"start": 744, "end": 750}, {"start": 751, "end": 756}, {"start": 757, "end": 762}, {"start": 763, "end": 768}, {"start": 769, "end": 779}, {"start": 780, "end": 781}]}, {"enveloping": "tokens", "attributes": ["type", "normalized"], "name": "compound_tokens", "parent": null, "_base": "compound_tokens", "ambiguous": false, "spans": [{"_index_": [0, 1, 2, 3, 4], "type": ["www_address"], "normalized": "www.soundgroup.ee"}, {"_index_": [10, 11], "type": ["hyphenation"], "normalized": "Heli"}, {"_index_": [48, 49], "type": ["hyphenation"], "normalized": "valgus"}]}], "meta": {"subcorpus": "netifoorum", "type": "teema", "title": "www.soundgroup.ee - 01. leht ( Planet Foorumid - Tehnoloogia - Sõiduriistad ja tehnika )", "alamfoorum": "Sõiduriistad_ja_tehnika"}, "text": "www.soundgroup.ee\n\nRohkem reklaam kui showoff .\n\nHeli- ja valgustehnikarendifirma OÜ Sound Group sai valmis koduka ,\n\nEhk siis , kellel soovi üritusi korraldada või teab kedagi , kellel soovi ..\nsiit saab häid pakkumisi\n\nefekt ja liikuvpea , siis on korrektsus majas .\nvalgus- ja helipark neil endal või võtavad ET jms vanu asju nagu enamik uusi selliseid firmasid ?\n\nIlus , kujundus mulle meeldib väga .\n5+\n\nKui siis vaid võiks olla see , et kui esilehelt minna näiteks portfoolio peale , siis lehekülg pisut võpatab .\nSeda muidugi tekstirea muutuva pikkuse tõttu , aga pole seegi nõnda häiriv .\n\nMinu teada kõik oma kola ja minu mälu järgi käib lausa vana kola vaikne väljavahetamine .\nPäris kuradi vinksvonks värk !\nIse olen küll siia maani ainult rahul olnud selle süsteemiga ."}