{"layers": [{"enveloping": null, "attributes": ["normalized_form"], "name": "words", "parent": null, "_base": "words", "ambiguous": false, "spans": [{"start": 0, "normalized_form": null, "end": 4}, {"start": 5, "normalized_form": null, "end": 7}, {"start": 8, "normalized_form": null, "end": 12}, {"start": 13, "normalized_form": null, "end": 29}, {"start": 30, "normalized_form": null, "end": 37}, {"start": 38, "normalized_form": null, "end": 39}, {"start": 41, "normalized_form": null, "end": 45}, {"start": 46, "normalized_form": null, "end": 48}, {"start": 49, "normalized_form": null, "end": 60}, {"start": 61, "normalized_form": null, "end": 66}, {"start": 68, "normalized_form": null, "end": 74}, {"start": 75, "normalized_form": null, "end": 78}, {"start": 79, "normalized_form": null, "end": 85}, {"start": 86, "normalized_form": null, "end": 87}, {"start": 88, "normalized_form": null, "end": 90}, {"start": 91, "normalized_form": null, "end": 94}, {"start": 95, "normalized_form": null, "end": 97}, {"start": 98, "normalized_form": null, "end": 111}, {"start": 112, "normalized_form": null, "end": 117}, {"start": 118, "normalized_form": null, "end": 119}, {"start": 120, "normalized_form": null, "end": 129}, {"start": 130, "normalized_form": null, "end": 135}, {"start": 136, "normalized_form": null, "end": 141}, {"start": 142, "normalized_form": null, "end": 143}, {"start": 145, "normalized_form": null, "end": 151}, {"start": 152, "normalized_form": null, "end": 154}, {"start": 155, "normalized_form": null, "end": 159}, {"start": 160, "normalized_form": null, "end": 166}, {"start": 167, "normalized_form": null, "end": 171}, {"start": 172, "normalized_form": null, "end": 176}, {"start": 177, "normalized_form": null, "end": 182}, {"start": 183, "normalized_form": null, "end": 187}, {"start": 188, "normalized_form": null, "end": 198}, {"start": 200, "normalized_form": null, "end": 208}, {"start": 209, "normalized_form": null, "end": 224}, {"start": 225, "normalized_form": null, "end": 235}, {"start": 236, "normalized_form": null, "end": 237}, {"start": 238, "normalized_form": null, "end": 241}, {"start": 242, "normalized_form": null, "end": 246}, {"start": 247, "normalized_form": null, "end": 258}, {"start": 259, "normalized_form": null, "end": 264}, {"start": 265, "normalized_form": null, "end": 269}, {"start": 270, "normalized_form": null, "end": 279}, {"start": 280, "normalized_form": null, "end": 286}, {"start": 287, "normalized_form": null, "end": 296}, {"start": 297, "normalized_form": null, "end": 302}, {"start": 303, "normalized_form": null, "end": 307}, {"start": 308, "normalized_form": null, "end": 313}, {"start": 314, "normalized_form": null, "end": 318}, {"start": 319, "normalized_form": null, "end": 325}, {"start": 326, "normalized_form": null, "end": 335}, {"start": 336, "normalized_form": null, "end": 338}, {"start": 339, "normalized_form": null, "end": 349}, {"start": 350, "normalized_form": null, "end": 355}, {"start": 356, "normalized_form": null, "end": 362}, {"start": 363, "normalized_form": null, "end": 370}, {"start": 371, "normalized_form": null, "end": 372}, {"start": 373, "normalized_form": null, "end": 378}, {"start": 379, "normalized_form": null, "end": 385}, {"start": 386, "normalized_form": null, "end": 391}, {"start": 392, "normalized_form": null, "end": 399}, {"start": 400, "normalized_form": null, "end": 402}, {"start": 403, "normalized_form": null, "end": 407}, {"start": 408, "normalized_form": null, "end": 412}, {"start": 413, "normalized_form": null, "end": 418}, {"start": 419, "normalized_form": null, "end": 421}, {"start": 422, "normalized_form": null, "end": 425}, {"start": 426, "normalized_form": null, "end": 430}, {"start": 431, "normalized_form": null, "end": 435}, {"start": 436, "normalized_form": null, "end": 443}, {"start": 444, "normalized_form": null, "end": 445}, {"start": 446, "normalized_form": null, "end": 447}, {"start": 449, "normalized_form": null, "end": 454}, {"start": 455, "normalized_form": null, "end": 462}, {"start": 463, "normalized_form": null, "end": 467}, {"start": 468, "normalized_form": null, "end": 475}, {"start": 476, "normalized_form": null, "end": 483}, {"start": 484, "normalized_form": null, "end": 493}, {"start": 494, "normalized_form": null, "end": 495}, {"start": 497, "normalized_form": null, "end": 503}, {"start": 504, "normalized_form": null, "end": 509}, {"start": 511, "normalized_form": null, "end": 518}, {"start": 519, "normalized_form": null, "end": 524}, {"start": 525, "normalized_form": null, "end": 532}, {"start": 533, "normalized_form": null, "end": 537}, {"start": 538, "normalized_form": null, "end": 546}, {"start": 547, "normalized_form": null, "end": 548}, {"start": 549, "normalized_form": null, "end": 553}, {"start": 554, "normalized_form": null, "end": 557}, {"start": 558, "normalized_form": null, "end": 578}, {"start": 579, "normalized_form": null, "end": 589}, {"start": 590, "normalized_form": null, "end": 594}, {"start": 595, "normalized_form": null, "end": 597}, {"start": 598, "normalized_form": null, "end": 606}, {"start": 608, "normalized_form": null, "end": 609}, {"start": 611, "normalized_form": "IS-F'il", "end": 618}, {"start": 619, "normalized_form": null, "end": 623}, {"start": 624, "normalized_form": null, "end": 628}, {"start": 629, "normalized_form": null, "end": 636}, {"start": 637, "normalized_form": null, "end": 645}, {"start": 646, "normalized_form": null, "end": 647}, {"start": 648, "normalized_form": null, "end": 651}, {"start": 652, "normalized_form": null, "end": 658}, {"start": 659, "normalized_form": null, "end": 664}, {"start": 665, "normalized_form": null, "end": 668}, {"start": 669, "normalized_form": null, "end": 674}, {"start": 675, "normalized_form": null, "end": 678}, {"start": 679, "normalized_form": "5.0l", "end": 683}, {"start": 684, "normalized_form": null, "end": 693}, {"start": 694, "normalized_form": null, "end": 696}, {"start": 697, "normalized_form": null, "end": 701}, {"start": 702, "normalized_form": null, "end": 707}, {"start": 708, "normalized_form": null, "end": 709}, {"start": 711, "normalized_form": null, "end": 713}, {"start": 714, "normalized_form": null, "end": 725}, {"start": 726, "normalized_form": null, "end": 731}, {"start": 732, "normalized_form": null, "end": 733}, {"start": 734, "normalized_form": null, "end": 736}, {"start": 737, "normalized_form": null, "end": 740}, {"start": 741, "normalized_form": null, "end": 745}, {"start": 746, "normalized_form": null, "end": 751}, {"start": 752, "normalized_form": null, "end": 757}, {"start": 758, "normalized_form": null, "end": 762}, {"start": 763, "normalized_form": null, "end": 764}, {"start": 765, "normalized_form": null, "end": 773}, {"start": 774, "normalized_form": null, "end": 776}, {"start": 777, "normalized_form": null, "end": 779}, {"start": 780, "normalized_form": null, "end": 784}, {"start": 785, "normalized_form": null, "end": 797}, {"start": 798, "normalized_form": null, "end": 802}, {"start": 803, "normalized_form": null, "end": 806}, {"start": 807, "normalized_form": null, "end": 808}, {"start": 810, "normalized_form": null, "end": 815}, {"start": 816, "normalized_form": null, "end": 823}, {"start": 824, "normalized_form": null, "end": 828}, {"start": 829, "normalized_form": null, "end": 836}, {"start": 837, "normalized_form": null, "end": 839}, {"start": 840, "normalized_form": null, "end": 841}, {"start": 842, "normalized_form": null, "end": 847}, {"start": 848, "normalized_form": null, "end": 852}, {"start": 853, "normalized_form": null, "end": 857}, {"start": 858, "normalized_form": null, "end": 859}, {"start": 860, "normalized_form": null, "end": 861}, {"start": 861, "normalized_form": null, "end": 862}, {"start": 864, "normalized_form": null, "end": 867}, {"start": 868, "normalized_form": null, "end": 870}, {"start": 871, "normalized_form": null, "end": 876}, {"start": 877, "normalized_form": null, "end": 879}, {"start": 880, "normalized_form": null, "end": 885}, {"start": 886, "normalized_form": null, "end": 891}, {"start": 892, "normalized_form": null, "end": 893}, {"start": 895, "normalized_form": null, "end": 899}, {"start": 900, "normalized_form": null, "end": 906}, {"start": 907, "normalized_form": null, "end": 912}, {"start": 913, "normalized_form": null, "end": 916}, {"start": 917, "normalized_form": null, "end": 919}, {"start": 920, "normalized_form": null, "end": 924}, {"start": 925, "normalized_form": null, "end": 930}, {"start": 931, "normalized_form": null, "end": 938}, {"start": 939, "normalized_form": null, "end": 940}, {"start": 941, "normalized_form": null, "end": 947}, {"start": 948, "normalized_form": null, "end": 950}, {"start": 951, "normalized_form": null, "end": 955}, {"start": 956, "normalized_form": null, "end": 962}, {"start": 963, "normalized_form": null, "end": 965}, {"start": 966, "normalized_form": null, "end": 970}, {"start": 971, "normalized_form": null, "end": 977}, {"start": 978, "normalized_form": null, "end": 979}, {"start": 981, "normalized_form": null, "end": 986}, {"start": 987, "normalized_form": null, "end": 993}, {"start": 994, "normalized_form": null, "end": 995}, {"start": 996, "normalized_form": null, "end": 998}, {"start": 999, "normalized_form": null, "end": 1003}, {"start": 1004, "normalized_form": null, "end": 1009}, {"start": 1010, "normalized_form": null, "end": 1014}, {"start": 1015, "normalized_form": null, "end": 1019}, {"start": 1020, "normalized_form": null, "end": 1022}, {"start": 1023, "normalized_form": null, "end": 1027}, {"start": 1028, "normalized_form": null, "end": 1032}, {"start": 1033, "normalized_form": null, "end": 1034}, {"start": 1036, "normalized_form": null, "end": 1039}, {"start": 1040, "normalized_form": null, "end": 1042}]}, {"enveloping": "words", "attributes": ["fix_types"], "name": "sentences", "parent": null, "_base": "sentences", "ambiguous": false, "spans": [{"fix_types": [], "_index_": [0, 1, 2, 3, 4, 5]}, {"fix_types": ["double_newline_ending"], "_index_": [6, 7, 8, 9]}, {"fix_types": [], "_index_": [10, 11, 12, 13, 14, 15, 16, 17, 18, 19, 20, 21, 22, 23]}, {"fix_types": ["double_newline_ending"], "_index_": [24, 25, 26, 27, 28, 29, 30, 31, 32]}, {"fix_types": [], "_index_": [33, 34, 35, 36, 37, 38, 39, 40, 41, 42, 43, 44, 45, 46, 47, 48, 49, 50, 51, 52, 53, 54, 55, 56, 57, 58, 59, 60, 61, 62, 63, 64, 65, 66, 67, 68, 69, 70, 71]}, {"fix_types": [], "_index_": [72, 73, 74, 75, 76, 77, 78]}, {"fix_types": ["double_newline_ending"], "_index_": [79, 80]}, {"fix_types": [], "_index_": [81, 82, 83, 84, 85, 86, 87, 88, 89, 90, 91, 92, 93, 94]}, {"fix_types": [], "_index_": [95, 96, 97, 98, 99, 100, 101, 102, 103, 104, 105, 106, 107, 108, 109, 110, 111, 112]}, {"fix_types": [], "_index_": [113, 114, 115, 116, 117, 118, 119, 120, 121, 122, 123]}, {"fix_types": [], "_index_": [124, 125, 126, 127, 128, 129, 130, 131]}, {"fix_types": [], "_index_": [132, 133, 134, 135, 136, 137, 138, 139, 140, 141]}, {"fix_types": ["double_newline_ending"], "_index_": [142, 143]}, {"fix_types": [], "_index_": [144, 145, 146, 147, 148, 149, 150]}, {"fix_types": [], "_index_": [151, 152, 153, 154, 155, 156, 157, 158, 159, 160, 161, 162, 163, 164, 165, 166, 167]}, {"fix_types": [], "_index_": [168, 169, 170, 171, 172, 173, 174, 175, 176, 177, 178, 179]}, {"fix_types": [], "_index_": [180, 181]}]}, {"enveloping": "sentences", "attributes": [], "name": "paragraphs", "parent": null, "_base": "paragraphs", "ambiguous": false, "spans": [{"_index_": [0]}, {"_index_": [1]}, {"_index_": [2]}, {"_index_": [3]}, {"_index_": [4]}, {"_index_": [5]}, {"_index_": [6]}, {"_index_": [7]}, {"_index_": [8]}, {"_index_": [9, 10]}, {"_index_": [11, 12]}, {"_index_": [13]}, {"_index_": [14]}, {"_index_": [15]}, {"_index_": [16]}]}, {"enveloping": "words", "attributes": ["type"], "name": "syntax_ignore", "parent": null, "_base": "syntax_ignore", "ambiguous": false, "spans": []}, {"enveloping": null, "attributes": ["lemma", "root", "root_tokens", "ending", "clitic", "form", "partofspeech"], "name": "morph_analysis", "parent": "words", "_base": "words", "ambiguous": true, "spans": [[{"root_tokens": ["kust"], "form": "", "clitic": "", "ending": "0", "end": 4, "root": "kust", "_index_": 0, "partofspeech": "D", "start": 0, "lemma": "kust"}], [{"root_tokens": ["sina"], "form": "sg n", "clitic": "", "ending": "0", "end": 7, "root": "sina", "_index_": 1, "partofspeech": "P", "start": 5, "lemma": "sina"}], [{"root_tokens": ["see"], "form": "sg p", "clitic": "", "ending": "da", "end": 12, "root": "see", "_index_": 2, "partofspeech": "P", "start": 8, "lemma": "see"}], [{"root_tokens": ["tootmis", "valmidus"], "form": "sg p", "clitic": "", "ending": "t", "end": 29, "root": "tootmis_valmidus", "_index_": 3, "partofspeech": "S", "start": 13, "lemma": "tootmisvalmidus"}], [{"root_tokens": ["kuul"], "form": "sid", "clitic": "", "ending": "sid", "end": 37, "root": "kuul", "_index_": 4, "partofspeech": "V", "start": 30, "lemma": "kuulma"}], [{"root_tokens": ["?"], "form": "", "clitic": "", "ending": "", "end": 39, "root": "?", "_index_": 5, "partofspeech": "Z", "start": 38, "lemma": "?"}], [{"root_tokens": ["eest"], "form": "", "clitic": "", "ending": "0", "end": 45, "root": "eest", "_index_": 6, "partofspeech": "D", "start": 41, "lemma": "eest"}], [{"root_tokens": ["ole"], "form": "b", "clitic": "", "ending": "0", "end": 48, "root": "ole", "_index_": 7, "partofspeech": "V", "start": 46, "lemma": "olema"}, {"root_tokens": ["ole"], "form": "vad", "clitic": "", "ending": "0", "end": 48, "root": "ole", "_index_": 7, "partofspeech": "V", "start": 46, "lemma": "olema"}], [{"root_tokens": ["suhteliselt"], "form": "", "clitic": "", "ending": "0", "end": 60, "root": "suhteliselt", "_index_": 8, "partofspeech": "D", "start": 49, "lemma": "suhteliselt"}], [{"root_tokens": ["S2000"], "form": "?", "clitic": "", "ending": "0", "end": 66, "root": "S2000", "_index_": 9, "partofspeech": "Y", "start": 61, "lemma": "S2000"}], [{"root_tokens": ["kuskil"], "form": "", "clitic": "", "ending": "0", "end": 74, "root": "kuskil", "_index_": 10, "partofspeech": "D", "start": 68, "lemma": "kuskil"}], [{"root_tokens": ["ole"], "form": "s", "clitic": "", "ending": "i", "end": 78, "root": "ole", "_index_": 11, "partofspeech": "V", "start": 75, "lemma": "olema"}], [{"root_tokens": ["kiri"], "form": "sg in", "clitic": "", "ending": "s", "end": 85, "root": "kiri", "_index_": 12, "partofspeech": "S", "start": 79, "lemma": "kiri"}], [{"root_tokens": [","], "form": "", "clitic": "", "ending": "", "end": 87, "root": ",", "_index_": 13, "partofspeech": "Z", "start": 86, "lemma": ","}], [{"root_tokens": ["et"], "form": "", "clitic": "", "ending": "0", "end": 90, "root": "et", "_index_": 14, "partofspeech": "J", "start": 88, "lemma": "et"}], [{"root_tokens": ["too"], "form": "sg n", "clitic": "", "ending": "0", "end": 94, "root": "too", "_index_": 15, "partofspeech": "P", "start": 91, "lemma": "too"}], [{"root_tokens": ["om"], "form": "?", "clitic": "", "ending": "0", "end": 97, "root": "om", "_index_": 16, "partofspeech": "Y", "start": 95, "lemma": "om"}], [{"root_tokens": ["tootmis", "valmis"], "form": "sg n", "clitic": "", "ending": "0", "end": 111, "root": "tootmis_valmis", "_index_": 17, "partofspeech": "A", "start": 98, "lemma": "tootmisvalmis"}], [{"root_tokens": ["mudel"], "form": "sg n", "clitic": "", "ending": "0", "end": 117, "root": "mudel", "_index_": 18, "partofspeech": "S", "start": 112, "lemma": "mudel"}], [{"root_tokens": [","], "form": "", "clitic": "", "ending": "", "end": 119, "root": ",", "_index_": 19, "partofspeech": "Z", "start": 118, "lemma": ","}], [{"root_tokens": ["selline"], "form": "sg es", "clitic": "", "ending": "na", "end": 129, "root": "selline", "_index_": 20, "partofspeech": "P", "start": 120, "lemma": "selline"}], [{"root_tokens": ["tule"], "form": "b", "clitic": "", "ending": "b", "end": 135, "root": "tule", "_index_": 21, "partofspeech": "V", "start": 130, "lemma": "tulema"}], [{"root_tokens": ["välja"], "form": "", "clitic": "", "ending": "0", "end": 141, "root": "välja", "_index_": 22, "partofspeech": "D", "start": 136, "lemma": "välja"}], [{"root_tokens": ["."], "form": "", "clitic": "", "ending": "", "end": 143, "root": ".", "_index_": 23, "partofspeech": "Z", "start": 142, "lemma": "."}], [{"root_tokens": ["paraku"], "form": "", "clitic": "", "ending": "0", "end": 151, "root": "paraku", "_index_": 24, "partofspeech": "D", "start": 145, "lemma": "paraku"}], [{"root_tokens": ["ole"], "form": "b", "clitic": "", "ending": "0", "end": 154, "root": "ole", "_index_": 25, "partofspeech": "V", "start": 152, "lemma": "olema"}, {"root_tokens": ["ole"], "form": "vad", "clitic": "", "ending": "0", "end": 154, "root": "ole", "_index_": 25, "partofspeech": "V", "start": 152, "lemma": "olema"}], [{"root_tokens": ["tegu"], "form": "sg p", "clitic": "", "ending": "0", "end": 159, "root": "tegu", "_index_": 26, "partofspeech": "S", "start": 155, "lemma": "tegu"}], [{"root_tokens": ["siiski"], "form": "", "clitic": "", "ending": "0", "end": 166, "root": "siiski", "_index_": 27, "partofspeech": "D", "start": 160, "lemma": "siiski"}], [{"root_tokens": ["veel"], "form": "", "clitic": "", "ending": "0", "end": 171, "root": "veel", "_index_": 28, "partofspeech": "D", "start": 167, "lemma": "veel"}], [{"root_tokens": ["2008"], "form": "?", "clitic": "", "ending": "0", "end": 176, "root": "2008", "_index_": 29, "partofspeech": "N", "start": 172, "lemma": "2008"}], [{"root_tokens": ["Lexu"], "form": "sg in", "clitic": "", "ending": "s", "end": 182, "root": "Lexu", "_index_": 30, "partofspeech": "H", "start": 177, "lemma": "Lexu"}], [{"root_tokens": ["LF", "A"], "form": "?", "clitic": "", "ending": "0", "end": 187, "root": "LF-A", "_index_": 31, "partofspeech": "Y", "start": 183, "lemma": "LF-A"}], [{"root_tokens": ["Concept"], "form": "sg kom", "clitic": "", "ending": "ga", "end": 198, "root": "Concept", "_index_": 32, "partofspeech": "H", "start": 188, "lemma": "Concept"}, {"root_tokens": ["Concepti"], "form": "sg kom", "clitic": "", "ending": "ga", "end": 198, "root": "Concepti", "_index_": 32, "partofspeech": "H", "start": 188, "lemma": "Concepti"}], [{"root_tokens": ["tegemine"], "form": "sg p", "clitic": "", "ending": "t", "end": 208, "root": "tegemine", "_index_": 33, "partofspeech": "S", "start": 200, "lemma": "tegemine"}], [{"root_tokens": ["near", "production"], "form": "sg n", "clitic": "", "ending": "0", "end": 224, "root": "near-production", "_index_": 34, "partofspeech": "S", "start": 209, "lemma": "near-production"}], [{"root_tokens": ["concept"], "form": "sg kom", "clitic": "", "ending": "ga", "end": 235, "root": "concept", "_index_": 35, "partofspeech": "S", "start": 225, "lemma": "concept"}, {"root_tokens": ["concepti"], "form": "sg kom", "clitic": "", "ending": "ga", "end": 235, "root": "concepti", "_index_": 35, "partofspeech": "S", "start": 225, "lemma": "concepti"}], [{"root_tokens": [","], "form": "", "clitic": "", "ending": "", "end": 237, "root": ",", "_index_": 36, "partofspeech": "Z", "start": 236, "lemma": ","}], [{"root_tokens": ["ehk"], "form": "", "clitic": "", "ending": "0", "end": 241, "root": "ehk", "_index_": 37, "partofspeech": "J", "start": 238, "lemma": "ehk"}], [{"root_tokens": ["siis"], "form": "", "clitic": "", "ending": "0", "end": 246, "root": "siis", "_index_": 38, "partofspeech": "D", "start": 242, "lemma": "siis"}], [{"root_tokens": ["arvatavasti"], "form": "", "clitic": "", "ending": "0", "end": 258, "root": "arvatavasti", "_index_": 39, "partofspeech": "D", "start": 247, "lemma": "arvatavasti"}], [{"root_tokens": ["tule"], "form": "b", "clitic": "", "ending": "b", "end": 264, "root": "tule", "_index_": 40, "partofspeech": "V", "start": 259, "lemma": "tulema"}], [{"root_tokens": ["vahe"], "form": "sg g", "clitic": "", "ending": "0", "end": 269, "root": "vahe", "_index_": 41, "partofspeech": "S", "start": 265, "lemma": "vahe"}], [{"root_tokens": ["tootmine"], "form": "adt", "clitic": "", "ending": "se", "end": 279, "root": "tootmine", "_index_": 42, "partofspeech": "S", "start": 270, "lemma": "tootmine"}], [{"root_tokens": ["minev"], "form": "sg g", "clitic": "", "ending": "0", "end": 286, "root": "minev", "_index_": 43, "partofspeech": "A", "start": 280, "lemma": "minev"}], [{"root_tokens": ["masina", "iga"], "form": "sg n", "clitic": "", "ending": "0", "end": 296, "root": "masina_iga", "_index_": 44, "partofspeech": "S", "start": 287, "lemma": "masinaiga"}], [{"root_tokens": ["umbes"], "form": "", "clitic": "", "ending": "0", "end": 302, "root": "umbes", "_index_": 45, "partofspeech": "D", "start": 297, "lemma": "umbes"}], [{"root_tokens": ["sama"], "form": "sg n", "clitic": "", "ending": "0", "end": 307, "root": "sama", "_index_": 46, "partofspeech": "P", "start": 303, "lemma": "sama"}], [{"root_tokens": ["väike"], "form": "sg n", "clitic": "", "ending": "0", "end": 313, "root": "väike", "_index_": 47, "partofspeech": "A", "start": 308, "lemma": "väike"}], [{"root_tokens": ["nagu"], "form": "", "clitic": "", "ending": "0", "end": 318, "root": "nagu", "_index_": 48, "partofspeech": "D", "start": 314, "lemma": "nagu"}, {"root_tokens": ["nagu"], "form": "", "clitic": "", "ending": "0", "end": 318, "root": "nagu", "_index_": 48, "partofspeech": "J", "start": 314, "lemma": "nagu"}], [{"root_tokens": ["Auris"], "form": "sg g", "clitic": "", "ending": "0", "end": 325, "root": "Auris", "_index_": 49, "partofspeech": "H", "start": 319, "lemma": "Auris"}], [{"root_tokens": ["concepti"], "form": "sg ad", "clitic": "", "ending": "l", "end": 335, "root": "concepti", "_index_": 50, "partofspeech": "S", "start": 326, "lemma": "concepti"}, {"root_tokens": ["concept"], "form": "sg ad", "clitic": "", "ending": "l", "end": 335, "root": "concept", "_index_": 50, "partofspeech": "S", "start": 326, "lemma": "concept"}], [{"root_tokens": ["ja"], "form": "", "clitic": "", "ending": "0", "end": 338, "root": "ja", "_index_": 51, "partofspeech": "J", "start": 336, "lemma": "ja"}], [{"root_tokens": ["tegelikult"], "form": "", "clitic": "", "ending": "0", "end": 349, "root": "tegelikult", "_index_": 52, "partofspeech": "D", "start": 339, "lemma": "tegelikult"}], [{"root_tokens": ["välja"], "form": "", "clitic": "", "ending": "0", "end": 355, "root": "välja", "_index_": 53, "partofspeech": "D", "start": 350, "lemma": "välja"}], [{"root_tokens": ["tulnud"], "form": "", "clitic": "", "ending": "0", "end": 362, "root": "tul=nud", "_index_": 54, "partofspeech": "A", "start": 356, "lemma": "tulnud"}, {"root_tokens": ["tulnud"], "form": "sg n", "clitic": "", "ending": "0", "end": 362, "root": "tul=nud", "_index_": 54, "partofspeech": "A", "start": 356, "lemma": "tulnud"}, {"root_tokens": ["tulnud"], "form": "pl n", "clitic": "", "ending": "d", "end": 362, "root": "tul=nud", "_index_": 54, "partofspeech": "A", "start": 356, "lemma": "tulnud"}, {"root_tokens": ["tule"], "form": "nud", "clitic": "", "ending": "nud", "end": 362, "root": "tule", "_index_": 54, "partofspeech": "V", "start": 356, "lemma": "tulema"}], [{"root_tokens": ["Aurisel"], "form": "sg n", "clitic": "", "ending": "0", "end": 370, "root": "Aurisel", "_index_": 55, "partofspeech": "H", "start": 363, "lemma": "Aurisel"}], [{"root_tokens": ["("], "form": "", "clitic": "", "ending": "", "end": 372, "root": "(", "_index_": 56, "partofspeech": "Z", "start": 371, "lemma": "("}], [{"root_tokens": ["mingi"], "form": "sg n", "clitic": "", "ending": "0", "end": 378, "root": "mingi", "_index_": 57, "partofspeech": "P", "start": 373, "lemma": "mingi"}], [{"root_tokens": ["sumpa"], "form": "d", "clitic": "", "ending": "d", "end": 385, "root": "sumpa", "_index_": 58, "partofspeech": "V", "start": 379, "lemma": "sumpama"}], [{"root_tokens": ["viets"], "form": "sg n", "clitic": "", "ending": "0", "end": 391, "root": "viets", "_index_": 59, "partofspeech": "S", "start": 386, "lemma": "viets"}], [{"root_tokens": ["teisiti"], "form": "", "clitic": "", "ending": "0", "end": 399, "root": "teisiti", "_index_": 60, "partofspeech": "D", "start": 392, "lemma": "teisiti"}], [{"root_tokens": ["ja"], "form": "", "clitic": "", "ending": "0", "end": 402, "root": "ja", "_index_": 61, "partofspeech": "J", "start": 400, "lemma": "ja"}], [{"root_tokens": ["paar"], "form": "sg n", "clitic": "", "ending": "0", "end": 407, "root": "paar", "_index_": 62, "partofspeech": "N", "start": 403, "lemma": "paar"}], [{"root_tokens": ["muu"], "form": "sg p", "clitic": "", "ending": "d", "end": 412, "root": "muu", "_index_": 63, "partofspeech": "P", "start": 408, "lemma": "muu"}], [{"root_tokens": ["joon"], "form": "sg p", "clitic": "", "ending": "t", "end": 418, "root": "joon", "_index_": 64, "partofspeech": "S", "start": 413, "lemma": "joon"}], [{"root_tokens": ["ka"], "form": "", "clitic": "", "ending": "0", "end": 421, "root": "ka", "_index_": 65, "partofspeech": "D", "start": 419, "lemma": "ka"}], [{"root_tokens": ["ole"], "form": "s", "clitic": "", "ending": "i", "end": 425, "root": "ole", "_index_": 66, "partofspeech": "V", "start": 422, "lemma": "olema"}], [{"root_tokens": ["vist"], "form": "", "clitic": "", "ending": "0", "end": 430, "root": "vist", "_index_": 67, "partofspeech": "D", "start": 426, "lemma": "vist"}], [{"root_tokens": ["tiba"], "form": "sg n", "clitic": "", "ending": "0", "end": 435, "root": "tiba", "_index_": 68, "partofspeech": "S", "start": 431, "lemma": "tiba"}], [{"root_tokens": ["teisiti"], "form": "", "clitic": "", "ending": "0", "end": 443, "root": "teisiti", "_index_": 69, "partofspeech": "D", "start": 436, "lemma": "teisiti"}], [{"root_tokens": [")"], "form": "", "clitic": "", "ending": "", "end": 445, "root": ")", "_index_": 70, "partofspeech": "Z", "start": 444, "lemma": ")"}], [{"root_tokens": ["."], "form": "", "clitic": "", "ending": "", "end": 447, "root": ".", "_index_": 71, "partofspeech": "Z", "start": 446, "lemma": "."}], [{"root_tokens": ["rada"], "form": "sg ad", "clitic": "", "ending": "l", "end": 454, "root": "rada", "_index_": 72, "partofspeech": "S", "start": 449, "lemma": "rada"}, {"root_tokens": ["raja"], "form": "sg ad", "clitic": "", "ending": "l", "end": 454, "root": "raja", "_index_": 72, "partofspeech": "S", "start": 449, "lemma": "raja"}], [{"root_tokens": ["kuula"], "form": "ge", "clitic": "", "ending": "ke", "end": 462, "root": "kuula", "_index_": 73, "partofspeech": "V", "start": 455, "lemma": "kuulama"}], [{"root_tokens": ["see"], "form": "sg p", "clitic": "", "ending": "da", "end": 467, "root": "see", "_index_": 74, "partofspeech": "P", "start": 463, "lemma": "see"}], [{"root_tokens": ["mõnus"], "form": "sg p", "clitic": "", "ending": "t", "end": 475, "root": "mõnus", "_index_": 75, "partofspeech": "A", "start": 468, "lemma": "mõnus"}], [{"root_tokens": ["mootor"], "form": "sg g", "clitic": "", "ending": "0", "end": 483, "root": "mootor", "_index_": 76, "partofspeech": "S", "start": 476, "lemma": "mootor"}], [{"root_tokens": ["nurrumine"], "form": "sg p", "clitic": "", "ending": "t", "end": 493, "root": "nurrumine", "_index_": 77, "partofspeech": "S", "start": 484, "lemma": "nurrumine"}], [{"root_tokens": ["."], "form": "", "clitic": "", "ending": "", "end": 495, "root": ".", "_index_": 78, "partofspeech": "Z", "start": 494, "lemma": "."}], [{"root_tokens": ["mootr"], "form": "sg g", "clitic": "", "ending": "0", "end": 503, "root": "mootr", "_index_": 79, "partofspeech": "S", "start": 497, "lemma": "mootr"}, {"root_tokens": ["mootri"], "form": "sg g", "clitic": "", "ending": "0", "end": 503, "root": "mootri", "_index_": 79, "partofspeech": "S", "start": 497, "lemma": "mootri"}], [{"root_tokens": ["mõnna"], "form": "sg n", "clitic": "", "ending": "0", "end": 509, "root": "mõnna", "_index_": 80, "partofspeech": "S", "start": 504, "lemma": "mõnna"}], [{"root_tokens": ["vägev"], "form": "pl n", "clitic": "", "ending": "d", "end": 518, "root": "vägev", "_index_": 81, "partofspeech": "A", "start": 511, "lemma": "vägev"}], [{"root_tokens": ["auto"], "form": "pl n", "clitic": "", "ending": "d", "end": 524, "root": "auto", "_index_": 82, "partofspeech": "S", "start": 519, "lemma": "auto"}], [{"root_tokens": ["mõlema"], "form": "pl n", "clitic": "", "ending": "d", "end": 532, "root": "mõlema", "_index_": 83, "partofspeech": "P", "start": 525, "lemma": "mõlema"}], [{"root_tokens": ["see"], "form": "pl n", "clitic": "", "ending": "d", "end": 537, "root": "see", "_index_": 84, "partofspeech": "P", "start": 533, "lemma": "see"}], [{"root_tokens": ["viimane"], "form": "pl n", "clitic": "", "ending": "d", "end": 546, "root": "viimane", "_index_": 85, "partofspeech": "A", "start": 538, "lemma": "viimane"}], [{"root_tokens": [","], "form": "", "clitic": "", "ending": "", "end": 548, "root": ",", "_index_": 86, "partofspeech": "Z", "start": 547, "lemma": ","}], [{"root_tokens": ["kuid"], "form": "", "clitic": "", "ending": "0", "end": 553, "root": "kuid", "_index_": 87, "partofspeech": "J", "start": 549, "lemma": "kuid"}], [{"root_tokens": ["nii"], "form": "", "clitic": "", "ending": "0", "end": 557, "root": "nii", "_index_": 88, "partofspeech": "D", "start": 554, "lemma": "nii"}], [{"root_tokens": ["ülimegasuperco", "olme"], "form": "sg kom", "clitic": "", "ending": "ga", "end": 578, "root": "ülimegasuperco_olme", "_index_": 89, "partofspeech": "S", "start": 558, "lemma": "ülimegasupercoolme"}], [{"root_tokens": ["vaimustus"], "form": "sg p", "clitic": "", "ending": "t", "end": 589, "root": "vaimustus", "_index_": 90, "partofspeech": "S", "start": 579, "lemma": "vaimustus"}], [{"root_tokens": ["küll"], "form": "", "clitic": "", "ending": "0", "end": 594, "root": "küll", "_index_": 91, "partofspeech": "D", "start": 590, "lemma": "küll"}], [{"root_tokens": ["ei"], "form": "neg", "clitic": "", "ending": "0", "end": 597, "root": "ei", "_index_": 92, "partofspeech": "V", "start": 595, "lemma": "ei"}], [{"root_tokens": ["tekkinud"], "form": "", "clitic": "", "ending": "0", "end": 606, "root": "tekki=nud", "_index_": 93, "partofspeech": "A", "start": 598, "lemma": "tekkinud"}, {"root_tokens": ["tekkinud"], "form": "sg n", "clitic": "", "ending": "0", "end": 606, "root": "tekki=nud", "_index_": 93, "partofspeech": "A", "start": 598, "lemma": "tekkinud"}, {"root_tokens": ["tekkinud"], "form": "pl n", "clitic": "", "ending": "d", "end": 606, "root": "tekki=nud", "_index_": 93, "partofspeech": "A", "start": 598, "lemma": "tekkinud"}, {"root_tokens": ["tekki"], "form": "nud", "clitic": "", "ending": "nud", "end": 606, "root": "tekki", "_index_": 93, "partofspeech": "V", "start": 598, "lemma": "tekkima"}], [{"root_tokens": ["."], "form": "", "clitic": "", "ending": "", "end": 609, "root": ".", "_index_": 94, "partofspeech": "Z", "start": 608, "lemma": "."}], [{"root_tokens": ["IS", "F"], "form": "sg ad", "clitic": "", "ending": "l", "end": 618, "root": "IS-F", "_index_": 95, "partofspeech": "H", "start": 611, "lemma": "IS-F"}], [{"root_tokens": ["küll"], "form": "", "clitic": "", "ending": "0", "end": 623, "root": "küll", "_index_": 96, "partofspeech": "D", "start": 619, "lemma": "küll"}], [{"root_tokens": ["hea"], "form": "pl n", "clitic": "", "ending": "d", "end": 628, "root": "hea", "_index_": 97, "partofspeech": "A", "start": 624, "lemma": "hea"}], [{"root_tokens": ["mootor"], "form": "sg g", "clitic": "", "ending": "0", "end": 636, "root": "mootor", "_index_": 98, "partofspeech": "S", "start": 629, "lemma": "mootor"}], [{"root_tokens": ["näitaja"], "form": "pl n", "clitic": "", "ending": "d", "end": 645, "root": "näitaja", "_index_": 99, "partofspeech": "S", "start": 637, "lemma": "näitaja"}], [{"root_tokens": [","], "form": "", "clitic": "", "ending": "", "end": 647, "root": ",", "_index_": 100, "partofspeech": "Z", "start": 646, "lemma": ","}], [{"root_tokens": ["aga"], "form": "", "clitic": "", "ending": "0", "end": 651, "root": "aga", "_index_": 101, "partofspeech": "J", "start": 648, "lemma": "aga"}], [{"root_tokens": ["taht"], "form": "ks", "clitic": "", "ending": "ks", "end": 658, "root": "taht", "_index_": 102, "partofspeech": "V", "start": 652, "lemma": "tahtma"}], [{"root_tokens": ["tead"], "form": "da", "clitic": "", "ending": "a", "end": 664, "root": "tead", "_index_": 103, "partofspeech": "V", "start": 659, "lemma": "teadma"}], [{"root_tokens": ["kui"], "form": "", "clitic": "", "ending": "0", "end": 668, "root": "kui", "_index_": 104, "partofspeech": "D", "start": 665, "lemma": "kui"}, {"root_tokens": ["kui"], "form": "", "clitic": "", "ending": "0", "end": 668, "root": "kui", "_index_": 104, "partofspeech": "J", "start": 665, "lemma": "kui"}], [{"root_tokens": ["hästi"], "form": "", "clitic": "", "ending": "0", "end": 674, "root": "hästi", "_index_": 105, "partofspeech": "D", "start": 669, "lemma": "hästi"}], [{"root_tokens": ["see"], "form": "sg n", "clitic": "", "ending": "0", "end": 678, "root": "see", "_index_": 106, "partofspeech": "P", "start": 675, "lemma": "see"}], [{"root_tokens": ["5.0"], "form": "sg ad", "clitic": "", "ending": "l", "end": 683, "root": "5.0", "_index_": 107, "partofspeech": "N", "start": 679, "lemma": "5.0"}], [{"root_tokens": ["mootor"], "form": "sg kom", "clitic": "", "ending": "ga", "end": 693, "root": "mootor", "_index_": 108, "partofspeech": "S", "start": 684, "lemma": "mootor"}], [{"root_tokens": ["ka"], "form": "", "clitic": "", "ending": "0", "end": 696, "root": "ka", "_index_": 109, "partofspeech": "D", "start": 694, "lemma": "ka"}], [{"root_tokens": ["tee"], "form": "sg ad", "clitic": "", "ending": "l", "end": 701, "root": "tee", "_index_": 110, "partofspeech": "S", "start": 697, "lemma": "tee"}], [{"root_tokens": ["püsi"], "form": "b", "clitic": "", "ending": "b", "end": 707, "root": "püsi", "_index_": 111, "partofspeech": "V", "start": 702, "lemma": "püsima"}], [{"root_tokens": ["."], "form": "", "clitic": "", "ending": "", "end": 709, "root": ".", "_index_": 112, "partofspeech": "Z", "start": 708, "lemma": "."}], [{"root_tokens": ["mina"], "form": "sg n", "clitic": "", "ending": "0", "end": 713, "root": "mina", "_index_": 113, "partofspeech": "P", "start": 711, "lemma": "mina"}], [{"root_tokens": ["miski", "pärast"], "form": "", "clitic": "", "ending": "0", "end": 725, "root": "miski_pärast", "_index_": 114, "partofspeech": "D", "start": 714, "lemma": "miskipärast"}], [{"root_tokens": ["arva"], "form": "n", "clitic": "", "ending": "n", "end": 731, "root": "arva", "_index_": 115, "partofspeech": "V", "start": 726, "lemma": "arvama"}], [{"root_tokens": [","], "form": "", "clitic": "", "ending": "", "end": 733, "root": ",", "_index_": 116, "partofspeech": "Z", "start": 732, "lemma": ","}], [{"root_tokens": ["et"], "form": "", "clitic": "", "ending": "0", "end": 736, "root": "et", "_index_": 117, "partofspeech": "J", "start": 734, "lemma": "et"}], [{"root_tokens": ["see"], "form": "sg n", "clitic": "", "ending": "0", "end": 740, "root": "see", "_index_": 118, "partofspeech": "P", "start": 737, "lemma": "see"}], [{"root_tokens": ["IS", "F"], "form": "?", "clitic": "", "ending": "0", "end": 745, "root": "IS-F", "_index_": 119, "partofspeech": "Y", "start": 741, "lemma": "IS-F"}], [{"root_tokens": ["püsi"], "form": "b", "clitic": "", "ending": "b", "end": 751, "root": "püsi", "_index_": 120, "partofspeech": "V", "start": 746, "lemma": "püsima"}], [{"root_tokens": ["hästi"], "form": "", "clitic": "", "ending": "0", "end": 757, "root": "hästi", "_index_": 121, "partofspeech": "D", "start": 752, "lemma": "hästi"}], [{"root_tokens": ["tee"], "form": "sg ad", "clitic": "", "ending": "l", "end": 762, "root": "tee", "_index_": 122, "partofspeech": "S", "start": 758, "lemma": "tee"}], [{"root_tokens": ["."], "form": "", "clitic": "", "ending": "", "end": 764, "root": ".", "_index_": 123, "partofspeech": "Z", "start": 763, "lemma": "."}], [{"root_tokens": ["tavaline"], "form": "sg n", "clitic": "", "ending": "0", "end": 773, "root": "tavaline", "_index_": 124, "partofspeech": "A", "start": 765, "lemma": "tavaline"}], [{"root_tokens": ["IS"], "form": "?", "clitic": "", "ending": "0", "end": 776, "root": "IS", "_index_": 125, "partofspeech": "Y", "start": 774, "lemma": "IS"}], [{"root_tokens": ["ole"], "form": "b", "clitic": "", "ending": "0", "end": 779, "root": "ole", "_index_": 126, "partofspeech": "V", "start": 777, "lemma": "olema"}, {"root_tokens": ["ole"], "form": "vad", "clitic": "", "ending": "0", "end": 779, "root": "ole", "_index_": 126, "partofspeech": "V", "start": 777, "lemma": "olema"}], [{"root_tokens": ["juba"], "form": "", "clitic": "", "ending": "0", "end": 784, "root": "juba", "_index_": 127, "partofspeech": "D", "start": 780, "lemma": "juba"}], [{"root_tokens": ["juhitavus"], "form": "sg abl", "clitic": "", "ending": "lt", "end": 797, "root": "juhitavus", "_index_": 128, "partofspeech": "S", "start": 785, "lemma": "juhitavus"}], [{"root_tokens": ["väga"], "form": "", "clitic": "", "ending": "0", "end": 802, "root": "väga", "_index_": 129, "partofspeech": "D", "start": 798, "lemma": "väga"}], [{"root_tokens": ["hea"], "form": "sg n", "clitic": "", "ending": "0", "end": 806, "root": "hea", "_index_": 130, "partofspeech": "A", "start": 803, "lemma": "hea"}], [{"root_tokens": ["."], "form": "", "clitic": "", "ending": "", "end": 808, "root": ".", "_index_": 131, "partofspeech": "Z", "start": 807, "lemma": "."}], [{"root_tokens": ["palju"], "form": "", "clitic": "", "ending": "0", "end": 815, "root": "palju", "_index_": 132, "partofspeech": "D", "start": 810, "lemma": "palju"}], [{"root_tokens": ["selline"], "form": "sg g", "clitic": "", "ending": "0", "end": 823, "root": "selline", "_index_": 133, "partofspeech": "P", "start": 816, "lemma": "selline"}], [{"root_tokens": ["hind"], "form": "sg n", "clitic": "", "ending": "0", "end": 828, "root": "hind", "_index_": 134, "partofspeech": "S", "start": 824, "lemma": "hind"}], [{"root_tokens": ["huvitav"], "form": "sg n", "clitic": "", "ending": "0", "end": 836, "root": "huvitav", "_index_": 135, "partofspeech": "A", "start": 829, "lemma": "huvitav"}], [{"root_tokens": ["ole"], "form": "b", "clitic": "", "ending": "0", "end": 839, "root": "ole", "_index_": 136, "partofspeech": "V", "start": 837, "lemma": "olema"}, {"root_tokens": ["ole"], "form": "vad", "clitic": "", "ending": "0", "end": 839, "root": "ole", "_index_": 136, "partofspeech": "V", "start": 837, "lemma": "olema"}], [{"root_tokens": [","], "form": "", "clitic": "", "ending": "", "end": 841, "root": ",", "_index_": 137, "partofspeech": "Z", "start": 840, "lemma": ","}], [{"root_tokens": ["päris"], "form": "", "clitic": "", "ending": "0", "end": 847, "root": "päris", "_index_": 138, "partofspeech": "D", "start": 842, "lemma": "päris"}], [{"root_tokens": ["karm"], "form": "sg n", "clitic": "", "ending": "0", "end": 852, "root": "karm", "_index_": 139, "partofspeech": "A", "start": 848, "lemma": "karm"}], [{"root_tokens": ["tükk"], "form": "sg n", "clitic": "", "ending": "0", "end": 857, "root": "tükk", "_index_": 140, "partofspeech": "S", "start": 853, "lemma": "tükk"}], [{"root_tokens": ["."], "form": "", "clitic": "", "ending": "", "end": 859, "root": ".", "_index_": 141, "partofspeech": "Z", "start": 858, "lemma": "."}], [{"root_tokens": [":"], "form": "", "clitic": "", "ending": "", "end": 861, "root": ":", "_index_": 142, "partofspeech": "Z", "start": 860, "lemma": ":"}], [{"root_tokens": ["x"], "form": "?", "clitic": "", "ending": "0", "end": 862, "root": "x", "_index_": 143, "partofspeech": "Y", "start": 861, "lemma": "x"}], [{"root_tokens": ["eks"], "form": "", "clitic": "", "ending": "0", "end": 867, "root": "eks", "_index_": 144, "partofspeech": "D", "start": 864, "lemma": "eks"}], [{"root_tokens": ["tema"], "form": "sg n", "clitic": "", "ending": "0", "end": 870, "root": "tema", "_index_": 145, "partofspeech": "P", "start": 868, "lemma": "tema"}], [{"root_tokens": ["sinna"], "form": "", "clitic": "", "ending": "0", "end": 876, "root": "sinna", "_index_": 146, "partofspeech": "D", "start": 871, "lemma": "sinna"}], [{"root_tokens": ["M3"], "form": "?", "clitic": "", "ending": "0", "end": 879, "root": "M3", "_index_": 147, "partofspeech": "Y", "start": 877, "lemma": "M3"}], [{"root_tokens": ["kant"], "form": "adt", "clitic": "", "ending": "0", "end": 885, "root": "kant", "_index_": 148, "partofspeech": "S", "start": 880, "lemma": "kant"}], [{"root_tokens": ["tule"], "form": "b", "clitic": "", "ending": "b", "end": 891, "root": "tule", "_index_": 149, "partofspeech": "V", "start": 886, "lemma": "tulema"}], [{"root_tokens": ["."], "form": "", "clitic": "", "ending": "", "end": 893, "root": ".", "_index_": 150, "partofspeech": "Z", "start": 892, "lemma": "."}], [{"root_tokens": ["kuna"], "form": "", "clitic": "", "ending": "0", "end": 899, "root": "kuna", "_index_": 151, "partofspeech": "J", "start": 895, "lemma": "kuna"}], [{"root_tokens": ["eestis"], "form": "sg n", "clitic": "", "ending": "0", "end": 906, "root": "eestis", "_index_": 152, "partofspeech": "S", "start": 900, "lemma": "eestis"}], [{"root_tokens": ["mine"], "form": "b", "clitic": "", "ending": "b", "end": 912, "root": "mine", "_index_": 153, "partofspeech": "V", "start": 907, "lemma": "minema"}], [{"root_tokens": ["uus"], "form": "sg n", "clitic": "", "ending": "0", "end": 916, "root": "uus", "_index_": 154, "partofspeech": "A", "start": 913, "lemma": "uus"}], [{"root_tokens": ["IS"], "form": "?", "clitic": "", "ending": "0", "end": 919, "root": "IS", "_index_": 155, "partofspeech": "Y", "start": 917, "lemma": "IS"}], [{"root_tokens": ["suht"], "form": "sg n", "clitic": "", "ending": "0", "end": 924, "root": "suht", "_index_": 156, "partofspeech": "S", "start": 920, "lemma": "suht"}], [{"root_tokens": ["hästi"], "form": "", "clitic": "", "ending": "0", "end": 930, "root": "hästi", "_index_": 157, "partofspeech": "D", "start": 925, "lemma": "hästi"}], [{"root_tokens": ["müük"], "form": "sg tr", "clitic": "", "ending": "ks", "end": 938, "root": "müük", "_index_": 158, "partofspeech": "S", "start": 931, "lemma": "müük"}], [{"root_tokens": [","], "form": "", "clitic": "", "ending": "", "end": 940, "root": ",", "_index_": 159, "partofspeech": "Z", "start": 939, "lemma": ","}], [{"root_tokens": ["loot"], "form": "n", "clitic": "", "ending": "n", "end": 947, "root": "loot", "_index_": 160, "partofspeech": "V", "start": 941, "lemma": "lootma"}], [{"root_tokens": ["et"], "form": "", "clitic": "", "ending": "0", "end": 950, "root": "et", "_index_": 161, "partofspeech": "J", "start": 948, "lemma": "et"}], [{"root_tokens": ["IS", "F"], "form": "?", "clitic": "", "ending": "0", "end": 955, "root": "IS-F", "_index_": 162, "partofspeech": "Y", "start": 951, "lemma": "IS-F"}], [{"root_tokens": ["hakka"], "form": "b", "clitic": "", "ending": "b", "end": 962, "root": "hakka", "_index_": 163, "partofspeech": "V", "start": 956, "lemma": "hakkama"}], [{"root_tokens": ["ka"], "form": "", "clitic": "", "ending": "0", "end": 965, "root": "ka", "_index_": 164, "partofspeech": "D", "start": 963, "lemma": "ka"}], [{"root_tokens": ["ikka"], "form": "", "clitic": "", "ending": "0", "end": 970, "root": "ikka", "_index_": 165, "partofspeech": "D", "start": 966, "lemma": "ikka"}], [{"root_tokens": ["näge"], "form": "ma", "clitic": "", "ending": "ma", "end": 977, "root": "näge", "_index_": 166, "partofspeech": "V", "start": 971, "lemma": "nägema"}], [{"root_tokens": ["."], "form": "", "clitic": "", "ending": "", "end": 979, "root": ".", "_index_": 167, "partofspeech": "Z", "start": 978, "lemma": "."}], [{"root_tokens": ["jutt"], "form": "pl n", "clitic": "", "ending": "d", "end": 986, "root": "jutt", "_index_": 168, "partofspeech": "S", "start": 981, "lemma": "jutt"}], [{"root_tokens": ["käi"], "form": "vad", "clitic": "", "ending": "vad", "end": 993, "root": "käi", "_index_": 169, "partofspeech": "V", "start": 987, "lemma": "käima"}], [{"root_tokens": [","], "form": "", "clitic": "", "ending": "", "end": 995, "root": ",", "_index_": 170, "partofspeech": "Z", "start": 994, "lemma": ","}], [{"root_tokens": ["et"], "form": "", "clitic": "", "ending": "0", "end": 998, "root": "et", "_index_": 171, "partofspeech": "J", "start": 996, "lemma": "et"}], [{"root_tokens": ["alla"], "form": "", "clitic": "", "ending": "0", "end": 1003, "root": "alla", "_index_": 172, "partofspeech": "K", "start": 999, "lemma": "alla"}], [{"root_tokens": ["milku"], "form": "sg g", "clitic": "", "ending": "0", "end": 1009, "root": "milku", "_index_": 173, "partofspeech": "S", "start": 1004, "lemma": "milku"}], [{"root_tokens": ["ikka"], "form": "", "clitic": "", "ending": "0", "end": 1014, "root": "ikka", "_index_": 174, "partofspeech": "D", "start": 1010, "lemma": "ikka"}], [{"root_tokens": ["väga"], "form": "", "clitic": "", "ending": "0", "end": 1019, "root": "väga", "_index_": 175, "partofspeech": "D", "start": 1015, "lemma": "väga"}], [{"root_tokens": ["ei"], "form": "neg", "clitic": "", "ending": "0", "end": 1022, "root": "ei", "_index_": 176, "partofspeech": "V", "start": 1020, "lemma": "ei"}], [{"root_tokens": ["näppi"], "form": "o", "clitic": "", "ending": "0", "end": 1027, "root": "näppi", "_index_": 177, "partofspeech": "V", "start": 1023, "lemma": "näppima"}], [{"root_tokens": ["see"], "form": "sg p", "clitic": "", "ending": "da", "end": 1032, "root": "see", "_index_": 178, "partofspeech": "P", "start": 1028, "lemma": "see"}], [{"root_tokens": ["."], "form": "", "clitic": "", "ending": "", "end": 1034, "root": ".", "_index_": 179, "partofspeech": "Z", "start": 1033, "lemma": "."}], [{"root_tokens": ["Bmw"], "form": "sg n", "clitic": "", "ending": "0", "end": 1039, "root": "Bmw", "_index_": 180, "partofspeech": "H", "start": 1036, "lemma": "Bmw"}], [{"root_tokens": ["CS"], "form": "?", "clitic": "", "ending": "0", "end": 1042, "root": "CS", "_index_": 181, "partofspeech": "Y", "start": 1040, "lemma": "CS"}]]}, {"enveloping": null, "attributes": ["lemma", "root", "root_tokens", "ending", "clitic", "form", "partofspeech"], "name": "gt_morph_analysis", "parent": "morph_analysis", "_base": "words", "ambiguous": true, "spans": [[{"root_tokens": ["kust"], "form": "", "clitic": "", "ending": "0", "end": 4, "root": "kust", "_index_": 0, "partofspeech": "D", "start": 0, "lemma": "kust"}], [{"root_tokens": ["sina"], "form": "Sg Nom", "clitic": "", "ending": "0", "end": 7, "root": "sina", "_index_": 1, "partofspeech": "P", "start": 5, "lemma": "sina"}], [{"root_tokens": ["see"], "form": "Sg Par", "clitic": "", "ending": "da", "end": 12, "root": "see", "_index_": 2, "partofspeech": "P", "start": 8, "lemma": "see"}], [{"root_tokens": ["tootmis", "valmidus"], "form": "Sg Par", "clitic": "", "ending": "t", "end": 29, "root": "tootmis_valmidus", "_index_": 3, "partofspeech": "S", "start": 13, "lemma": "tootmisvalmidus"}], [{"root_tokens": ["kuul"], "form": "Pers Prt Ind Pl 3 Aff", "clitic": "", "ending": "sid", "end": 37, "root": "kuul", "_index_": 4, "partofspeech": "V", "start": 30, "lemma": "kuulma"}, {"root_tokens": ["kuul"], "form": "Pers Prt Ind Sg 2 Aff", "clitic": "", "ending": "sid", "end": 37, "root": "kuul", "_index_": 4, "partofspeech": "V", "start": 30, "lemma": "kuulma"}], [{"root_tokens": ["?"], "form": "", "clitic": "", "ending": "", "end": 39, "root": "?", "_index_": 5, "partofspeech": "Z", "start": 38, "lemma": "?"}], [{"root_tokens": ["eest"], "form": "", "clitic": "", "ending": "0", "end": 45, "root": "eest", "_index_": 6, "partofspeech": "D", "start": 41, "lemma": "eest"}], [{"root_tokens": ["ole"], "form": "Pers Prs Ind Sg 3 Aff", "clitic": "", "ending": "0", "end": 48, "root": "ole", "_index_": 7, "partofspeech": "V", "start": 46, "lemma": "olema"}, {"root_tokens": ["ole"], "form": "Pers Prs Ind Pl 3 Aff", "clitic": "", "ending": "0", "end": 48, "root": "ole", "_index_": 7, "partofspeech": "V", "start": 46, "lemma": "olema"}], [{"root_tokens": ["suhteliselt"], "form": "", "clitic": "", "ending": "0", "end": 60, "root": "suhteliselt", "_index_": 8, "partofspeech": "D", "start": 49, "lemma": "suhteliselt"}], [{"root_tokens": ["S2000"], "form": "?", "clitic": "", "ending": "0", "end": 66, "root": "S2000", "_index_": 9, "partofspeech": "Y", "start": 61, "lemma": "S2000"}], [{"root_tokens": ["kuskil"], "form": "", "clitic": "", "ending": "0", "end": 74, "root": "kuskil", "_index_": 10, "partofspeech": "D", "start": 68, "lemma": "kuskil"}], [{"root_tokens": ["ole"], "form": "Pers Prt Ind Sg 3 Aff", "clitic": "", "ending": "i", "end": 78, "root": "ole", "_index_": 11, "partofspeech": "V", "start": 75, "lemma": "olema"}], [{"root_tokens": ["kiri"], "form": "Sg Ine", "clitic": "", "ending": "s", "end": 85, "root": "kiri", "_index_": 12, "partofspeech": "S", "start": 79, "lemma": "kiri"}], [{"root_tokens": [","], "form": "", "clitic": "", "ending": "", "end": 87, "root": ",", "_index_": 13, "partofspeech": "Z", "start": 86, "lemma": ","}], [{"root_tokens": ["et"], "form": "", "clitic": "", "ending": "0", "end": 90, "root": "et", "_index_": 14, "partofspeech": "J", "start": 88, "lemma": "et"}], [{"root_tokens": ["too"], "form": "Sg Nom", "clitic": "", "ending": "0", "end": 94, "root": "too", "_index_": 15, "partofspeech": "P", "start": 91, "lemma": "too"}], [{"root_tokens": ["om"], "form": "?", "clitic": "", "ending": "0", "end": 97, "root": "om", "_index_": 16, "partofspeech": "Y", "start": 95, "lemma": "om"}], [{"root_tokens": ["tootmis", "valmis"], "form": "Sg Nom", "clitic": "", "ending": "0", "end": 111, "root": "tootmis_valmis", "_index_": 17, "partofspeech": "A", "start": 98, "lemma": "tootmisvalmis"}], [{"root_tokens": ["mudel"], "form": "Sg Nom", "clitic": "", "ending": "0", "end": 117, "root": "mudel", "_index_": 18, "partofspeech": "S", "start": 112, "lemma": "mudel"}], [{"root_tokens": [","], "form": "", "clitic": "", "ending": "", "end": 119, "root": ",", "_index_": 19, "partofspeech": "Z", "start": 118, "lemma": ","}], [{"root_tokens": ["selline"], "form": "Sg Ess", "clitic": "", "ending": "na", "end": 129, "root": "selline", "_index_": 20, "partofspeech": "P", "start": 120, "lemma": "selline"}], [{"root_tokens": ["tule"], "form": "Pers Prs Ind Sg 3 Aff", "clitic": "", "ending": "b", "end": 135, "root": "tule", "_index_": 21, "partofspeech": "V", "start": 130, "lemma": "tulema"}], [{"root_tokens": ["välja"], "form": "", "clitic": "", "ending": "0", "end": 141, "root": "välja", "_index_": 22, "partofspeech": "D", "start": 136, "lemma": "välja"}], [{"root_tokens": ["."], "form": "", "clitic": "", "ending": "", "end": 143, "root": ".", "_index_": 23, "partofspeech": "Z", "start": 142, "lemma": "."}], [{"root_tokens": ["paraku"], "form": "", "clitic": "", "ending": "0", "end": 151, "root": "paraku", "_index_": 24, "partofspeech": "D", "start": 145, "lemma": "paraku"}], [{"root_tokens": ["ole"], "form": "Pers Prs Ind Sg 3 Aff", "clitic": "", "ending": "0", "end": 154, "root": "ole", "_index_": 25, "partofspeech": "V", "start": 152, "lemma": "olema"}, {"root_tokens": ["ole"], "form": "Pers Prs Ind Pl 3 Aff", "clitic": "", "ending": "0", "end": 154, "root": "ole", "_index_": 25, "partofspeech": "V", "start": 152, "lemma": "olema"}], [{"root_tokens": ["tegu"], "form": "Sg Par", "clitic": "", "ending": "0", "end": 159, "root": "tegu", "_index_": 26, "partofspeech": "S", "start": 155, "lemma": "tegu"}], [{"root_tokens": ["siiski"], "form": "", "clitic": "", "ending": "0", "end": 166, "root": "siiski", "_index_": 27, "partofspeech": "D", "start": 160, "lemma": "siiski"}], [{"root_tokens": ["veel"], "form": "", "clitic": "", "ending": "0", "end": 171, "root": "veel", "_index_": 28, "partofspeech": "D", "start": 167, "lemma": "veel"}], [{"root_tokens": ["2008"], "form": "?", "clitic": "", "ending": "0", "end": 176, "root": "2008", "_index_": 29, "partofspeech": "N", "start": 172, "lemma": "2008"}], [{"root_tokens": ["Lexu"], "form": "Sg Ine", "clitic": "", "ending": "s", "end": 182, "root": "Lexu", "_index_": 30, "partofspeech": "H", "start": 177, "lemma": "Lexu"}], [{"root_tokens": ["LF", "A"], "form": "?", "clitic": "", "ending": "0", "end": 187, "root": "LF-A", "_index_": 31, "partofspeech": "Y", "start": 183, "lemma": "LF-A"}], [{"root_tokens": ["Concept"], "form": "Sg Com", "clitic": "", "ending": "ga", "end": 198, "root": "Concept", "_index_": 32, "partofspeech": "H", "start": 188, "lemma": "Concept"}, {"root_tokens": ["Concepti"], "form": "Sg Com", "clitic": "", "ending": "ga", "end": 198, "root": "Concepti", "_index_": 32, "partofspeech": "H", "start": 188, "lemma": "Concepti"}], [{"root_tokens": ["tegemine"], "form": "Sg Par", "clitic": "", "ending": "t", "end": 208, "root": "tegemine", "_index_": 33, "partofspeech": "S", "start": 200, "lemma": "tegemine"}], [{"root_tokens": ["near", "production"], "form": "Sg Nom", "clitic": "", "ending": "0", "end": 224, "root": "near-production", "_index_": 34, "partofspeech": "S", "start": 209, "lemma": "near-production"}], [{"root_tokens": ["concept"], "form": "Sg Com", "clitic": "", "ending": "ga", "end": 235, "root": "concept", "_index_": 35, "partofspeech": "S", "start": 225, "lemma": "concept"}, {"root_tokens": ["concepti"], "form": "Sg Com", "clitic": "", "ending": "ga", "end": 235, "root": "concepti", "_index_": 35, "partofspeech": "S", "start": 225, "lemma": "concepti"}], [{"root_tokens": [","], "form": "", "clitic": "", "ending": "", "end": 237, "root": ",", "_index_": 36, "partofspeech": "Z", "start": 236, "lemma": ","}], [{"root_tokens": ["ehk"], "form": "", "clitic": "", "ending": "0", "end": 241, "root": "ehk", "_index_": 37, "partofspeech": "J", "start": 238, "lemma": "ehk"}], [{"root_tokens": ["siis"], "form": "", "clitic": "", "ending": "0", "end": 246, "root": "siis", "_index_": 38, "partofspeech": "D", "start": 242, "lemma": "siis"}], [{"root_tokens": ["arvatavasti"], "form": "", "clitic": "", "ending": "0", "end": 258, "root": "arvatavasti", "_index_": 39, "partofspeech": "D", "start": 247, "lemma": "arvatavasti"}], [{"root_tokens": ["tule"], "form": "Pers Prs Ind Sg 3 Aff", "clitic": "", "ending": "b", "end": 264, "root": "tule", "_index_": 40, "partofspeech": "V", "start": 259, "lemma": "tulema"}], [{"root_tokens": ["vahe"], "form": "Sg Gen", "clitic": "", "ending": "0", "end": 269, "root": "vahe", "_index_": 41, "partofspeech": "S", "start": 265, "lemma": "vahe"}], [{"root_tokens": ["tootmine"], "form": "Sg Ill", "clitic": "", "ending": "se", "end": 279, "root": "tootmine", "_index_": 42, "partofspeech": "S", "start": 270, "lemma": "tootmine"}], [{"root_tokens": ["minev"], "form": "Sg Gen", "clitic": "", "ending": "0", "end": 286, "root": "minev", "_index_": 43, "partofspeech": "A", "start": 280, "lemma": "minev"}], [{"root_tokens": ["masina", "iga"], "form": "Sg Nom", "clitic": "", "ending": "0", "end": 296, "root": "masina_iga", "_index_": 44, "partofspeech": "S", "start": 287, "lemma": "masinaiga"}], [{"root_tokens": ["umbes"], "form": "", "clitic": "", "ending": "0", "end": 302, "root": "umbes", "_index_": 45, "partofspeech": "D", "start": 297, "lemma": "umbes"}], [{"root_tokens": ["sama"], "form": "Sg Nom", "clitic": "", "ending": "0", "end": 307, "root": "sama", "_index_": 46, "partofspeech": "P", "start": 303, "lemma": "sama"}], [{"root_tokens": ["väike"], "form": "Sg Nom", "clitic": "", "ending": "0", "end": 313, "root": "väike", "_index_": 47, "partofspeech": "A", "start": 308, "lemma": "väike"}], [{"root_tokens": ["nagu"], "form": "", "clitic": "", "ending": "0", "end": 318, "root": "nagu", "_index_": 48, "partofspeech": "D", "start": 314, "lemma": "nagu"}, {"root_tokens": ["nagu"], "form": "", "clitic": "", "ending": "0", "end": 318, "root": "nagu", "_index_": 48, "partofspeech": "J", "start": 314, "lemma": "nagu"}], [{"root_tokens": ["Auris"], "form": "Sg Gen", "clitic": "", "ending": "0", "end": 325, "root": "Auris", "_index_": 49, "partofspeech": "H", "start": 319, "lemma": "Auris"}], [{"root_tokens": ["concepti"], "form": "Sg Ade", "clitic": "", "ending": "l", "end": 335, "root": "concepti", "_index_": 50, "partofspeech": "S", "start": 326, "lemma": "concepti"}, {"root_tokens": ["concept"], "form": "Sg Ade", "clitic": "", "ending": "l", "end": 335, "root": "concept", "_index_": 50, "partofspeech": "S", "start": 326, "lemma": "concept"}], [{"root_tokens": ["ja"], "form": "", "clitic": "", "ending": "0", "end": 338, "root": "ja", "_index_": 51, "partofspeech": "J", "start": 336, "lemma": "ja"}], [{"root_tokens": ["tegelikult"], "form": "", "clitic": "", "ending": "0", "end": 349, "root": "tegelikult", "_index_": 52, "partofspeech": "D", "start": 339, "lemma": "tegelikult"}], [{"root_tokens": ["välja"], "form": "", "clitic": "", "ending": "0", "end": 355, "root": "välja", "_index_": 53, "partofspeech": "D", "start": 350, "lemma": "välja"}], [{"root_tokens": ["tulnud"], "form": "", "clitic": "", "ending": "0", "end": 362, "root": "tul=nud", "_index_": 54, "partofspeech": "A", "start": 356, "lemma": "tulnud"}, {"root_tokens": ["tulnud"], "form": "Sg Nom", "clitic": "", "ending": "0", "end": 362, "root": "tul=nud", "_index_": 54, "partofspeech": "A", "start": 356, "lemma": "tulnud"}, {"root_tokens": ["tulnud"], "form": "Pl Nom", "clitic": "", "ending": "d", "end": 362, "root": "tul=nud", "_index_": 54, "partofspeech": "A", "start": 356, "lemma": "tulnud"}, {"root_tokens": ["tule"], "form": "Pers Prt Prc", "clitic": "", "ending": "nud", "end": 362, "root": "tule", "_index_": 54, "partofspeech": "V", "start": 356, "lemma": "tulema"}], [{"root_tokens": ["Aurisel"], "form": "Sg Nom", "clitic": "", "ending": "0", "end": 370, "root": "Aurisel", "_index_": 55, "partofspeech": "H", "start": 363, "lemma": "Aurisel"}], [{"root_tokens": ["("], "form": "", "clitic": "", "ending": "", "end": 372, "root": "(", "_index_": 56, "partofspeech": "Z", "start": 371, "lemma": "("}], [{"root_tokens": ["mingi"], "form": "Sg Nom", "clitic": "", "ending": "0", "end": 378, "root": "mingi", "_index_": 57, "partofspeech": "P", "start": 373, "lemma": "mingi"}], [{"root_tokens": ["sumpa"], "form": "Pers Prs Ind Sg 2 Aff", "clitic": "", "ending": "d", "end": 385, "root": "sumpa", "_index_": 58, "partofspeech": "V", "start": 379, "lemma": "sumpama"}], [{"root_tokens": ["viets"], "form": "Sg Nom", "clitic": "", "ending": "0", "end": 391, "root": "viets", "_index_": 59, "partofspeech": "S", "start": 386, "lemma": "viets"}], [{"root_tokens": ["teisiti"], "form": "", "clitic": "", "ending": "0", "end": 399, "root": "teisiti", "_index_": 60, "partofspeech": "D", "start": 392, "lemma": "teisiti"}], [{"root_tokens": ["ja"], "form": "", "clitic": "", "ending": "0", "end": 402, "root": "ja", "_index_": 61, "partofspeech": "J", "start": 400, "lemma": "ja"}], [{"root_tokens": ["paar"], "form": "Sg Nom", "clitic": "", "ending": "0", "end": 407, "root": "paar", "_index_": 62, "partofspeech": "N", "start": 403, "lemma": "paar"}], [{"root_tokens": ["muu"], "form": "Sg Par", "clitic": "", "ending": "d", "end": 412, "root": "muu", "_index_": 63, "partofspeech": "P", "start": 408, "lemma": "muu"}], [{"root_tokens": ["joon"], "form": "Sg Par", "clitic": "", "ending": "t", "end": 418, "root": "joon", "_index_": 64, "partofspeech": "S", "start": 413, "lemma": "joon"}], [{"root_tokens": ["ka"], "form": "", "clitic": "", "ending": "0", "end": 421, "root": "ka", "_index_": 65, "partofspeech": "D", "start": 419, "lemma": "ka"}], [{"root_tokens": ["ole"], "form": "Pers Prt Ind Sg 3 Aff", "clitic": "", "ending": "i", "end": 425, "root": "ole", "_index_": 66, "partofspeech": "V", "start": 422, "lemma": "olema"}], [{"root_tokens": ["vist"], "form": "", "clitic": "", "ending": "0", "end": 430, "root": "vist", "_index_": 67, "partofspeech": "D", "start": 426, "lemma": "vist"}], [{"root_tokens": ["tiba"], "form": "Sg Nom", "clitic": "", "ending": "0", "end": 435, "root": "tiba", "_index_": 68, "partofspeech": "S", "start": 431, "lemma": "tiba"}], [{"root_tokens": ["teisiti"], "form": "", "clitic": "", "ending": "0", "end": 443, "root": "teisiti", "_index_": 69, "partofspeech": "D", "start": 436, "lemma": "teisiti"}], [{"root_tokens": [")"], "form": "", "clitic": "", "ending": "", "end": 445, "root": ")", "_index_": 70, "partofspeech": "Z", "start": 444, "lemma": ")"}], [{"root_tokens": ["."], "form": "", "clitic": "", "ending": "", "end": 447, "root": ".", "_index_": 71, "partofspeech": "Z", "start": 446, "lemma": "."}], [{"root_tokens": ["rada"], "form": "Sg Ade", "clitic": "", "ending": "l", "end": 454, "root": "rada", "_index_": 72, "partofspeech": "S", "start": 449, "lemma": "rada"}, {"root_tokens": ["raja"], "form": "Sg Ade", "clitic": "", "ending": "l", "end": 454, "root": "raja", "_index_": 72, "partofspeech": "S", "start": 449, "lemma": "raja"}], [{"root_tokens": ["kuula"], "form": "Pers Prs Imprt Pl 2", "clitic": "", "ending": "ke", "end": 462, "root": "kuula", "_index_": 73, "partofspeech": "V", "start": 455, "lemma": "kuulama"}], [{"root_tokens": ["see"], "form": "Sg Par", "clitic": "", "ending": "da", "end": 467, "root": "see", "_index_": 74, "partofspeech": "P", "start": 463, "lemma": "see"}], [{"root_tokens": ["mõnus"], "form": "Sg Par", "clitic": "", "ending": "t", "end": 475, "root": "mõnus", "_index_": 75, "partofspeech": "A", "start": 468, "lemma": "mõnus"}], [{"root_tokens": ["mootor"], "form": "Sg Gen", "clitic": "", "ending": "0", "end": 483, "root": "mootor", "_index_": 76, "partofspeech": "S", "start": 476, "lemma": "mootor"}], [{"root_tokens": ["nurrumine"], "form": "Sg Par", "clitic": "", "ending": "t", "end": 493, "root": "nurrumine", "_index_": 77, "partofspeech": "S", "start": 484, "lemma": "nurrumine"}], [{"root_tokens": ["."], "form": "", "clitic": "", "ending": "", "end": 495, "root": ".", "_index_": 78, "partofspeech": "Z", "start": 494, "lemma": "."}], [{"root_tokens": ["mootr"], "form": "Sg Gen", "clitic": "", "ending": "0", "end": 503, "root": "mootr", "_index_": 79, "partofspeech": "S", "start": 497, "lemma": "mootr"}, {"root_tokens": ["mootri"], "form": "Sg Gen", "clitic": "", "ending": "0", "end": 503, "root": "mootri", "_index_": 79, "partofspeech": "S", "start": 497, "lemma": "mootri"}], [{"root_tokens": ["mõnna"], "form": "Sg Nom", "clitic": "", "ending": "0", "end": 509, "root": "mõnna", "_index_": 80, "partofspeech": "S", "start": 504, "lemma": "mõnna"}], [{"root_tokens": ["vägev"], "form": "Pl Nom", "clitic": "", "ending": "d", "end": 518, "root": "vägev", "_index_": 81, "partofspeech": "A", "start": 511, "lemma": "vägev"}], [{"root_tokens": ["auto"], "form": "Pl Nom", "clitic": "", "ending": "d", "end": 524, "root": "auto", "_index_": 82, "partofspeech": "S", "start": 519, "lemma": "auto"}], [{"root_tokens": ["mõlema"], "form": "Pl Nom", "clitic": "", "ending": "d", "end": 532, "root": "mõlema", "_index_": 83, "partofspeech": "P", "start": 525, "lemma": "mõlema"}], [{"root_tokens": ["see"], "form": "Pl Nom", "clitic": "", "ending": "d", "end": 537, "root": "see", "_index_": 84, "partofspeech": "P", "start": 533, "lemma": "see"}], [{"root_tokens": ["viimane"], "form": "Pl Nom", "clitic": "", "ending": "d", "end": 546, "root": "viimane", "_index_": 85, "partofspeech": "A", "start": 538, "lemma": "viimane"}], [{"root_tokens": [","], "form": "", "clitic": "", "ending": "", "end": 548, "root": ",", "_index_": 86, "partofspeech": "Z", "start": 547, "lemma": ","}], [{"root_tokens": ["kuid"], "form": "", "clitic": "", "ending": "0", "end": 553, "root": "kuid", "_index_": 87, "partofspeech": "J", "start": 549, "lemma": "kuid"}], [{"root_tokens": ["nii"], "form": "", "clitic": "", "ending": "0", "end": 557, "root": "nii", "_index_": 88, "partofspeech": "D", "start": 554, "lemma": "nii"}], [{"root_tokens": ["ülimegasuperco", "olme"], "form": "Sg Com", "clitic": "", "ending": "ga", "end": 578, "root": "ülimegasuperco_olme", "_index_": 89, "partofspeech": "S", "start": 558, "lemma": "ülimegasupercoolme"}], [{"root_tokens": ["vaimustus"], "form": "Sg Par", "clitic": "", "ending": "t", "end": 589, "root": "vaimustus", "_index_": 90, "partofspeech": "S", "start": 579, "lemma": "vaimustus"}], [{"root_tokens": ["küll"], "form": "", "clitic": "", "ending": "0", "end": 594, "root": "küll", "_index_": 91, "partofspeech": "D", "start": 590, "lemma": "küll"}], [{"root_tokens": ["ei"], "form": "Neg", "clitic": "", "ending": "0", "end": 597, "root": "ei", "_index_": 92, "partofspeech": "V", "start": 595, "lemma": "ei"}], [{"root_tokens": ["tekkinud"], "form": "", "clitic": "", "ending": "0", "end": 606, "root": "tekki=nud", "_index_": 93, "partofspeech": "A", "start": 598, "lemma": "tekkinud"}, {"root_tokens": ["tekkinud"], "form": "Sg Nom", "clitic": "", "ending": "0", "end": 606, "root": "tekki=nud", "_index_": 93, "partofspeech": "A", "start": 598, "lemma": "tekkinud"}, {"root_tokens": ["tekkinud"], "form": "Pl Nom", "clitic": "", "ending": "d", "end": 606, "root": "tekki=nud", "_index_": 93, "partofspeech": "A", "start": 598, "lemma": "tekkinud"}, {"root_tokens": ["tekki"], "form": "Pers Prt Ind Neg", "clitic": "", "ending": "nud", "end": 606, "root": "tekki", "_index_": 93, "partofspeech": "V", "start": 598, "lemma": "tekkima"}], [{"root_tokens": ["."], "form": "", "clitic": "", "ending": "", "end": 609, "root": ".", "_index_": 94, "partofspeech": "Z", "start": 608, "lemma": "."}], [{"root_tokens": ["IS", "F"], "form": "Sg Ade", "clitic": "", "ending": "l", "end": 618, "root": "IS-F", "_index_": 95, "partofspeech": "H", "start": 611, "lemma": "IS-F"}], [{"root_tokens": ["küll"], "form": "", "clitic": "", "ending": "0", "end": 623, "root": "küll", "_index_": 96, "partofspeech": "D", "start": 619, "lemma": "küll"}], [{"root_tokens": ["hea"], "form": "Pl Nom", "clitic": "", "ending": "d", "end": 628, "root": "hea", "_index_": 97, "partofspeech": "A", "start": 624, "lemma": "hea"}], [{"root_tokens": ["mootor"], "form": "Sg Gen", "clitic": "", "ending": "0", "end": 636, "root": "mootor", "_index_": 98, "partofspeech": "S", "start": 629, "lemma": "mootor"}], [{"root_tokens": ["näitaja"], "form": "Pl Nom", "clitic": "", "ending": "d", "end": 645, "root": "näitaja", "_index_": 99, "partofspeech": "S", "start": 637, "lemma": "näitaja"}], [{"root_tokens": [","], "form": "", "clitic": "", "ending": "", "end": 647, "root": ",", "_index_": 100, "partofspeech": "Z", "start": 646, "lemma": ","}], [{"root_tokens": ["aga"], "form": "", "clitic": "", "ending": "0", "end": 651, "root": "aga", "_index_": 101, "partofspeech": "J", "start": 648, "lemma": "aga"}], [{"root_tokens": ["taht"], "form": "Pers Prs Cond", "clitic": "", "ending": "ks", "end": 658, "root": "taht", "_index_": 102, "partofspeech": "V", "start": 652, "lemma": "tahtma"}], [{"root_tokens": ["tead"], "form": "Inf", "clitic": "", "ending": "a", "end": 664, "root": "tead", "_index_": 103, "partofspeech": "V", "start": 659, "lemma": "teadma"}], [{"root_tokens": ["kui"], "form": "", "clitic": "", "ending": "0", "end": 668, "root": "kui", "_index_": 104, "partofspeech": "D", "start": 665, "lemma": "kui"}, {"root_tokens": ["kui"], "form": "", "clitic": "", "ending": "0", "end": 668, "root": "kui", "_index_": 104, "partofspeech": "J", "start": 665, "lemma": "kui"}], [{"root_tokens": ["hästi"], "form": "", "clitic": "", "ending": "0", "end": 674, "root": "hästi", "_index_": 105, "partofspeech": "D", "start": 669, "lemma": "hästi"}], [{"root_tokens": ["see"], "form": "Sg Nom", "clitic": "", "ending": "0", "end": 678, "root": "see", "_index_": 106, "partofspeech": "P", "start": 675, "lemma": "see"}], [{"root_tokens": ["5.0"], "form": "Sg Ade", "clitic": "", "ending": "l", "end": 683, "root": "5.0", "_index_": 107, "partofspeech": "N", "start": 679, "lemma": "5.0"}], [{"root_tokens": ["mootor"], "form": "Sg Com", "clitic": "", "ending": "ga", "end": 693, "root": "mootor", "_index_": 108, "partofspeech": "S", "start": 684, "lemma": "mootor"}], [{"root_tokens": ["ka"], "form": "", "clitic": "", "ending": "0", "end": 696, "root": "ka", "_index_": 109, "partofspeech": "D", "start": 694, "lemma": "ka"}], [{"root_tokens": ["tee"], "form": "Sg Ade", "clitic": "", "ending": "l", "end": 701, "root": "tee", "_index_": 110, "partofspeech": "S", "start": 697, "lemma": "tee"}], [{"root_tokens": ["püsi"], "form": "Pers Prs Ind Sg 3 Aff", "clitic": "", "ending": "b", "end": 707, "root": "püsi", "_index_": 111, "partofspeech": "V", "start": 702, "lemma": "püsima"}], [{"root_tokens": ["."], "form": "", "clitic": "", "ending": "", "end": 709, "root": ".", "_index_": 112, "partofspeech": "Z", "start": 708, "lemma": "."}], [{"root_tokens": ["mina"], "form": "Sg Nom", "clitic": "", "ending": "0", "end": 713, "root": "mina", "_index_": 113, "partofspeech": "P", "start": 711, "lemma": "mina"}], [{"root_tokens": ["miski", "pärast"], "form": "", "clitic": "", "ending": "0", "end": 725, "root": "miski_pärast", "_index_": 114, "partofspeech": "D", "start": 714, "lemma": "miskipärast"}], [{"root_tokens": ["arva"], "form": "Pers Prs Ind Sg 1 Aff", "clitic": "", "ending": "n", "end": 731, "root": "arva", "_index_": 115, "partofspeech": "V", "start": 726, "lemma": "arvama"}], [{"root_tokens": [","], "form": "", "clitic": "", "ending": "", "end": 733, "root": ",", "_index_": 116, "partofspeech": "Z", "start": 732, "lemma": ","}], [{"root_tokens": ["et"], "form": "", "clitic": "", "ending": "0", "end": 736, "root": "et", "_index_": 117, "partofspeech": "J", "start": 734, "lemma": "et"}], [{"root_tokens": ["see"], "form": "Sg Nom", "clitic": "", "ending": "0", "end": 740, "root": "see", "_index_": 118, "partofspeech": "P", "start": 737, "lemma": "see"}], [{"root_tokens": ["IS", "F"], "form": "?", "clitic": "", "ending": "0", "end": 745, "root": "IS-F", "_index_": 119, "partofspeech": "Y", "start": 741, "lemma": "IS-F"}], [{"root_tokens": ["püsi"], "form": "Pers Prs Ind Sg 3 Aff", "clitic": "", "ending": "b", "end": 751, "root": "püsi", "_index_": 120, "partofspeech": "V", "start": 746, "lemma": "püsima"}], [{"root_tokens": ["hästi"], "form": "", "clitic": "", "ending": "0", "end": 757, "root": "hästi", "_index_": 121, "partofspeech": "D", "start": 752, "lemma": "hästi"}], [{"root_tokens": ["tee"], "form": "Sg Ade", "clitic": "", "ending": "l", "end": 762, "root": "tee", "_index_": 122, "partofspeech": "S", "start": 758, "lemma": "tee"}], [{"root_tokens": ["."], "form": "", "clitic": "", "ending": "", "end": 764, "root": ".", "_index_": 123, "partofspeech": "Z", "start": 763, "lemma": "."}], [{"root_tokens": ["tavaline"], "form": "Sg Nom", "clitic": "", "ending": "0", "end": 773, "root": "tavaline", "_index_": 124, "partofspeech": "A", "start": 765, "lemma": "tavaline"}], [{"root_tokens": ["IS"], "form": "?", "clitic": "", "ending": "0", "end": 776, "root": "IS", "_index_": 125, "partofspeech": "Y", "start": 774, "lemma": "IS"}], [{"root_tokens": ["ole"], "form": "Pers Prs Ind Sg 3 Aff", "clitic": "", "ending": "0", "end": 779, "root": "ole", "_index_": 126, "partofspeech": "V", "start": 777, "lemma": "olema"}, {"root_tokens": ["ole"], "form": "Pers Prs Ind Pl 3 Aff", "clitic": "", "ending": "0", "end": 779, "root": "ole", "_index_": 126, "partofspeech": "V", "start": 777, "lemma": "olema"}], [{"root_tokens": ["juba"], "form": "", "clitic": "", "ending": "0", "end": 784, "root": "juba", "_index_": 127, "partofspeech": "D", "start": 780, "lemma": "juba"}], [{"root_tokens": ["juhitavus"], "form": "Sg Abl", "clitic": "", "ending": "lt", "end": 797, "root": "juhitavus", "_index_": 128, "partofspeech": "S", "start": 785, "lemma": "juhitavus"}], [{"root_tokens": ["väga"], "form": "", "clitic": "", "ending": "0", "end": 802, "root": "väga", "_index_": 129, "partofspeech": "D", "start": 798, "lemma": "väga"}], [{"root_tokens": ["hea"], "form": "Sg Nom", "clitic": "", "ending": "0", "end": 806, "root": "hea", "_index_": 130, "partofspeech": "A", "start": 803, "lemma": "hea"}], [{"root_tokens": ["."], "form": "", "clitic": "", "ending": "", "end": 808, "root": ".", "_index_": 131, "partofspeech": "Z", "start": 807, "lemma": "."}], [{"root_tokens": ["palju"], "form": "", "clitic": "", "ending": "0", "end": 815, "root": "palju", "_index_": 132, "partofspeech": "D", "start": 810, "lemma": "palju"}], [{"root_tokens": ["selline"], "form": "Sg Gen", "clitic": "", "ending": "0", "end": 823, "root": "selline", "_index_": 133, "partofspeech": "P", "start": 816, "lemma": "selline"}], [{"root_tokens": ["hind"], "form": "Sg Nom", "clitic": "", "ending": "0", "end": 828, "root": "hind", "_index_": 134, "partofspeech": "S", "start": 824, "lemma": "hind"}], [{"root_tokens": ["huvitav"], "form": "Sg Nom", "clitic": "", "ending": "0", "end": 836, "root": "huvitav", "_index_": 135, "partofspeech": "A", "start": 829, "lemma": "huvitav"}], [{"root_tokens": ["ole"], "form": "Pers Prs Ind Sg 3 Aff", "clitic": "", "ending": "0", "end": 839, "root": "ole", "_index_": 136, "partofspeech": "V", "start": 837, "lemma": "olema"}, {"root_tokens": ["ole"], "form": "Pers Prs Ind Pl 3 Aff", "clitic": "", "ending": "0", "end": 839, "root": "ole", "_index_": 136, "partofspeech": "V", "start": 837, "lemma": "olema"}], [{"root_tokens": [","], "form": "", "clitic": "", "ending": "", "end": 841, "root": ",", "_index_": 137, "partofspeech": "Z", "start": 840, "lemma": ","}], [{"root_tokens": ["päris"], "form": "", "clitic": "", "ending": "0", "end": 847, "root": "päris", "_index_": 138, "partofspeech": "D", "start": 842, "lemma": "päris"}], [{"root_tokens": ["karm"], "form": "Sg Nom", "clitic": "", "ending": "0", "end": 852, "root": "karm", "_index_": 139, "partofspeech": "A", "start": 848, "lemma": "karm"}], [{"root_tokens": ["tükk"], "form": "Sg Nom", "clitic": "", "ending": "0", "end": 857, "root": "tükk", "_index_": 140, "partofspeech": "S", "start": 853, "lemma": "tükk"}], [{"root_tokens": ["."], "form": "", "clitic": "", "ending": "", "end": 859, "root": ".", "_index_": 141, "partofspeech": "Z", "start": 858, "lemma": "."}], [{"root_tokens": [":"], "form": "", "clitic": "", "ending": "", "end": 861, "root": ":", "_index_": 142, "partofspeech": "Z", "start": 860, "lemma": ":"}], [{"root_tokens": ["x"], "form": "?", "clitic": "", "ending": "0", "end": 862, "root": "x", "_index_": 143, "partofspeech": "Y", "start": 861, "lemma": "x"}], [{"root_tokens": ["eks"], "form": "", "clitic": "", "ending": "0", "end": 867, "root": "eks", "_index_": 144, "partofspeech": "D", "start": 864, "lemma": "eks"}], [{"root_tokens": ["tema"], "form": "Sg Nom", "clitic": "", "ending": "0", "end": 870, "root": "tema", "_index_": 145, "partofspeech": "P", "start": 868, "lemma": "tema"}], [{"root_tokens": ["sinna"], "form": "", "clitic": "", "ending": "0", "end": 876, "root": "sinna", "_index_": 146, "partofspeech": "D", "start": 871, "lemma": "sinna"}], [{"root_tokens": ["M3"], "form": "?", "clitic": "", "ending": "0", "end": 879, "root": "M3", "_index_": 147, "partofspeech": "Y", "start": 877, "lemma": "M3"}], [{"root_tokens": ["kant"], "form": "Sg Ill", "clitic": "", "ending": "0", "end": 885, "root": "kant", "_index_": 148, "partofspeech": "S", "start": 880, "lemma": "kant"}], [{"root_tokens": ["tule"], "form": "Pers Prs Ind Sg 3 Aff", "clitic": "", "ending": "b", "end": 891, "root": "tule", "_index_": 149, "partofspeech": "V", "start": 886, "lemma": "tulema"}], [{"root_tokens": ["."], "form": "", "clitic": "", "ending": "", "end": 893, "root": ".", "_index_": 150, "partofspeech": "Z", "start": 892, "lemma": "."}], [{"root_tokens": ["kuna"], "form": "", "clitic": "", "ending": "0", "end": 899, "root": "kuna", "_index_": 151, "partofspeech": "J", "start": 895, "lemma": "kuna"}], [{"root_tokens": ["eestis"], "form": "Sg Nom", "clitic": "", "ending": "0", "end": 906, "root": "eestis", "_index_": 152, "partofspeech": "S", "start": 900, "lemma": "eestis"}], [{"root_tokens": ["mine"], "form": "Pers Prs Ind Sg 3 Aff", "clitic": "", "ending": "b", "end": 912, "root": "mine", "_index_": 153, "partofspeech": "V", "start": 907, "lemma": "minema"}], [{"root_tokens": ["uus"], "form": "Sg Nom", "clitic": "", "ending": "0", "end": 916, "root": "uus", "_index_": 154, "partofspeech": "A", "start": 913, "lemma": "uus"}], [{"root_tokens": ["IS"], "form": "?", "clitic": "", "ending": "0", "end": 919, "root": "IS", "_index_": 155, "partofspeech": "Y", "start": 917, "lemma": "IS"}], [{"root_tokens": ["suht"], "form": "Sg Nom", "clitic": "", "ending": "0", "end": 924, "root": "suht", "_index_": 156, "partofspeech": "S", "start": 920, "lemma": "suht"}], [{"root_tokens": ["hästi"], "form": "", "clitic": "", "ending": "0", "end": 930, "root": "hästi", "_index_": 157, "partofspeech": "D", "start": 925, "lemma": "hästi"}], [{"root_tokens": ["müük"], "form": "Sg Tra", "clitic": "", "ending": "ks", "end": 938, "root": "müük", "_index_": 158, "partofspeech": "S", "start": 931, "lemma": "müük"}], [{"root_tokens": [","], "form": "", "clitic": "", "ending": "", "end": 940, "root": ",", "_index_": 159, "partofspeech": "Z", "start": 939, "lemma": ","}], [{"root_tokens": ["loot"], "form": "Pers Prs Ind Sg 1 Aff", "clitic": "", "ending": "n", "end": 947, "root": "loot", "_index_": 160, "partofspeech": "V", "start": 941, "lemma": "lootma"}], [{"root_tokens": ["et"], "form": "", "clitic": "", "ending": "0", "end": 950, "root": "et", "_index_": 161, "partofspeech": "J", "start": 948, "lemma": "et"}], [{"root_tokens": ["IS", "F"], "form": "?", "clitic": "", "ending": "0", "end": 955, "root": "IS-F", "_index_": 162, "partofspeech": "Y", "start": 951, "lemma": "IS-F"}], [{"root_tokens": ["hakka"], "form": "Pers Prs Ind Sg 3 Aff", "clitic": "", "ending": "b", "end": 962, "root": "hakka", "_index_": 163, "partofspeech": "V", "start": 956, "lemma": "hakkama"}], [{"root_tokens": ["ka"], "form": "", "clitic": "", "ending": "0", "end": 965, "root": "ka", "_index_": 164, "partofspeech": "D", "start": 963, "lemma": "ka"}], [{"root_tokens": ["ikka"], "form": "", "clitic": "", "ending": "0", "end": 970, "root": "ikka", "_index_": 165, "partofspeech": "D", "start": 966, "lemma": "ikka"}], [{"root_tokens": ["näge"], "form": "Pers Sup Ill", "clitic": "", "ending": "ma", "end": 977, "root": "näge", "_index_": 166, "partofspeech": "V", "start": 971, "lemma": "nägema"}], [{"root_tokens": ["."], "form": "", "clitic": "", "ending": "", "end": 979, "root": ".", "_index_": 167, "partofspeech": "Z", "start": 978, "lemma": "."}], [{"root_tokens": ["jutt"], "form": "Pl Nom", "clitic": "", "ending": "d", "end": 986, "root": "jutt", "_index_": 168, "partofspeech": "S", "start": 981, "lemma": "jutt"}], [{"root_tokens": ["käi"], "form": "Pers Prs Ind Pl 3 Aff", "clitic": "", "ending": "vad", "end": 993, "root": "käi", "_index_": 169, "partofspeech": "V", "start": 987, "lemma": "käima"}], [{"root_tokens": [","], "form": "", "clitic": "", "ending": "", "end": 995, "root": ",", "_index_": 170, "partofspeech": "Z", "start": 994, "lemma": ","}], [{"root_tokens": ["et"], "form": "", "clitic": "", "ending": "0", "end": 998, "root": "et", "_index_": 171, "partofspeech": "J", "start": 996, "lemma": "et"}], [{"root_tokens": ["alla"], "form": "", "clitic": "", "ending": "0", "end": 1003, "root": "alla", "_index_": 172, "partofspeech": "K", "start": 999, "lemma": "alla"}], [{"root_tokens": ["milku"], "form": "Sg Gen", "clitic": "", "ending": "0", "end": 1009, "root": "milku", "_index_": 173, "partofspeech": "S", "start": 1004, "lemma": "milku"}], [{"root_tokens": ["ikka"], "form": "", "clitic": "", "ending": "0", "end": 1014, "root": "ikka", "_index_": 174, "partofspeech": "D", "start": 1010, "lemma": "ikka"}], [{"root_tokens": ["väga"], "form": "", "clitic": "", "ending": "0", "end": 1019, "root": "väga", "_index_": 175, "partofspeech": "D", "start": 1015, "lemma": "väga"}], [{"root_tokens": ["ei"], "form": "Neg", "clitic": "", "ending": "0", "end": 1022, "root": "ei", "_index_": 176, "partofspeech": "V", "start": 1020, "lemma": "ei"}], [{"root_tokens": ["näppi"], "form": "Pers Prs Ind Neg", "clitic": "", "ending": "0", "end": 1027, "root": "näppi", "_index_": 177, "partofspeech": "V", "start": 1023, "lemma": "näppima"}], [{"root_tokens": ["see"], "form": "Sg Par", "clitic": "", "ending": "da", "end": 1032, "root": "see", "_index_": 178, "partofspeech": "P", "start": 1028, "lemma": "see"}], [{"root_tokens": ["."], "form": "", "clitic": "", "ending": "", "end": 1034, "root": ".", "_index_": 179, "partofspeech": "Z", "start": 1033, "lemma": "."}], [{"root_tokens": ["Bmw"], "form": "Sg Nom", "clitic": "", "ending": "0", "end": 1039, "root": "Bmw", "_index_": 180, "partofspeech": "H", "start": 1036, "lemma": "Bmw"}], [{"root_tokens": ["CS"], "form": "?", "clitic": "", "ending": "0", "end": 1042, "root": "CS", "_index_": 181, "partofspeech": "Y", "start": 1040, "lemma": "CS"}]]}, {"enveloping": null, "attributes": [], "name": "tokens", "parent": null, "_base": "tokens", "ambiguous": false, "spans": [{"start": 0, "end": 4}, {"start": 5, "end": 7}, {"start": 8, "end": 12}, {"start": 13, "end": 29}, {"start": 30, "end": 37}, {"start": 38, "end": 39}, {"start": 41, "end": 45}, {"start": 46, "end": 48}, {"start": 49, "end": 60}, {"start": 61, "end": 66}, {"start": 68, "end": 74}, {"start": 75, "end": 78}, {"start": 79, "end": 85}, {"start": 86, "end": 87}, {"start": 88, "end": 90}, {"start": 91, "end": 94}, {"start": 95, "end": 97}, {"start": 98, "end": 111}, {"start": 112, "end": 117}, {"start": 118, "end": 119}, {"start": 120, "end": 129}, {"start": 130, "end": 135}, {"start": 136, "end": 141}, {"start": 142, "end": 143}, {"start": 145, "end": 151}, {"start": 152, "end": 154}, {"start": 155, "end": 159}, {"start": 160, "end": 166}, {"start": 167, "end": 171}, {"start": 172, "end": 176}, {"start": 177, "end": 182}, {"start": 183, "end": 185}, {"start": 185, "end": 186}, {"start": 186, "end": 187}, {"start": 188, "end": 198}, {"start": 200, "end": 208}, {"start": 209, "end": 213}, {"start": 213, "end": 214}, {"start": 214, "end": 224}, {"start": 225, "end": 235}, {"start": 236, "end": 237}, {"start": 238, "end": 241}, {"start": 242, "end": 246}, {"start": 247, "end": 258}, {"start": 259, "end": 264}, {"start": 265, "end": 269}, {"start": 270, "end": 279}, {"start": 280, "end": 286}, {"start": 287, "end": 296}, {"start": 297, "end": 302}, {"start": 303, "end": 307}, {"start": 308, "end": 313}, {"start": 314, "end": 318}, {"start": 319, "end": 325}, {"start": 326, "end": 335}, {"start": 336, "end": 338}, {"start": 339, "end": 349}, {"start": 350, "end": 355}, {"start": 356, "end": 362}, {"start": 363, "end": 370}, {"start": 371, "end": 372}, {"start": 373, "end": 378}, {"start": 379, "end": 385}, {"start": 386, "end": 391}, {"start": 392, "end": 399}, {"start": 400, "end": 402}, {"start": 403, "end": 407}, {"start": 408, "end": 412}, {"start": 413, "end": 418}, {"start": 419, "end": 421}, {"start": 422, "end": 425}, {"start": 426, "end": 430}, {"start": 431, "end": 435}, {"start": 436, "end": 443}, {"start": 444, "end": 445}, {"start": 446, "end": 447}, {"start": 449, "end": 454}, {"start": 455, "end": 462}, {"start": 463, "end": 467}, {"start": 468, "end": 475}, {"start": 476, "end": 483}, {"start": 484, "end": 493}, {"start": 494, "end": 495}, {"start": 497, "end": 503}, {"start": 504, "end": 509}, {"start": 511, "end": 518}, {"start": 519, "end": 524}, {"start": 525, "end": 532}, {"start": 533, "end": 537}, {"start": 538, "end": 546}, {"start": 547, "end": 548}, {"start": 549, "end": 553}, {"start": 554, "end": 557}, {"start": 558, "end": 578}, {"start": 579, "end": 589}, {"start": 590, "end": 594}, {"start": 595, "end": 597}, {"start": 598, "end": 606}, {"start": 608, "end": 609}, {"start": 611, "end": 613}, {"start": 613, "end": 614}, {"start": 614, "end": 615}, {"start": 615, "end": 616}, {"start": 616, "end": 618}, {"start": 619, "end": 623}, {"start": 624, "end": 628}, {"start": 629, "end": 636}, {"start": 637, "end": 645}, {"start": 646, "end": 647}, {"start": 648, "end": 651}, {"start": 652, "end": 658}, {"start": 659, "end": 664}, {"start": 665, "end": 668}, {"start": 669, "end": 674}, {"start": 675, "end": 678}, {"start": 679, "end": 680}, {"start": 680, "end": 681}, {"start": 681, "end": 683}, {"start": 684, "end": 693}, {"start": 694, "end": 696}, {"start": 697, "end": 701}, {"start": 702, "end": 707}, {"start": 708, "end": 709}, {"start": 711, "end": 713}, {"start": 714, "end": 725}, {"start": 726, "end": 731}, {"start": 732, "end": 733}, {"start": 734, "end": 736}, {"start": 737, "end": 740}, {"start": 741, "end": 743}, {"start": 743, "end": 744}, {"start": 744, "end": 745}, {"start": 746, "end": 751}, {"start": 752, "end": 757}, {"start": 758, "end": 762}, {"start": 763, "end": 764}, {"start": 765, "end": 773}, {"start": 774, "end": 776}, {"start": 777, "end": 779}, {"start": 780, "end": 784}, {"start": 785, "end": 797}, {"start": 798, "end": 802}, {"start": 803, "end": 806}, {"start": 807, "end": 808}, {"start": 810, "end": 815}, {"start": 816, "end": 823}, {"start": 824, "end": 828}, {"start": 829, "end": 836}, {"start": 837, "end": 839}, {"start": 840, "end": 841}, {"start": 842, "end": 847}, {"start": 848, "end": 852}, {"start": 853, "end": 857}, {"start": 858, "end": 859}, {"start": 860, "end": 861}, {"start": 861, "end": 862}, {"start": 864, "end": 867}, {"start": 868, "end": 870}, {"start": 871, "end": 876}, {"start": 877, "end": 879}, {"start": 880, "end": 885}, {"start": 886, "end": 891}, {"start": 892, "end": 893}, {"start": 895, "end": 899}, {"start": 900, "end": 906}, {"start": 907, "end": 912}, {"start": 913, "end": 916}, {"start": 917, "end": 919}, {"start": 920, "end": 924}, {"start": 925, "end": 930}, {"start": 931, "end": 938}, {"start": 939, "end": 940}, {"start": 941, "end": 947}, {"start": 948, "end": 950}, {"start": 951, "end": 953}, {"start": 953, "end": 954}, {"start": 954, "end": 955}, {"start": 956, "end": 962}, {"start": 963, "end": 965}, {"start": 966, "end": 970}, {"start": 971, "end": 977}, {"start": 978, "end": 979}, {"start": 981, "end": 986}, {"start": 987, "end": 993}, {"start": 994, "end": 995}, {"start": 996, "end": 998}, {"start": 999, "end": 1003}, {"start": 1004, "end": 1009}, {"start": 1010, "end": 1014}, {"start": 1015, "end": 1019}, {"start": 1020, "end": 1022}, {"start": 1023, "end": 1027}, {"start": 1028, "end": 1032}, {"start": 1033, "end": 1034}, {"start": 1036, "end": 1039}, {"start": 1040, "end": 1042}]}, {"enveloping": "tokens", "attributes": ["type", "normalized"], "name": "compound_tokens", "parent": null, "_base": "compound_tokens", "ambiguous": false, "spans": [{"_index_": [31, 32, 33], "type": ["hyphenation"], "normalized": null}, {"_index_": [36, 37, 38], "type": ["hyphenation"], "normalized": null}, {"_index_": [99, 100, 101, 102, 103], "type": ["hyphenation", "case_ending"], "normalized": "IS-F'il"}, {"_index_": [115, 116, 117], "type": ["case_ending"], "normalized": "5.0l"}, {"_index_": [129, 130, 131], "type": ["hyphenation"], "normalized": null}, {"_index_": [174, 175, 176], "type": ["hyphenation"], "normalized": null}]}], "meta": {"subcorpus": "netifoorum", "type": "teema", "title": "Lexuse võimas tulek 2006/2007 - 03. leht ( Planet Foorumid - Tehnoloogia - Sõiduriistad ja tehnika )", "alamfoorum": "Sõiduriistad_ja_tehnika"}, "text": "Kust sa seda tootmisvalmidust kuulsid ?\n\nEest on suhteliselt S2000\n\nKuskil oli kirjas , et too om tootmisvalmis mudel , sellisena tuleb välja .\n\nParaku on tegu siiski veel 2008 Lexus LF-A Conceptiga\n\nTegemist near-production conceptiga , ehk siis arvatavasti tuleb vahe tootmisse mineva masinaiga umbes sama väike nagu Aurise conceptil ja tegelikult välja tulnud Aurisel ( mingi sumpad viets teisiti ja paar muud joont ka oli vist tiba teisiti ) .\n\nrajal Kuulake seda mõnusat mootori nurrumist .\n\nmootri mõnna\n\nVägevad autod mõlemad need viimased , kuid nii ülimegasupercoolmega vaimustust küll ei tekkinud  .\n\nIS-F'il küll head mootori näitajad , aga tahaks teada kui hästi see 5.0l mootoriga ka teel püsib .\n\nMa miskipärast arvan , et see IS-F püsib hästi teel .\nTavaline IS on juba juhitavuselt väga hea .\n\nPalju sellise hind huvitav on , päris karm tükk .\n:x\n\nEks ta sinna M3 kanti tuleb .\n\nKuna eestis läheb uus IS suht hästi müügiks , loodan et IS-F hakkab ka ikka nägema .\n\nJutud käivad , et alla milku ikka väga ei näpi seda .\n\nBmw CS"}