{"layers": [{"enveloping": null, "attributes": ["normalized_form"], "name": "words", "parent": null, "_base": "words", "ambiguous": false, "spans": [{"start": 0, "normalized_form": null, "end": 9}, {"start": 10, "normalized_form": null, "end": 21}, {"start": 23, "normalized_form": null, "end": 26}, {"start": 27, "normalized_form": null, "end": 35}, {"start": 36, "normalized_form": null, "end": 47}, {"start": 48, "normalized_form": null, "end": 54}, {"start": 55, "normalized_form": null, "end": 61}, {"start": 62, "normalized_form": null, "end": 67}, {"start": 68, "normalized_form": null, "end": 76}, {"start": 77, "normalized_form": null, "end": 82}, {"start": 83, "normalized_form": null, "end": 93}, {"start": 94, "normalized_form": null, "end": 98}, {"start": 99, "normalized_form": null, "end": 101}, {"start": 102, "normalized_form": null, "end": 113}, {"start": 114, "normalized_form": null, "end": 118}, {"start": 119, "normalized_form": null, "end": 123}, {"start": 124, "normalized_form": null, "end": 127}, {"start": 128, "normalized_form": null, "end": 129}, {"start": 130, "normalized_form": null, "end": 133}, {"start": 134, "normalized_form": null, "end": 138}, {"start": 139, "normalized_form": null, "end": 144}, {"start": 145, "normalized_form": null, "end": 151}, {"start": 152, "normalized_form": null, "end": 154}, {"start": 156, "normalized_form": null, "end": 160}, {"start": 161, "normalized_form": null, "end": 168}, {"start": 169, "normalized_form": null, "end": 175}, {"start": 176, "normalized_form": null, "end": 179}, {"start": 180, "normalized_form": null, "end": 189}, {"start": 190, "normalized_form": null, "end": 196}, {"start": 197, "normalized_form": null, "end": 202}, {"start": 203, "normalized_form": null, "end": 207}, {"start": 208, "normalized_form": null, "end": 214}, {"start": 215, "normalized_form": null, "end": 222}, {"start": 223, "normalized_form": null, "end": 231}, {"start": 232, "normalized_form": null, "end": 238}, {"start": 239, "normalized_form": null, "end": 240}, {"start": 241, "normalized_form": null, "end": 247}, {"start": 248, "normalized_form": null, "end": 257}, {"start": 258, "normalized_form": null, "end": 264}, {"start": 265, "normalized_form": null, "end": 266}, {"start": 267, "normalized_form": null, "end": 275}, {"start": 276, "normalized_form": null, "end": 280}, {"start": 281, "normalized_form": null, "end": 287}, {"start": 288, "normalized_form": null, "end": 295}, {"start": 296, "normalized_form": null, "end": 300}, {"start": 301, "normalized_form": null, "end": 313}, {"start": 314, "normalized_form": null, "end": 320}, {"start": 321, "normalized_form": null, "end": 326}, {"start": 327, "normalized_form": null, "end": 330}, {"start": 332, "normalized_form": "a", "end": 333}, {"start": 334, "normalized_form": null, "end": 337}, {"start": 338, "normalized_form": null, "end": 347}, {"start": 348, "normalized_form": null, "end": 356}, {"start": 357, "normalized_form": null, "end": 362}, {"start": 363, "normalized_form": null, "end": 367}, {"start": 368, "normalized_form": null, "end": 372}, {"start": 373, "normalized_form": null, "end": 381}, {"start": 383, "normalized_form": null, "end": 387}, {"start": 388, "normalized_form": null, "end": 391}, {"start": 392, "normalized_form": null, "end": 399}, {"start": 400, "normalized_form": null, "end": 401}, {"start": 402, "normalized_form": null, "end": 406}, {"start": 407, "normalized_form": null, "end": 413}, {"start": 414, "normalized_form": null, "end": 421}, {"start": 422, "normalized_form": null, "end": 425}, {"start": 426, "normalized_form": null, "end": 430}, {"start": 431, "normalized_form": null, "end": 439}, {"start": 440, "normalized_form": null, "end": 444}, {"start": 445, "normalized_form": null, "end": 447}, {"start": 448, "normalized_form": null, "end": 452}, {"start": 453, "normalized_form": null, "end": 455}, {"start": 456, "normalized_form": null, "end": 462}, {"start": 463, "normalized_form": null, "end": 466}, {"start": 467, "normalized_form": null, "end": 473}, {"start": 474, "normalized_form": null, "end": 478}, {"start": 479, "normalized_form": null, "end": 484}, {"start": 485, "normalized_form": null, "end": 487}]}, {"enveloping": "words", "attributes": ["fix_types"], "name": "sentences", "parent": null, "_base": "sentences", "ambiguous": false, "spans": [{"fix_types": ["double_newline_ending"], "_index_": [0, 1]}, {"fix_types": [], "_index_": [2, 3, 4, 5, 6, 7, 8, 9, 10, 11, 12]}, {"fix_types": ["double_newline_ending"], "_index_": [13, 14, 15, 16, 17, 18, 19, 20, 21, 22]}, {"fix_types": ["double_newline_ending"], "_index_": [23, 24, 25, 26, 27, 28, 29, 30, 31, 32, 33, 34, 35, 36, 37, 38, 39, 40, 41, 42, 43, 44, 45, 46, 47, 48]}, {"fix_types": ["double_newline_ending"], "_index_": [49, 50, 51, 52, 53, 54, 55, 56]}, {"fix_types": [], "_index_": [57, 58, 59, 60]}, {"fix_types": [], "_index_": [61, 62, 63, 64, 65, 66, 67, 68, 69, 70, 71, 72, 73, 74, 75, 76]}]}, {"enveloping": "sentences", "attributes": [], "name": "paragraphs", "parent": null, "_base": "paragraphs", "ambiguous": false, "spans": [{"_index_": [0]}, {"_index_": [1, 2]}, {"_index_": [3]}, {"_index_": [4]}, {"_index_": [5, 6]}]}, {"enveloping": "words", "attributes": ["type"], "name": "syntax_ignore", "parent": null, "_base": "syntax_ignore", "ambiguous": false, "spans": []}, {"enveloping": null, "attributes": ["lemma", "root", "root_tokens", "ending", "clitic", "form", "partofspeech"], "name": "morph_analysis", "parent": "words", "_base": "words", "ambiguous": true, "spans": [[{"root_tokens": ["mängu", "auto"], "form": "sg g", "clitic": "", "ending": "0", "end": 9, "root": "mängu_auto", "_index_": 0, "partofspeech": "S", "start": 0, "lemma": "mänguauto"}], [{"root_tokens": ["mootor"], "form": "pl kom", "clitic": "", "ending": "tega", "end": 21, "root": "mootor", "_index_": 1, "partofspeech": "S", "start": 10, "lemma": "mootor"}], [{"root_tokens": ["ega"], "form": "", "clitic": "", "ending": "0", "end": 26, "root": "ega", "_index_": 2, "partofspeech": "D", "start": 23, "lemma": "ega"}], [{"root_tokens": ["keegi"], "form": "sg ad", "clitic": "", "ending": "lgi", "end": 35, "root": "keegi", "_index_": 3, "partofspeech": "P", "start": 27, "lemma": "keegi"}], [{"root_tokens": ["juhuslikult"], "form": "", "clitic": "", "ending": "0", "end": 47, "root": "juhuslikult", "_index_": 4, "partofspeech": "D", "start": 36, "lemma": "juhuslikult"}], [{"root_tokens": ["kuskil"], "form": "", "clitic": "", "ending": "0", "end": 54, "root": "kuskil", "_index_": 5, "partofspeech": "D", "start": 48, "lemma": "kuskil"}], [{"root_tokens": ["nurk"], "form": "sg in", "clitic": "", "ending": "s", "end": 61, "root": "nurk", "_index_": 6, "partofspeech": "S", "start": 55, "lemma": "nurk"}], [{"root_tokens": ["mõni"], "form": "sg p", "clitic": "", "ending": "da", "end": 67, "root": "mõni", "_index_": 7, "partofspeech": "P", "start": 62, "lemma": "mõni"}], [{"root_tokens": ["suurem"], "form": "sg p", "clitic": "", "ending": "t", "end": 76, "root": "suurem", "_index_": 8, "partofspeech": "C", "start": 68, "lemma": "suurem"}], [{"root_tokens": ["sort"], "form": "sg p", "clitic": "", "ending": "0", "end": 82, "root": "sort", "_index_": 9, "partofspeech": "S", "start": 77, "lemma": "sort"}], [{"root_tokens": ["mängu", "auto"], "form": "sg p", "clitic": "", "ending": "t", "end": 93, "root": "mängu_auto", "_index_": 10, "partofspeech": "S", "start": 83, "lemma": "mänguauto"}], [{"root_tokens": ["ole"], "form": "neg o", "clitic": "", "ending": "0", "end": 98, "root": "ole", "_index_": 11, "partofspeech": "V", "start": 94, "lemma": "olema"}], [{"root_tokens": ["!"], "form": "", "clitic": "", "ending": "", "end": 101, "root": "!", "_index_": 12, "partofspeech": "Z", "start": 99, "lemma": "!"}], [{"root_tokens": ["mootor"], "form": "pl kom", "clitic": "", "ending": "tega", "end": 113, "root": "mootor", "_index_": 13, "partofspeech": "S", "start": 102, "lemma": "mootor"}], [{"root_tokens": ["võix"], "form": "sg n", "clitic": "", "ending": "0", "end": 118, "root": "võix", "_index_": 14, "partofspeech": "S", "start": 114, "lemma": "võix"}], [{"root_tokens": ["ole"], "form": "da", "clitic": "", "ending": "a", "end": 123, "root": "ole", "_index_": 15, "partofspeech": "V", "start": 119, "lemma": "olema"}], [{"root_tokens": ["..."], "form": "", "clitic": "", "ending": "", "end": 127, "root": "...", "_index_": 16, "partofspeech": "Z", "start": 124, "lemma": "..."}], [{"root_tokens": [","], "form": "", "clitic": "", "ending": "", "end": 129, "root": ",", "_index_": 17, "partofspeech": "Z", "start": 128, "lemma": ","}], [{"root_tokens": ["mis"], "form": "pl n", "clitic": "", "ending": "0", "end": 133, "root": "mis", "_index_": 18, "partofspeech": "P", "start": 130, "lemma": "mis"}, {"root_tokens": ["mis"], "form": "sg n", "clitic": "", "ending": "0", "end": 133, "root": "mis", "_index_": 18, "partofspeech": "P", "start": 130, "lemma": "mis"}], [{"root_tokens": ["see"], "form": "sg p", "clitic": "", "ending": "da", "end": 138, "root": "see", "_index_": 19, "partofspeech": "P", "start": 134, "lemma": "see"}], [{"root_tokens": ["edasi"], "form": "", "clitic": "", "ending": "0", "end": 144, "root": "edasi", "_index_": 20, "partofspeech": "D", "start": 139, "lemma": "edasi"}], [{"root_tokens": ["viix"], "form": "pl n", "clitic": "", "ending": "d", "end": 151, "root": "viix", "_index_": 21, "partofspeech": "S", "start": 145, "lemma": "viix"}, {"root_tokens": ["viixid"], "form": "sg n", "clitic": "", "ending": "0", "end": 151, "root": "viixid", "_index_": 21, "partofspeech": "S", "start": 145, "lemma": "viixid"}, {"root_tokens": ["viixi"], "form": "pl n", "clitic": "", "ending": "d", "end": 151, "root": "viixi", "_index_": 21, "partofspeech": "S", "start": 145, "lemma": "viixi"}], [{"root_tokens": [".."], "form": "", "clitic": "", "ending": "", "end": 154, "root": "..", "_index_": 22, "partofspeech": "Z", "start": 152, "lemma": ".."}], [{"root_tokens": ["vist"], "form": "", "clitic": "", "ending": "0", "end": 160, "root": "vist", "_index_": 23, "partofspeech": "D", "start": 156, "lemma": "vist"}], [{"root_tokens": ["vedele"], "form": "b", "clitic": "", "ending": "b", "end": 168, "root": "vedele", "_index_": 24, "partofspeech": "V", "start": 161, "lemma": "vedelema"}], [{"root_tokens": ["kuskil"], "form": "", "clitic": "", "ending": "0", "end": 175, "root": "kuskil", "_index_": 25, "partofspeech": "D", "start": 169, "lemma": "kuskil"}], [{"root_tokens": ["yks"], "form": "?", "clitic": "", "ending": "0", "end": 179, "root": "yks", "_index_": 26, "partofspeech": "Y", "start": 176, "lemma": "yks"}], [{"root_tokens": ["m2ngu", "auto"], "form": "sg g", "clitic": "", "ending": "0", "end": 189, "root": "m2ngu_auto", "_index_": 27, "partofspeech": "S", "start": 180, "lemma": "m2nguauto"}], [{"root_tokens": ["mootor"], "form": "sg n", "clitic": "", "ending": "0", "end": 196, "root": "mootor", "_index_": 28, "partofspeech": "S", "start": 190, "lemma": "mootor"}], [{"root_tokens": ["900cc"], "form": "?", "clitic": "", "ending": "0", "end": 202, "root": "900cc", "_index_": 29, "partofspeech": "Y", "start": 197, "lemma": "900cc"}], [{"root_tokens": ["40hp"], "form": "?", "clitic": "", "ending": "0", "end": 207, "root": "40hp", "_index_": 30, "partofspeech": "Y", "start": 203, "lemma": "40hp"}], [{"root_tokens": ["suzuk"], "form": "sg g", "clitic": "", "ending": "0", "end": 214, "root": "suzuk", "_index_": 31, "partofspeech": "S", "start": 208, "lemma": "suzuk"}, {"root_tokens": ["suzuki"], "form": "sg g", "clitic": "", "ending": "0", "end": 214, "root": "suzuki", "_index_": 31, "partofspeech": "S", "start": 208, "lemma": "suzuki"}, {"root_tokens": ["suzukk"], "form": "sg g", "clitic": "", "ending": "0", "end": 214, "root": "suzukk", "_index_": 31, "partofspeech": "S", "start": 208, "lemma": "suzukk"}], [{"root_tokens": ["samurai"], "form": "sg g", "clitic": "", "ending": "0", "end": 222, "root": "samurai", "_index_": 32, "partofspeech": "S", "start": 215, "lemma": "samurai"}], [{"root_tokens": ["orginaa"], "form": "sg ad", "clitic": "", "ending": "l", "end": 231, "root": "orginaa", "_index_": 33, "partofspeech": "S", "start": 223, "lemma": "orginaa"}], [{"root_tokens": ["mootor"], "form": "sg n", "clitic": "", "ending": "0", "end": 238, "root": "mootor", "_index_": 34, "partofspeech": "S", "start": 232, "lemma": "mootor"}], [{"root_tokens": [","], "form": "", "clitic": "", "ending": "", "end": 240, "root": ",", "_index_": 35, "partofspeech": "Z", "start": 239, "lemma": ","}], [{"root_tokens": ["t8sine"], "form": "sg g", "clitic": "", "ending": "0", "end": 247, "root": "t8sine", "_index_": 36, "partofspeech": "S", "start": 241, "lemma": "t8sine"}], [{"root_tokens": ["m2ngu", "auto"], "form": "sg g", "clitic": "", "ending": "0", "end": 257, "root": "m2ngu_auto", "_index_": 37, "partofspeech": "S", "start": 248, "lemma": "m2nguauto"}], [{"root_tokens": ["mootor"], "form": "sg n", "clitic": "", "ending": "0", "end": 264, "root": "mootor", "_index_": 38, "partofspeech": "S", "start": 258, "lemma": "mootor"}], [{"root_tokens": [","], "form": "", "clitic": "", "ending": "", "end": 266, "root": ",", "_index_": 39, "partofspeech": "Z", "start": 265, "lemma": ","}], [{"root_tokens": ["korralik"], "form": "sg n", "clitic": "", "ending": "0", "end": 275, "root": "korralik", "_index_": 40, "partofspeech": "A", "start": 267, "lemma": "korralik"}], [{"root_tokens": ["mees"], "form": "sg n", "clitic": "", "ending": "0", "end": 280, "root": "mees", "_index_": 41, "partofspeech": "S", "start": 276, "lemma": "mees"}], [{"root_tokens": ["t6stab"], "form": "sg n", "clitic": "", "ending": "0", "end": 287, "root": "t6stab", "_index_": 42, "partofspeech": "S", "start": 281, "lemma": "t6stab"}], [{"root_tokens": ["mootor"], "form": "sg g", "clitic": "", "ending": "0", "end": 295, "root": "mootor", "_index_": 43, "partofspeech": "S", "start": 288, "lemma": "mootor"}], [{"root_tokens": ["koos"], "form": "", "clitic": "", "ending": "0", "end": 300, "root": "koos", "_index_": 44, "partofspeech": "K", "start": 296, "lemma": "koos"}], [{"root_tokens": ["k2igu", "kast"], "form": "sg kom", "clitic": "", "ending": "ga", "end": 313, "root": "k2igu_kast", "_index_": 45, "partofspeech": "S", "start": 301, "lemma": "k2igukast"}], [{"root_tokens": ["ise"], "form": "sg all", "clitic": "", "ending": "le", "end": 320, "root": "ise", "_index_": 46, "partofspeech": "P", "start": 314, "lemma": "ise"}], [{"root_tokens": ["6la"], "form": "sg all", "clitic": "", "ending": "le", "end": 326, "root": "6la", "_index_": 47, "partofspeech": "S", "start": 321, "lemma": "6la"}], [{"root_tokens": ["..."], "form": "", "clitic": "", "ending": "", "end": 330, "root": "...", "_index_": 48, "partofspeech": "Z", "start": 327, "lemma": "..."}], [{"root_tokens": ["a"], "form": "?", "clitic": "", "ending": "0", "end": 333, "root": "a", "_index_": 49, "partofspeech": "Y", "start": 332, "lemma": "a"}], [{"root_tokens": ["kui"], "form": "", "clitic": "", "ending": "0", "end": 337, "root": "kui", "_index_": 50, "partofspeech": "D", "start": 334, "lemma": "kui"}, {"root_tokens": ["kui"], "form": "", "clitic": "", "ending": "0", "end": 337, "root": "kui", "_index_": 50, "partofspeech": "J", "start": 334, "lemma": "kui"}], [{"root_tokens": ["mudel", "auto"], "form": "sg g", "clitic": "", "ending": "0", "end": 347, "root": "mudel_auto", "_index_": 51, "partofspeech": "S", "start": 338, "lemma": "mudelauto"}], [{"root_tokens": ["mootor"], "form": "sg p", "clitic": "", "ending": "t", "end": 356, "root": "mootor", "_index_": 52, "partofspeech": "S", "start": 348, "lemma": "mootor"}], [{"root_tokens": ["otsi"], "form": "d", "clitic": "", "ending": "d", "end": 362, "root": "otsi", "_index_": 53, "partofspeech": "V", "start": 357, "lemma": "otsima"}], [{"root_tokens": ["siis"], "form": "", "clitic": "", "ending": "0", "end": 367, "root": "siis", "_index_": 54, "partofspeech": "D", "start": 363, "lemma": "siis"}], [{"root_tokens": ["mine"], "form": "o", "clitic": "", "ending": "0", "end": 372, "root": "mine", "_index_": 55, "partofspeech": "V", "start": 368, "lemma": "minema"}], [{"root_tokens": ["kul", "loss"], "form": "pl p", "clitic": "", "ending": "e", "end": 381, "root": "kul_loss", "_index_": 56, "partofspeech": "S", "start": 373, "lemma": "kulloss"}], [{"root_tokens": ["mine"], "form": "o", "clitic": "", "ending": "0", "end": 387, "root": "mine", "_index_": 57, "partofspeech": "V", "start": 383, "lemma": "minema"}], [{"root_tokens": ["jah"], "form": "", "clitic": "", "ending": "0", "end": 391, "root": "jah", "_index_": 58, "partofspeech": "D", "start": 388, "lemma": "jah"}], [{"root_tokens": ["kullose"], "form": "sg n", "clitic": "", "ending": "0", "end": 399, "root": "kullose", "_index_": 59, "partofspeech": "S", "start": 392, "lemma": "kullose"}], [{"root_tokens": ["."], "form": "", "clitic": "", "ending": "", "end": 401, "root": ".", "_index_": 60, "partofspeech": "Z", "start": 400, "lemma": "."}], [{"root_tokens": ["seal"], "form": "", "clitic": "", "ending": "0", "end": 406, "root": "seal", "_index_": 61, "partofspeech": "D", "start": 402, "lemma": "seal"}], [{"root_tokens": ["toimu"], "form": "b", "clitic": "", "ending": "b", "end": 413, "root": "toimu", "_index_": 62, "partofspeech": "V", "start": 407, "lemma": "toimuma"}], [{"root_tokens": ["selline"], "form": "sg n", "clitic": "", "ending": "0", "end": 421, "root": "selline", "_index_": 63, "partofspeech": "P", "start": 414, "lemma": "selline"}], [{"root_tokens": ["asi"], "form": "sg n", "clitic": "", "ending": "0", "end": 425, "root": "asi", "_index_": 64, "partofspeech": "S", "start": 422, "lemma": "asi"}], [{"root_tokens": ["nagu"], "form": "", "clitic": "", "ending": "0", "end": 430, "root": "nagu", "_index_": 65, "partofspeech": "D", "start": 426, "lemma": "nagu"}, {"root_tokens": ["nagu"], "form": "", "clitic": "", "ending": "0", "end": 430, "root": "nagu", "_index_": 65, "partofspeech": "J", "start": 426, "lemma": "nagu"}], [{"root_tokens": ["mudeldus"], "form": "sg n", "clitic": "", "ending": "0", "end": 439, "root": "mudeldus", "_index_": 66, "partofspeech": "S", "start": 431, "lemma": "mudeldus"}], [{"root_tokens": ["ring"], "form": "sg n", "clitic": "", "ending": "0", "end": 444, "root": "ring", "_index_": 67, "partofspeech": "S", "start": 440, "lemma": "ring"}], [{"root_tokens": ["or"], "form": "?", "clitic": "", "ending": "0", "end": 447, "root": "or", "_index_": 68, "partofspeech": "Y", "start": 445, "lemma": "or"}], [{"root_tokens": ["smth"], "form": "?", "clitic": "", "ending": "0", "end": 452, "root": "smth", "_index_": 69, "partofspeech": "Y", "start": 448, "lemma": "smth"}], [{"root_tokens": [".."], "form": "", "clitic": "", "ending": "", "end": 455, "root": "..", "_index_": 70, "partofspeech": "Z", "start": 453, "lemma": ".."}], [{"root_tokens": ["kunagi"], "form": "", "clitic": "", "ending": "0", "end": 462, "root": "kunagi", "_index_": 71, "partofspeech": "D", "start": 456, "lemma": "kunagi"}], [{"root_tokens": ["saa"], "form": "s", "clitic": "", "ending": "i", "end": 466, "root": "saa", "_index_": 72, "partofspeech": "V", "start": 463, "lemma": "saama"}], [{"root_tokens": ["käidud"], "form": "", "clitic": "", "ending": "0", "end": 473, "root": "käi=dud", "_index_": 73, "partofspeech": "A", "start": 467, "lemma": "käidud"}, {"root_tokens": ["käidud"], "form": "sg n", "clitic": "", "ending": "0", "end": 473, "root": "käi=dud", "_index_": 73, "partofspeech": "A", "start": 467, "lemma": "käidud"}, {"root_tokens": ["käidud"], "form": "pl n", "clitic": "", "ending": "d", "end": 473, "root": "käi=dud", "_index_": 73, "partofspeech": "A", "start": 467, "lemma": "käidud"}, {"root_tokens": ["käi"], "form": "tud", "clitic": "", "ending": "dud", "end": 473, "root": "käi", "_index_": 73, "partofspeech": "V", "start": 467, "lemma": "käima"}], [{"root_tokens": ["seal"], "form": "", "clitic": "", "ending": "0", "end": 478, "root": "seal", "_index_": 74, "partofspeech": "D", "start": 474, "lemma": "seal"}], [{"root_tokens": ["isegi"], "form": "", "clitic": "", "ending": "0", "end": 484, "root": "isegi", "_index_": 75, "partofspeech": "D", "start": 479, "lemma": "isegi"}], [{"root_tokens": [".."], "form": "", "clitic": "", "ending": "", "end": 487, "root": "..", "_index_": 76, "partofspeech": "Z", "start": 485, "lemma": ".."}]]}, {"enveloping": null, "attributes": ["lemma", "root", "root_tokens", "ending", "clitic", "form", "partofspeech"], "name": "gt_morph_analysis", "parent": "morph_analysis", "_base": "words", "ambiguous": true, "spans": [[{"root_tokens": ["mängu", "auto"], "form": "Sg Gen", "clitic": "", "ending": "0", "end": 9, "root": "mängu_auto", "_index_": 0, "partofspeech": "S", "start": 0, "lemma": "mänguauto"}], [{"root_tokens": ["mootor"], "form": "Pl Com", "clitic": "", "ending": "tega", "end": 21, "root": "mootor", "_index_": 1, "partofspeech": "S", "start": 10, "lemma": "mootor"}], [{"root_tokens": ["ega"], "form": "", "clitic": "", "ending": "0", "end": 26, "root": "ega", "_index_": 2, "partofspeech": "D", "start": 23, "lemma": "ega"}], [{"root_tokens": ["keegi"], "form": "Sg Ade", "clitic": "", "ending": "lgi", "end": 35, "root": "keegi", "_index_": 3, "partofspeech": "P", "start": 27, "lemma": "keegi"}], [{"root_tokens": ["juhuslikult"], "form": "", "clitic": "", "ending": "0", "end": 47, "root": "juhuslikult", "_index_": 4, "partofspeech": "D", "start": 36, "lemma": "juhuslikult"}], [{"root_tokens": ["kuskil"], "form": "", "clitic": "", "ending": "0", "end": 54, "root": "kuskil", "_index_": 5, "partofspeech": "D", "start": 48, "lemma": "kuskil"}], [{"root_tokens": ["nurk"], "form": "Sg Ine", "clitic": "", "ending": "s", "end": 61, "root": "nurk", "_index_": 6, "partofspeech": "S", "start": 55, "lemma": "nurk"}], [{"root_tokens": ["mõni"], "form": "Sg Par", "clitic": "", "ending": "da", "end": 67, "root": "mõni", "_index_": 7, "partofspeech": "P", "start": 62, "lemma": "mõni"}], [{"root_tokens": ["suurem"], "form": "Sg Par", "clitic": "", "ending": "t", "end": 76, "root": "suurem", "_index_": 8, "partofspeech": "C", "start": 68, "lemma": "suurem"}], [{"root_tokens": ["sort"], "form": "Sg Par", "clitic": "", "ending": "0", "end": 82, "root": "sort", "_index_": 9, "partofspeech": "S", "start": 77, "lemma": "sort"}], [{"root_tokens": ["mängu", "auto"], "form": "Sg Par", "clitic": "", "ending": "t", "end": 93, "root": "mängu_auto", "_index_": 10, "partofspeech": "S", "start": 83, "lemma": "mänguauto"}], [{"root_tokens": ["ole"], "form": "Pers Prs Ind Neg", "clitic": "", "ending": "0", "end": 98, "root": "ole", "_index_": 11, "partofspeech": "V", "start": 94, "lemma": "olema"}], [{"root_tokens": ["!"], "form": "", "clitic": "", "ending": "", "end": 101, "root": "!", "_index_": 12, "partofspeech": "Z", "start": 99, "lemma": "!"}], [{"root_tokens": ["mootor"], "form": "Pl Com", "clitic": "", "ending": "tega", "end": 113, "root": "mootor", "_index_": 13, "partofspeech": "S", "start": 102, "lemma": "mootor"}], [{"root_tokens": ["võix"], "form": "Sg Nom", "clitic": "", "ending": "0", "end": 118, "root": "võix", "_index_": 14, "partofspeech": "S", "start": 114, "lemma": "võix"}], [{"root_tokens": ["ole"], "form": "Inf", "clitic": "", "ending": "a", "end": 123, "root": "ole", "_index_": 15, "partofspeech": "V", "start": 119, "lemma": "olema"}], [{"root_tokens": ["..."], "form": "", "clitic": "", "ending": "", "end": 127, "root": "...", "_index_": 16, "partofspeech": "Z", "start": 124, "lemma": "..."}], [{"root_tokens": [","], "form": "", "clitic": "", "ending": "", "end": 129, "root": ",", "_index_": 17, "partofspeech": "Z", "start": 128, "lemma": ","}], [{"root_tokens": ["mis"], "form": "Pl Nom", "clitic": "", "ending": "0", "end": 133, "root": "mis", "_index_": 18, "partofspeech": "P", "start": 130, "lemma": "mis"}, {"root_tokens": ["mis"], "form": "Sg Nom", "clitic": "", "ending": "0", "end": 133, "root": "mis", "_index_": 18, "partofspeech": "P", "start": 130, "lemma": "mis"}], [{"root_tokens": ["see"], "form": "Sg Par", "clitic": "", "ending": "da", "end": 138, "root": "see", "_index_": 19, "partofspeech": "P", "start": 134, "lemma": "see"}], [{"root_tokens": ["edasi"], "form": "", "clitic": "", "ending": "0", "end": 144, "root": "edasi", "_index_": 20, "partofspeech": "D", "start": 139, "lemma": "edasi"}], [{"root_tokens": ["viix"], "form": "Pl Nom", "clitic": "", "ending": "d", "end": 151, "root": "viix", "_index_": 21, "partofspeech": "S", "start": 145, "lemma": "viix"}, {"root_tokens": ["viixid"], "form": "Sg Nom", "clitic": "", "ending": "0", "end": 151, "root": "viixid", "_index_": 21, "partofspeech": "S", "start": 145, "lemma": "viixid"}, {"root_tokens": ["viixi"], "form": "Pl Nom", "clitic": "", "ending": "d", "end": 151, "root": "viixi", "_index_": 21, "partofspeech": "S", "start": 145, "lemma": "viixi"}], [{"root_tokens": [".."], "form": "", "clitic": "", "ending": "", "end": 154, "root": "..", "_index_": 22, "partofspeech": "Z", "start": 152, "lemma": ".."}], [{"root_tokens": ["vist"], "form": "", "clitic": "", "ending": "0", "end": 160, "root": "vist", "_index_": 23, "partofspeech": "D", "start": 156, "lemma": "vist"}], [{"root_tokens": ["vedele"], "form": "Pers Prs Ind Sg 3 Aff", "clitic": "", "ending": "b", "end": 168, "root": "vedele", "_index_": 24, "partofspeech": "V", "start": 161, "lemma": "vedelema"}], [{"root_tokens": ["kuskil"], "form": "", "clitic": "", "ending": "0", "end": 175, "root": "kuskil", "_index_": 25, "partofspeech": "D", "start": 169, "lemma": "kuskil"}], [{"root_tokens": ["yks"], "form": "?", "clitic": "", "ending": "0", "end": 179, "root": "yks", "_index_": 26, "partofspeech": "Y", "start": 176, "lemma": "yks"}], [{"root_tokens": ["m2ngu", "auto"], "form": "Sg Gen", "clitic": "", "ending": "0", "end": 189, "root": "m2ngu_auto", "_index_": 27, "partofspeech": "S", "start": 180, "lemma": "m2nguauto"}], [{"root_tokens": ["mootor"], "form": "Sg Nom", "clitic": "", "ending": "0", "end": 196, "root": "mootor", "_index_": 28, "partofspeech": "S", "start": 190, "lemma": "mootor"}], [{"root_tokens": ["900cc"], "form": "?", "clitic": "", "ending": "0", "end": 202, "root": "900cc", "_index_": 29, "partofspeech": "Y", "start": 197, "lemma": "900cc"}], [{"root_tokens": ["40hp"], "form": "?", "clitic": "", "ending": "0", "end": 207, "root": "40hp", "_index_": 30, "partofspeech": "Y", "start": 203, "lemma": "40hp"}], [{"root_tokens": ["suzuk"], "form": "Sg Gen", "clitic": "", "ending": "0", "end": 214, "root": "suzuk", "_index_": 31, "partofspeech": "S", "start": 208, "lemma": "suzuk"}, {"root_tokens": ["suzuki"], "form": "Sg Gen", "clitic": "", "ending": "0", "end": 214, "root": "suzuki", "_index_": 31, "partofspeech": "S", "start": 208, "lemma": "suzuki"}, {"root_tokens": ["suzukk"], "form": "Sg Gen", "clitic": "", "ending": "0", "end": 214, "root": "suzukk", "_index_": 31, "partofspeech": "S", "start": 208, "lemma": "suzukk"}], [{"root_tokens": ["samurai"], "form": "Sg Gen", "clitic": "", "ending": "0", "end": 222, "root": "samurai", "_index_": 32, "partofspeech": "S", "start": 215, "lemma": "samurai"}], [{"root_tokens": ["orginaa"], "form": "Sg Ade", "clitic": "", "ending": "l", "end": 231, "root": "orginaa", "_index_": 33, "partofspeech": "S", "start": 223, "lemma": "orginaa"}], [{"root_tokens": ["mootor"], "form": "Sg Nom", "clitic": "", "ending": "0", "end": 238, "root": "mootor", "_index_": 34, "partofspeech": "S", "start": 232, "lemma": "mootor"}], [{"root_tokens": [","], "form": "", "clitic": "", "ending": "", "end": 240, "root": ",", "_index_": 35, "partofspeech": "Z", "start": 239, "lemma": ","}], [{"root_tokens": ["t8sine"], "form": "Sg Gen", "clitic": "", "ending": "0", "end": 247, "root": "t8sine", "_index_": 36, "partofspeech": "S", "start": 241, "lemma": "t8sine"}], [{"root_tokens": ["m2ngu", "auto"], "form": "Sg Gen", "clitic": "", "ending": "0", "end": 257, "root": "m2ngu_auto", "_index_": 37, "partofspeech": "S", "start": 248, "lemma": "m2nguauto"}], [{"root_tokens": ["mootor"], "form": "Sg Nom", "clitic": "", "ending": "0", "end": 264, "root": "mootor", "_index_": 38, "partofspeech": "S", "start": 258, "lemma": "mootor"}], [{"root_tokens": [","], "form": "", "clitic": "", "ending": "", "end": 266, "root": ",", "_index_": 39, "partofspeech": "Z", "start": 265, "lemma": ","}], [{"root_tokens": ["korralik"], "form": "Sg Nom", "clitic": "", "ending": "0", "end": 275, "root": "korralik", "_index_": 40, "partofspeech": "A", "start": 267, "lemma": "korralik"}], [{"root_tokens": ["mees"], "form": "Sg Nom", "clitic": "", "ending": "0", "end": 280, "root": "mees", "_index_": 41, "partofspeech": "S", "start": 276, "lemma": "mees"}], [{"root_tokens": ["t6stab"], "form": "Sg Nom", "clitic": "", "ending": "0", "end": 287, "root": "t6stab", "_index_": 42, "partofspeech": "S", "start": 281, "lemma": "t6stab"}], [{"root_tokens": ["mootor"], "form": "Sg Gen", "clitic": "", "ending": "0", "end": 295, "root": "mootor", "_index_": 43, "partofspeech": "S", "start": 288, "lemma": "mootor"}], [{"root_tokens": ["koos"], "form": "", "clitic": "", "ending": "0", "end": 300, "root": "koos", "_index_": 44, "partofspeech": "K", "start": 296, "lemma": "koos"}], [{"root_tokens": ["k2igu", "kast"], "form": "Sg Com", "clitic": "", "ending": "ga", "end": 313, "root": "k2igu_kast", "_index_": 45, "partofspeech": "S", "start": 301, "lemma": "k2igukast"}], [{"root_tokens": ["ise"], "form": "Sg All", "clitic": "", "ending": "le", "end": 320, "root": "ise", "_index_": 46, "partofspeech": "P", "start": 314, "lemma": "ise"}], [{"root_tokens": ["6la"], "form": "Sg All", "clitic": "", "ending": "le", "end": 326, "root": "6la", "_index_": 47, "partofspeech": "S", "start": 321, "lemma": "6la"}], [{"root_tokens": ["..."], "form": "", "clitic": "", "ending": "", "end": 330, "root": "...", "_index_": 48, "partofspeech": "Z", "start": 327, "lemma": "..."}], [{"root_tokens": ["a"], "form": "?", "clitic": "", "ending": "0", "end": 333, "root": "a", "_index_": 49, "partofspeech": "Y", "start": 332, "lemma": "a"}], [{"root_tokens": ["kui"], "form": "", "clitic": "", "ending": "0", "end": 337, "root": "kui", "_index_": 50, "partofspeech": "D", "start": 334, "lemma": "kui"}, {"root_tokens": ["kui"], "form": "", "clitic": "", "ending": "0", "end": 337, "root": "kui", "_index_": 50, "partofspeech": "J", "start": 334, "lemma": "kui"}], [{"root_tokens": ["mudel", "auto"], "form": "Sg Gen", "clitic": "", "ending": "0", "end": 347, "root": "mudel_auto", "_index_": 51, "partofspeech": "S", "start": 338, "lemma": "mudelauto"}], [{"root_tokens": ["mootor"], "form": "Sg Par", "clitic": "", "ending": "t", "end": 356, "root": "mootor", "_index_": 52, "partofspeech": "S", "start": 348, "lemma": "mootor"}], [{"root_tokens": ["otsi"], "form": "Pers Prs Ind Sg 2 Aff", "clitic": "", "ending": "d", "end": 362, "root": "otsi", "_index_": 53, "partofspeech": "V", "start": 357, "lemma": "otsima"}], [{"root_tokens": ["siis"], "form": "", "clitic": "", "ending": "0", "end": 367, "root": "siis", "_index_": 54, "partofspeech": "D", "start": 363, "lemma": "siis"}], [{"root_tokens": ["mine"], "form": "Pers Prs Imprt Sg 2", "clitic": "", "ending": "0", "end": 372, "root": "mine", "_index_": 55, "partofspeech": "V", "start": 368, "lemma": "minema"}], [{"root_tokens": ["kul", "loss"], "form": "Pl Par", "clitic": "", "ending": "e", "end": 381, "root": "kul_loss", "_index_": 56, "partofspeech": "S", "start": 373, "lemma": "kulloss"}], [{"root_tokens": ["mine"], "form": "Pers Prs Imprt Sg 2", "clitic": "", "ending": "0", "end": 387, "root": "mine", "_index_": 57, "partofspeech": "V", "start": 383, "lemma": "minema"}], [{"root_tokens": ["jah"], "form": "", "clitic": "", "ending": "0", "end": 391, "root": "jah", "_index_": 58, "partofspeech": "D", "start": 388, "lemma": "jah"}], [{"root_tokens": ["kullose"], "form": "Sg Nom", "clitic": "", "ending": "0", "end": 399, "root": "kullose", "_index_": 59, "partofspeech": "S", "start": 392, "lemma": "kullose"}], [{"root_tokens": ["."], "form": "", "clitic": "", "ending": "", "end": 401, "root": ".", "_index_": 60, "partofspeech": "Z", "start": 400, "lemma": "."}], [{"root_tokens": ["seal"], "form": "", "clitic": "", "ending": "0", "end": 406, "root": "seal", "_index_": 61, "partofspeech": "D", "start": 402, "lemma": "seal"}], [{"root_tokens": ["toimu"], "form": "Pers Prs Ind Sg 3 Aff", "clitic": "", "ending": "b", "end": 413, "root": "toimu", "_index_": 62, "partofspeech": "V", "start": 407, "lemma": "toimuma"}], [{"root_tokens": ["selline"], "form": "Sg Nom", "clitic": "", "ending": "0", "end": 421, "root": "selline", "_index_": 63, "partofspeech": "P", "start": 414, "lemma": "selline"}], [{"root_tokens": ["asi"], "form": "Sg Nom", "clitic": "", "ending": "0", "end": 425, "root": "asi", "_index_": 64, "partofspeech": "S", "start": 422, "lemma": "asi"}], [{"root_tokens": ["nagu"], "form": "", "clitic": "", "ending": "0", "end": 430, "root": "nagu", "_index_": 65, "partofspeech": "D", "start": 426, "lemma": "nagu"}, {"root_tokens": ["nagu"], "form": "", "clitic": "", "ending": "0", "end": 430, "root": "nagu", "_index_": 65, "partofspeech": "J", "start": 426, "lemma": "nagu"}], [{"root_tokens": ["mudeldus"], "form": "Sg Nom", "clitic": "", "ending": "0", "end": 439, "root": "mudeldus", "_index_": 66, "partofspeech": "S", "start": 431, "lemma": "mudeldus"}], [{"root_tokens": ["ring"], "form": "Sg Nom", "clitic": "", "ending": "0", "end": 444, "root": "ring", "_index_": 67, "partofspeech": "S", "start": 440, "lemma": "ring"}], [{"root_tokens": ["or"], "form": "?", "clitic": "", "ending": "0", "end": 447, "root": "or", "_index_": 68, "partofspeech": "Y", "start": 445, "lemma": "or"}], [{"root_tokens": ["smth"], "form": "?", "clitic": "", "ending": "0", "end": 452, "root": "smth", "_index_": 69, "partofspeech": "Y", "start": 448, "lemma": "smth"}], [{"root_tokens": [".."], "form": "", "clitic": "", "ending": "", "end": 455, "root": "..", "_index_": 70, "partofspeech": "Z", "start": 453, "lemma": ".."}], [{"root_tokens": ["kunagi"], "form": "", "clitic": "", "ending": "0", "end": 462, "root": "kunagi", "_index_": 71, "partofspeech": "D", "start": 456, "lemma": "kunagi"}], [{"root_tokens": ["saa"], "form": "Pers Prt Ind Sg 3 Aff", "clitic": "", "ending": "i", "end": 466, "root": "saa", "_index_": 72, "partofspeech": "V", "start": 463, "lemma": "saama"}], [{"root_tokens": ["käidud"], "form": "", "clitic": "", "ending": "0", "end": 473, "root": "käi=dud", "_index_": 73, "partofspeech": "A", "start": 467, "lemma": "käidud"}, {"root_tokens": ["käidud"], "form": "Sg Nom", "clitic": "", "ending": "0", "end": 473, "root": "käi=dud", "_index_": 73, "partofspeech": "A", "start": 467, "lemma": "käidud"}, {"root_tokens": ["käidud"], "form": "Pl Nom", "clitic": "", "ending": "d", "end": 473, "root": "käi=dud", "_index_": 73, "partofspeech": "A", "start": 467, "lemma": "käidud"}, {"root_tokens": ["käi"], "form": "Impers Prt Prc", "clitic": "", "ending": "dud", "end": 473, "root": "käi", "_index_": 73, "partofspeech": "V", "start": 467, "lemma": "käima"}], [{"root_tokens": ["seal"], "form": "", "clitic": "", "ending": "0", "end": 478, "root": "seal", "_index_": 74, "partofspeech": "D", "start": 474, "lemma": "seal"}], [{"root_tokens": ["isegi"], "form": "", "clitic": "", "ending": "0", "end": 484, "root": "isegi", "_index_": 75, "partofspeech": "D", "start": 479, "lemma": "isegi"}], [{"root_tokens": [".."], "form": "", "clitic": "", "ending": "", "end": 487, "root": "..", "_index_": 76, "partofspeech": "Z", "start": 485, "lemma": ".."}]]}, {"enveloping": null, "attributes": [], "name": "tokens", "parent": null, "_base": "tokens", "ambiguous": false, "spans": [{"start": 0, "end": 9}, {"start": 10, "end": 21}, {"start": 23, "end": 26}, {"start": 27, "end": 35}, {"start": 36, "end": 47}, {"start": 48, "end": 54}, {"start": 55, "end": 61}, {"start": 62, "end": 67}, {"start": 68, "end": 76}, {"start": 77, "end": 82}, {"start": 83, "end": 93}, {"start": 94, "end": 98}, {"start": 99, "end": 101}, {"start": 102, "end": 113}, {"start": 114, "end": 118}, {"start": 119, "end": 123}, {"start": 124, "end": 127}, {"start": 128, "end": 129}, {"start": 130, "end": 133}, {"start": 134, "end": 138}, {"start": 139, "end": 144}, {"start": 145, "end": 151}, {"start": 152, "end": 154}, {"start": 156, "end": 160}, {"start": 161, "end": 168}, {"start": 169, "end": 175}, {"start": 176, "end": 179}, {"start": 180, "end": 189}, {"start": 190, "end": 196}, {"start": 197, "end": 202}, {"start": 203, "end": 207}, {"start": 208, "end": 214}, {"start": 215, "end": 222}, {"start": 223, "end": 231}, {"start": 232, "end": 238}, {"start": 239, "end": 240}, {"start": 241, "end": 247}, {"start": 248, "end": 257}, {"start": 258, "end": 264}, {"start": 265, "end": 266}, {"start": 267, "end": 275}, {"start": 276, "end": 280}, {"start": 281, "end": 287}, {"start": 288, "end": 295}, {"start": 296, "end": 300}, {"start": 301, "end": 313}, {"start": 314, "end": 320}, {"start": 321, "end": 326}, {"start": 327, "end": 330}, {"start": 332, "end": 333}, {"start": 334, "end": 337}, {"start": 338, "end": 347}, {"start": 348, "end": 356}, {"start": 357, "end": 362}, {"start": 363, "end": 367}, {"start": 368, "end": 372}, {"start": 373, "end": 381}, {"start": 383, "end": 387}, {"start": 388, "end": 391}, {"start": 392, "end": 399}, {"start": 400, "end": 401}, {"start": 402, "end": 406}, {"start": 407, "end": 413}, {"start": 414, "end": 421}, {"start": 422, "end": 425}, {"start": 426, "end": 430}, {"start": 431, "end": 439}, {"start": 440, "end": 444}, {"start": 445, "end": 447}, {"start": 448, "end": 452}, {"start": 453, "end": 455}, {"start": 456, "end": 462}, {"start": 463, "end": 466}, {"start": 467, "end": 473}, {"start": 474, "end": 478}, {"start": 479, "end": 484}, {"start": 485, "end": 487}]}, {"enveloping": "tokens", "attributes": ["type", "normalized"], "name": "compound_tokens", "parent": null, "_base": "compound_tokens", "ambiguous": false, "spans": [{"_index_": [49], "type": ["abbreviation"], "normalized": "a"}]}], "meta": {"subcorpus": "netifoorum", "type": "teema", "title": "Mänguauto mootoritega - 01. leht ( Planet Foorumid - Tehnoloogia - Sõiduriistad ja tehnika )", "alamfoorum": "Sõiduriistad_ja_tehnika"}, "text": "Mänguauto mootoritega\n\nEga kellelgi juhuslikult kuskil nurgas mõnda suuremat sorti mänguautot pole ?!\nMootoritega võix olla ... , mis seda edasi viixid ..\n\nvist vedeleb kuskil yks m2nguauto mootor 900cc 40hp suzuki samurai orginaal mootor , t8sine m2nguauto mootor , korralik mees t6stab mootori koos k2igukastiga endale 6lale ...\n\na kui mudelauto mootorit otsid siis mine kullosse\n\nmine jah kullose .\nseal toimub selline asi nagu mudeldus ring or smth ..\nkunagi sai käidud seal isegi .."}