{"layers": [{"enveloping": null, "attributes": ["normalized_form"], "name": "words", "parent": null, "_base": "words", "ambiguous": false, "spans": [{"start": 0, "normalized_form": null, "end": 4}, {"start": 5, "normalized_form": null, "end": 7}, {"start": 8, "normalized_form": null, "end": 13}, {"start": 14, "normalized_form": null, "end": 23}, {"start": 25, "normalized_form": null, "end": 28}, {"start": 29, "normalized_form": null, "end": 34}, {"start": 35, "normalized_form": null, "end": 40}, {"start": 41, "normalized_form": null, "end": 46}, {"start": 47, "normalized_form": null, "end": 48}, {"start": 49, "normalized_form": null, "end": 52}, {"start": 53, "normalized_form": null, "end": 58}, {"start": 59, "normalized_form": null, "end": 64}, {"start": 65, "normalized_form": null, "end": 70}, {"start": 71, "normalized_form": null, "end": 80}, {"start": 81, "normalized_form": null, "end": 86}, {"start": 87, "normalized_form": null, "end": 90}, {"start": 91, "normalized_form": null, "end": 95}, {"start": 96, "normalized_form": null, "end": 102}, {"start": 103, "normalized_form": null, "end": 105}, {"start": 106, "normalized_form": null, "end": 116}, {"start": 117, "normalized_form": null, "end": 121}, {"start": 122, "normalized_form": null, "end": 132}, {"start": 133, "normalized_form": null, "end": 140}, {"start": 141, "normalized_form": null, "end": 148}, {"start": 149, "normalized_form": null, "end": 150}, {"start": 152, "normalized_form": null, "end": 156}, {"start": 157, "normalized_form": null, "end": 165}, {"start": 166, "normalized_form": null, "end": 172}, {"start": 173, "normalized_form": null, "end": 177}, {"start": 178, "normalized_form": null, "end": 179}, {"start": 180, "normalized_form": null, "end": 183}, {"start": 184, "normalized_form": null, "end": 186}, {"start": 187, "normalized_form": null, "end": 193}, {"start": 194, "normalized_form": null, "end": 200}, {"start": 201, "normalized_form": null, "end": 206}, {"start": 207, "normalized_form": null, "end": 210}, {"start": 211, "normalized_form": null, "end": 214}, {"start": 215, "normalized_form": null, "end": 221}, {"start": 222, "normalized_form": null, "end": 225}, {"start": 226, "normalized_form": null, "end": 227}, {"start": 229, "normalized_form": null, "end": 230}, {"start": 231, "normalized_form": null, "end": 234}, {"start": 235, "normalized_form": null, "end": 237}, {"start": 238, "normalized_form": null, "end": 240}, {"start": 241, "normalized_form": null, "end": 252}, {"start": 253, "normalized_form": null, "end": 257}, {"start": 258, "normalized_form": null, "end": 261}, {"start": 262, "normalized_form": null, "end": 266}, {"start": 267, "normalized_form": null, "end": 271}, {"start": 272, "normalized_form": null, "end": 278}, {"start": 280, "normalized_form": null, "end": 291}, {"start": 292, "normalized_form": null, "end": 297}, {"start": 298, "normalized_form": null, "end": 303}, {"start": 304, "normalized_form": null, "end": 310}, {"start": 311, "normalized_form": null, "end": 323}, {"start": 324, "normalized_form": null, "end": 332}, {"start": 333, "normalized_form": null, "end": 337}, {"start": 338, "normalized_form": null, "end": 339}, {"start": 340, "normalized_form": null, "end": 344}, {"start": 345, "normalized_form": null, "end": 356}, {"start": 357, "normalized_form": null, "end": 363}, {"start": 364, "normalized_form": null, "end": 368}, {"start": 369, "normalized_form": null, "end": 372}, {"start": 373, "normalized_form": null, "end": 378}, {"start": 379, "normalized_form": null, "end": 382}, {"start": 383, "normalized_form": null, "end": 390}, {"start": 391, "normalized_form": null, "end": 392}, {"start": 393, "normalized_form": null, "end": 396}, {"start": 397, "normalized_form": null, "end": 399}, {"start": 400, "normalized_form": null, "end": 403}, {"start": 404, "normalized_form": null, "end": 405}, {"start": 406, "normalized_form": null, "end": 410}, {"start": 411, "normalized_form": null, "end": 415}, {"start": 416, "normalized_form": null, "end": 417}, {"start": 418, "normalized_form": null, "end": 421}, {"start": 422, "normalized_form": null, "end": 433}, {"start": 434, "normalized_form": null, "end": 435}, {"start": 436, "normalized_form": null, "end": 439}, {"start": 440, "normalized_form": null, "end": 445}, {"start": 446, "normalized_form": null, "end": 449}, {"start": 450, "normalized_form": null, "end": 454}, {"start": 455, "normalized_form": null, "end": 456}, {"start": 457, "normalized_form": null, "end": 461}, {"start": 462, "normalized_form": null, "end": 466}, {"start": 467, "normalized_form": null, "end": 469}, {"start": 470, "normalized_form": null, "end": 473}, {"start": 474, "normalized_form": null, "end": 476}, {"start": 477, "normalized_form": null, "end": 485}, {"start": 486, "normalized_form": null, "end": 487}, {"start": 489, "normalized_form": null, "end": 494}, {"start": 495, "normalized_form": null, "end": 498}, {"start": 499, "normalized_form": null, "end": 500}, {"start": 501, "normalized_form": null, "end": 505}, {"start": 506, "normalized_form": null, "end": 513}, {"start": 514, "normalized_form": null, "end": 518}, {"start": 519, "normalized_form": null, "end": 520}, {"start": 521, "normalized_form": null, "end": 526}, {"start": 527, "normalized_form": null, "end": 536}, {"start": 537, "normalized_form": null, "end": 543}, {"start": 544, "normalized_form": null, "end": 550}, {"start": 551, "normalized_form": null, "end": 552}, {"start": 554, "normalized_form": null, "end": 557}, {"start": 558, "normalized_form": null, "end": 566}, {"start": 567, "normalized_form": null, "end": 577}, {"start": 578, "normalized_form": null, "end": 584}, {"start": 585, "normalized_form": null, "end": 592}, {"start": 593, "normalized_form": null, "end": 599}, {"start": 600, "normalized_form": null, "end": 602}, {"start": 603, "normalized_form": null, "end": 608}, {"start": 609, "normalized_form": null, "end": 618}, {"start": 619, "normalized_form": null, "end": 621}, {"start": 622, "normalized_form": null, "end": 627}, {"start": 628, "normalized_form": null, "end": 631}, {"start": 632, "normalized_form": null, "end": 638}, {"start": 639, "normalized_form": null, "end": 642}, {"start": 643, "normalized_form": null, "end": 649}, {"start": 650, "normalized_form": null, "end": 653}, {"start": 654, "normalized_form": null, "end": 657}, {"start": 658, "normalized_form": null, "end": 662}, {"start": 663, "normalized_form": null, "end": 669}, {"start": 670, "normalized_form": null, "end": 676}, {"start": 677, "normalized_form": null, "end": 683}, {"start": 684, "normalized_form": null, "end": 689}, {"start": 690, "normalized_form": null, "end": 695}, {"start": 696, "normalized_form": null, "end": 699}, {"start": 700, "normalized_form": null, "end": 705}, {"start": 706, "normalized_form": null, "end": 711}, {"start": 713, "normalized_form": null, "end": 720}, {"start": 721, "normalized_form": null, "end": 726}, {"start": 727, "normalized_form": null, "end": 730}, {"start": 731, "normalized_form": null, "end": 736}, {"start": 737, "normalized_form": null, "end": 745}, {"start": 746, "normalized_form": null, "end": 748}, {"start": 749, "normalized_form": null, "end": 753}, {"start": 754, "normalized_form": null, "end": 755}, {"start": 756, "normalized_form": null, "end": 759}, {"start": 760, "normalized_form": null, "end": 766}, {"start": 767, "normalized_form": null, "end": 770}, {"start": 771, "normalized_form": null, "end": 777}, {"start": 778, "normalized_form": null, "end": 779}, {"start": 780, "normalized_form": null, "end": 783}, {"start": 784, "normalized_form": null, "end": 786}, {"start": 787, "normalized_form": null, "end": 788}, {"start": 789, "normalized_form": null, "end": 796}, {"start": 797, "normalized_form": null, "end": 801}, {"start": 802, "normalized_form": null, "end": 808}, {"start": 809, "normalized_form": null, "end": 814}, {"start": 815, "normalized_form": null, "end": 816}, {"start": 816, "normalized_form": null, "end": 822}, {"start": 823, "normalized_form": null, "end": 832}, {"start": 833, "normalized_form": null, "end": 834}, {"start": 835, "normalized_form": null, "end": 840}, {"start": 841, "normalized_form": null, "end": 843}, {"start": 844, "normalized_form": null, "end": 851}, {"start": 852, "normalized_form": null, "end": 853}, {"start": 854, "normalized_form": null, "end": 858}, {"start": 859, "normalized_form": null, "end": 862}, {"start": 864, "normalized_form": null, "end": 867}, {"start": 868, "normalized_form": null, "end": 873}, {"start": 874, "normalized_form": null, "end": 878}, {"start": 879, "normalized_form": null, "end": 882}, {"start": 883, "normalized_form": null, "end": 885}, {"start": 886, "normalized_form": null, "end": 901}, {"start": 902, "normalized_form": null, "end": 904}, {"start": 905, "normalized_form": null, "end": 906}, {"start": 907, "normalized_form": null, "end": 911}, {"start": 912, "normalized_form": null, "end": 916}, {"start": 917, "normalized_form": null, "end": 927}, {"start": 928, "normalized_form": null, "end": 936}, {"start": 937, "normalized_form": null, "end": 942}, {"start": 943, "normalized_form": null, "end": 945}, {"start": 946, "normalized_form": null, "end": 952}, {"start": 953, "normalized_form": null, "end": 960}, {"start": 961, "normalized_form": null, "end": 966}, {"start": 967, "normalized_form": null, "end": 975}, {"start": 976, "normalized_form": null, "end": 983}, {"start": 984, "normalized_form": null, "end": 991}, {"start": 992, "normalized_form": null, "end": 994}]}, {"enveloping": "words", "attributes": ["fix_types"], "name": "sentences", "parent": null, "_base": "sentences", "ambiguous": false, "spans": [{"fix_types": ["double_newline_ending"], "_index_": [0, 1, 2, 3]}, {"fix_types": [], "_index_": [4, 5, 6, 7, 8, 9, 10, 11, 12, 13, 14, 15, 16, 17, 18, 19, 20, 21, 22, 23, 24]}, {"fix_types": [], "_index_": [25, 26, 27, 28, 29, 30, 31, 32, 33, 34, 35, 36, 37, 38, 39]}, {"fix_types": ["double_newline_ending"], "_index_": [40, 41, 42, 43, 44, 45, 46, 47, 48, 49]}, {"fix_types": [], "_index_": [50, 51, 52, 53, 54, 55, 56, 57, 58, 59, 60, 61, 62, 63, 64, 65, 66, 67, 68, 69, 70, 71, 72, 73]}, {"fix_types": [], "_index_": [74, 75, 76, 77, 78, 79, 80, 81, 82, 83, 84, 85, 86, 87, 88]}, {"fix_types": [], "_index_": [89, 90, 91, 92, 93, 94, 95, 96, 97, 98, 99, 100]}, {"fix_types": ["double_newline_ending"], "_index_": [101, 102, 103, 104, 105, 106, 107, 108, 109, 110, 111, 112, 113, 114, 115, 116, 117, 118, 119, 120, 121, 122, 123, 124, 125, 126]}, {"fix_types": [], "_index_": [127, 128, 129, 130, 131, 132, 133, 134, 135, 136, 137, 138, 139, 140, 141, 142, 143, 144, 145, 146, 147, 148, 149, 150]}, {"fix_types": ["double_newline_ending"], "_index_": [151, 152, 153, 154, 155, 156]}, {"fix_types": [], "_index_": [157, 158, 159, 160, 161, 162, 163, 164]}, {"fix_types": [], "_index_": [165, 166, 167, 168, 169, 170, 171, 172, 173, 174, 175, 176, 177]}]}, {"enveloping": "sentences", "attributes": [], "name": "paragraphs", "parent": null, "_base": "paragraphs", "ambiguous": false, "spans": [{"_index_": [0]}, {"_index_": [1]}, {"_index_": [2]}, {"_index_": [3]}, {"_index_": [4, 5]}, {"_index_": [6]}, {"_index_": [7]}, {"_index_": [8, 9]}, {"_index_": [10, 11]}]}, {"enveloping": "words", "attributes": ["type"], "name": "syntax_ignore", "parent": null, "_base": "syntax_ignore", "ambiguous": false, "spans": []}, {"enveloping": null, "attributes": ["lemma", "root", "root_tokens", "ending", "clitic", "form", "partofspeech"], "name": "morph_analysis", "parent": "words", "_base": "words", "ambiguous": true, "spans": [[{"root_tokens": ["rool"], "form": "sg n", "clitic": "", "ending": "0", "end": 4, "root": "rool", "_index_": 0, "partofspeech": "S", "start": 0, "lemma": "rool"}], [{"root_tokens": ["ja"], "form": "", "clitic": "", "ending": "0", "end": 7, "root": "ja", "_index_": 1, "partofspeech": "J", "start": 5, "lemma": "ja"}], [{"root_tokens": ["see"], "form": "sg g", "clitic": "", "ending": "0", "end": 13, "root": "see", "_index_": 2, "partofspeech": "P", "start": 8, "lemma": "see"}], [{"root_tokens": ["ehitamine"], "form": "sg n", "clitic": "", "ending": "0", "end": 23, "root": "ehitamine", "_index_": 3, "partofspeech": "S", "start": 14, "lemma": "ehitamine"}], [{"root_tokens": ["kas"], "form": "", "clitic": "", "ending": "0", "end": 28, "root": "kas", "_index_": 4, "partofspeech": "D", "start": 25, "lemma": "kas"}], [{"root_tokens": ["keegi"], "form": "sg n", "clitic": "", "ending": "0", "end": 34, "root": "keegi", "_index_": 5, "partofspeech": "P", "start": 29, "lemma": "keegi"}], [{"root_tokens": ["tead"], "form": "ks", "clitic": "", "ending": "ks", "end": 40, "root": "tead", "_index_": 6, "partofspeech": "V", "start": 35, "lemma": "teadma"}], [{"root_tokens": ["ütle"], "form": "da", "clitic": "", "ending": "da", "end": 46, "root": "ütle", "_index_": 7, "partofspeech": "V", "start": 41, "lemma": "ütlema"}], [{"root_tokens": [","], "form": "", "clitic": "", "ending": "", "end": 48, "root": ",", "_index_": 8, "partofspeech": "Z", "start": 47, "lemma": ","}], [{"root_tokens": ["kus"], "form": "", "clitic": "", "ending": "0", "end": 52, "root": "kus", "_index_": 9, "partofspeech": "D", "start": 49, "lemma": "kus"}], [{"root_tokens": ["ole"], "form": "ks", "clitic": "", "ending": "ks", "end": 58, "root": "ole", "_index_": 10, "partofspeech": "V", "start": 53, "lemma": "olema"}], [{"root_tokens": ["link"], "form": "sg p", "clitic": "", "ending": "0", "end": 64, "root": "link", "_index_": 11, "partofspeech": "S", "start": 59, "lemma": "link"}], [{"root_tokens": ["rool"], "form": "sg p", "clitic": "", "ending": "0", "end": 70, "root": "rool", "_index_": 12, "partofspeech": "S", "start": 65, "lemma": "rool"}], [{"root_tokens": ["ehitamine"], "form": "sg g", "clitic": "", "ending": "0", "end": 80, "root": "ehitamine", "_index_": 13, "partofspeech": "S", "start": 71, "lemma": "ehitamine"}], [{"root_tokens": ["kohta"], "form": "", "clitic": "", "ending": "0", "end": 86, "root": "kohta", "_index_": 14, "partofspeech": "K", "start": 81, "lemma": "kohta"}], [{"root_tokens": ["või"], "form": "", "clitic": "", "ending": "0", "end": 90, "root": "või", "_index_": 15, "partofspeech": "J", "start": 87, "lemma": "või"}], [{"root_tokens": ["siis"], "form": "", "clitic": "", "ending": "0", "end": 95, "root": "siis", "_index_": 16, "partofspeech": "D", "start": 91, "lemma": "siis"}], [{"root_tokens": ["sidur"], "form": "sg g", "clitic": "", "ending": "0", "end": 102, "root": "sidur", "_index_": 17, "partofspeech": "S", "start": 96, "lemma": "sidur"}], [{"root_tokens": ["ja"], "form": "", "clitic": "", "ending": "0", "end": 105, "root": "ja", "_index_": 18, "partofspeech": "J", "start": 103, "lemma": "ja"}], [{"root_tokens": ["käigu", "kast"], "form": "sg g", "clitic": "", "ending": "0", "end": 116, "root": "käigu_kast", "_index_": 19, "partofspeech": "S", "start": 106, "lemma": "käigukast"}], [{"root_tokens": ["ning"], "form": "", "clitic": "", "ending": "0", "end": 121, "root": "ning", "_index_": 20, "partofspeech": "J", "start": 117, "lemma": "ning"}], [{"root_tokens": ["käsi", "pidur"], "form": "sg g", "clitic": "", "ending": "0", "end": 132, "root": "käsi_pidur", "_index_": 21, "partofspeech": "S", "start": 122, "lemma": "käsipidur"}], [{"root_tokens": ["tegemi"], "form": "sg in", "clitic": "", "ending": "s", "end": 140, "root": "tegemi", "_index_": 22, "partofspeech": "S", "start": 133, "lemma": "tegemi"}, {"root_tokens": ["tegem"], "form": "sg in", "clitic": "", "ending": "s", "end": 140, "root": "tegem", "_index_": 22, "partofspeech": "S", "start": 133, "lemma": "tegem"}], [{"root_tokens": ["õpetus"], "form": "sg p", "clitic": "", "ending": "t", "end": 148, "root": "õpetus", "_index_": 23, "partofspeech": "S", "start": 141, "lemma": "õpetus"}], [{"root_tokens": ["?"], "form": "", "clitic": "", "ending": "", "end": 150, "root": "?", "_index_": 24, "partofspeech": "Z", "start": 149, "lemma": "?"}], [{"root_tokens": ["suht"], "form": "sg n", "clitic": "", "ending": "0", "end": 156, "root": "suht", "_index_": 25, "partofspeech": "S", "start": 152, "lemma": "suht"}], [{"root_tokens": ["tehnik"], "form": "pl n", "clitic": "", "ending": "d", "end": 165, "root": "tehnik", "_index_": 26, "partofspeech": "S", "start": 157, "lemma": "tehnik"}], [{"root_tokens": ["vend"], "form": "pl n", "clitic": "", "ending": "d", "end": 172, "root": "vend", "_index_": 27, "partofspeech": "S", "start": 166, "lemma": "vend"}], [{"root_tokens": ["seal"], "form": "", "clitic": "", "ending": "0", "end": 177, "root": "seal", "_index_": 28, "partofspeech": "D", "start": 173, "lemma": "seal"}], [{"root_tokens": [","], "form": "", "clitic": "", "ending": "", "end": 179, "root": ",", "_index_": 29, "partofspeech": "Z", "start": 178, "lemma": ","}], [{"root_tokens": ["aga"], "form": "", "clitic": "", "ending": "0", "end": 183, "root": "aga", "_index_": 30, "partofspeech": "J", "start": 180, "lemma": "aga"}], [{"root_tokens": ["ei"], "form": "neg", "clitic": "", "ending": "0", "end": 186, "root": "ei", "_index_": 31, "partofspeech": "V", "start": 184, "lemma": "ei"}], [{"root_tokens": ["mõist"], "form": "o", "clitic": "", "ending": "0", "end": 193, "root": "mõist", "_index_": 32, "partofspeech": "V", "start": 187, "lemma": "mõistma"}], [{"root_tokens": ["rootsi"], "form": "", "clitic": "", "ending": "0", "end": 200, "root": "rootsi", "_index_": 33, "partofspeech": "G", "start": 194, "lemma": "rootsi"}], [{"root_tokens": ["keel"], "form": "sg p", "clitic": "", "ending": "t", "end": 206, "root": "keel", "_index_": 34, "partofspeech": "S", "start": 201, "lemma": "keel"}], [{"root_tokens": ["ega"], "form": "", "clitic": "", "ending": "0", "end": 210, "root": "ega", "_index_": 35, "partofspeech": "J", "start": 207, "lemma": "ega"}], [{"root_tokens": ["saa"], "form": "o", "clitic": "", "ending": "0", "end": 214, "root": "saa", "_index_": 36, "partofspeech": "V", "start": 211, "lemma": "saama"}], [{"root_tokens": ["miski"], "form": "sg p", "clitic": "", "ending": "dagi", "end": 221, "root": "miski", "_index_": 37, "partofspeech": "P", "start": 215, "lemma": "miski"}], [{"root_tokens": ["aru"], "form": "sg p", "clitic": "", "ending": "0", "end": 225, "root": "aru", "_index_": 38, "partofspeech": "S", "start": 222, "lemma": "aru"}], [{"root_tokens": ["."], "form": "", "clitic": "", "ending": "", "end": 227, "root": ".", "_index_": 39, "partofspeech": "Z", "start": 226, "lemma": "."}], [{"root_tokens": ["-"], "form": "", "clitic": "", "ending": "", "end": 230, "root": "-", "_index_": 40, "partofspeech": "Z", "start": 229, "lemma": "-"}], [{"root_tokens": ["see"], "form": "sg n", "clitic": "", "ending": "0", "end": 234, "root": "see", "_index_": 41, "partofspeech": "P", "start": 231, "lemma": "see"}], [{"root_tokens": ["ole"], "form": "b", "clitic": "", "ending": "0", "end": 237, "root": "ole", "_index_": 42, "partofspeech": "V", "start": 235, "lemma": "olema"}, {"root_tokens": ["ole"], "form": "vad", "clitic": "", "ending": "0", "end": 237, "root": "ole", "_index_": 42, "partofspeech": "V", "start": 235, "lemma": "olema"}], [{"root_tokens": ["ka"], "form": "", "clitic": "", "ending": "0", "end": 240, "root": "ka", "_index_": 43, "partofspeech": "D", "start": 238, "lemma": "ka"}], [{"root_tokens": ["mingi", "sugune"], "form": "sg n", "clitic": "", "ending": "0", "end": 252, "root": "mingi_sugune", "_index_": 44, "partofspeech": "P", "start": 241, "lemma": "mingisugune"}], [{"root_tokens": ["leht"], "form": "sg n", "clitic": "", "ending": "0", "end": 257, "root": "leht", "_index_": 45, "partofspeech": "S", "start": 253, "lemma": "leht"}], [{"root_tokens": ["aga"], "form": "", "clitic": "", "ending": "0", "end": 261, "root": "aga", "_index_": 46, "partofspeech": "J", "start": 258, "lemma": "aga"}], [{"root_tokens": ["seal"], "form": "", "clitic": "", "ending": "0", "end": 266, "root": "seal", "_index_": 47, "partofspeech": "D", "start": 262, "lemma": "seal"}], [{"root_tokens": ["ole"], "form": "neg o", "clitic": "", "ending": "0", "end": 271, "root": "ole", "_index_": 48, "partofspeech": "V", "start": 267, "lemma": "olema"}], [{"root_tokens": ["skeem"], "form": "pl p", "clitic": "", "ending": "e", "end": 278, "root": "skeem", "_index_": 49, "partofspeech": "S", "start": 272, "lemma": "skeem"}], [{"root_tokens": ["arvatavasti"], "form": "", "clitic": "", "ending": "0", "end": 291, "root": "arvatavasti", "_index_": 50, "partofspeech": "D", "start": 280, "lemma": "arvatavasti"}], [{"root_tokens": ["ole"], "form": "ks", "clitic": "", "ending": "ks", "end": 297, "root": "ole", "_index_": 51, "partofspeech": "V", "start": 292, "lemma": "olema"}], [{"root_tokens": ["parem"], "form": "", "clitic": "", "ending": "0", "end": 303, "root": "parem", "_index_": 52, "partofspeech": "D", "start": 298, "lemma": "parem"}], [{"root_tokens": ["valmis"], "form": "", "clitic": "", "ending": "0", "end": 310, "root": "valmis", "_index_": 53, "partofspeech": "A", "start": 304, "lemma": "valmis"}], [{"root_tokens": ["meisterdatud"], "form": "", "clitic": "", "ending": "0", "end": 323, "root": "meisterda=tud", "_index_": 54, "partofspeech": "A", "start": 311, "lemma": "meisterdatud"}, {"root_tokens": ["meisterdatud"], "form": "sg n", "clitic": "", "ending": "0", "end": 323, "root": "meisterda=tud", "_index_": 54, "partofspeech": "A", "start": 311, "lemma": "meisterdatud"}, {"root_tokens": ["meisterdatud"], "form": "pl n", "clitic": "", "ending": "d", "end": 323, "root": "meisterda=tud", "_index_": 54, "partofspeech": "A", "start": 311, "lemma": "meisterdatud"}, {"root_tokens": ["meisterda"], "form": "tud", "clitic": "", "ending": "tud", "end": 323, "root": "meisterda", "_index_": 54, "partofspeech": "V", "start": 311, "lemma": "meisterdama"}], [{"root_tokens": ["komplekt"], "form": "sg n", "clitic": "", "ending": "0", "end": 332, "root": "komplekt", "_index_": 55, "partofspeech": "S", "start": 324, "lemma": "komplekt"}], [{"root_tokens": ["ost"], "form": "da", "clitic": "", "ending": "a", "end": 337, "root": "ost", "_index_": 56, "partofspeech": "V", "start": 333, "lemma": "ostma"}], [{"root_tokens": [","], "form": "", "clitic": "", "ending": "", "end": 339, "root": ",", "_index_": 57, "partofspeech": "Z", "start": 338, "lemma": ","}], [{"root_tokens": ["kuna"], "form": "", "clitic": "", "ending": "0", "end": 344, "root": "kuna", "_index_": 58, "partofspeech": "J", "start": 340, "lemma": "kuna"}], [{"root_tokens": ["ise", "tegemine"], "form": "sg g", "clitic": "", "ending": "0", "end": 356, "root": "ise_tegemine", "_index_": 59, "partofspeech": "S", "start": 345, "lemma": "isetegemine"}], [{"root_tokens": ["käik"], "form": "sg ad", "clitic": "", "ending": "l", "end": 363, "root": "käik", "_index_": 60, "partofspeech": "S", "start": 357, "lemma": "käik"}], [{"root_tokens": ["või"], "form": "b", "clitic": "", "ending": "b", "end": 368, "root": "või", "_index_": 61, "partofspeech": "V", "start": 364, "lemma": "võima"}], [{"root_tokens": ["nii"], "form": "", "clitic": "", "ending": "0", "end": 372, "root": "nii", "_index_": 62, "partofspeech": "D", "start": 369, "lemma": "nii"}], [{"root_tokens": ["rool"], "form": "sg p", "clitic": "", "ending": "0", "end": 378, "root": "rool", "_index_": 63, "partofspeech": "S", "start": 373, "lemma": "rool"}], [{"root_tokens": ["ära"], "form": "", "clitic": "", "ending": "0", "end": 382, "root": "ära", "_index_": 64, "partofspeech": "D", "start": 379, "lemma": "ära"}], [{"root_tokens": ["rikku"], "form": "da", "clitic": "", "ending": "da", "end": 390, "root": "rikku", "_index_": 65, "partofspeech": "V", "start": 383, "lemma": "rikkuma"}], [{"root_tokens": [","], "form": "", "clitic": "", "ending": "", "end": 392, "root": ",", "_index_": 66, "partofspeech": "Z", "start": 391, "lemma": ","}], [{"root_tokens": ["kui"], "form": "", "clitic": "", "ending": "0", "end": 396, "root": "kui", "_index_": 67, "partofspeech": "D", "start": 393, "lemma": "kui"}, {"root_tokens": ["kui"], "form": "", "clitic": "", "ending": "0", "end": 396, "root": "kui", "_index_": 67, "partofspeech": "J", "start": 393, "lemma": "kui"}], [{"root_tokens": ["ei"], "form": "neg", "clitic": "", "ending": "0", "end": 399, "root": "ei", "_index_": 68, "partofspeech": "V", "start": 397, "lemma": "ei"}], [{"root_tokens": ["tead"], "form": "o", "clitic": "", "ending": "0", "end": 403, "root": "tead", "_index_": 69, "partofspeech": "V", "start": 400, "lemma": "teadma"}], [{"root_tokens": [","], "form": "", "clitic": "", "ending": "", "end": 405, "root": ",", "_index_": 70, "partofspeech": "Z", "start": 404, "lemma": ","}], [{"root_tokens": ["mis"], "form": "pl p", "clitic": "", "ending": "da", "end": 410, "root": "mis", "_index_": 71, "partofspeech": "P", "start": 406, "lemma": "mis"}, {"root_tokens": ["mis"], "form": "sg p", "clitic": "", "ending": "da", "end": 410, "root": "mis", "_index_": 71, "partofspeech": "P", "start": 406, "lemma": "mis"}], [{"root_tokens": ["tee"], "form": "sg p", "clitic": "", "ending": "d", "end": 415, "root": "tee", "_index_": 72, "partofspeech": "S", "start": 411, "lemma": "tee"}], [{"root_tokens": ["."], "form": "", "clitic": "", "ending": "", "end": 417, "root": ".", "_index_": 73, "partofspeech": "Z", "start": 416, "lemma": "."}], [{"root_tokens": ["aga"], "form": "", "clitic": "", "ending": "0", "end": 421, "root": "aga", "_index_": 74, "partofspeech": "J", "start": 418, "lemma": "aga"}], [{"root_tokens": ["loomulikult"], "form": "", "clitic": "", "ending": "0", "end": 433, "root": "loomulikult", "_index_": 75, "partofspeech": "D", "start": 422, "lemma": "loomulikult"}], [{"root_tokens": [","], "form": "", "clitic": "", "ending": "", "end": 435, "root": ",", "_index_": 76, "partofspeech": "Z", "start": 434, "lemma": ","}], [{"root_tokens": ["kui"], "form": "", "clitic": "", "ending": "0", "end": 439, "root": "kui", "_index_": 77, "partofspeech": "D", "start": 436, "lemma": "kui"}, {"root_tokens": ["kui"], "form": "", "clitic": "", "ending": "0", "end": 439, "root": "kui", "_index_": 77, "partofspeech": "J", "start": 436, "lemma": "kui"}], [{"root_tokens": ["taht"], "form": "d", "clitic": "", "ending": "d", "end": 445, "root": "taht", "_index_": 78, "partofspeech": "V", "start": 440, "lemma": "tahtma"}], [{"root_tokens": ["ise"], "form": "pl n", "clitic": "", "ending": "0", "end": 449, "root": "ise", "_index_": 79, "partofspeech": "P", "start": 446, "lemma": "ise"}, {"root_tokens": ["ise"], "form": "sg n", "clitic": "", "ending": "0", "end": 449, "root": "ise", "_index_": 79, "partofspeech": "P", "start": 446, "lemma": "ise"}], [{"root_tokens": ["tege"], "form": "da", "clitic": "", "ending": "a", "end": 454, "root": "tege", "_index_": 80, "partofspeech": "V", "start": 450, "lemma": "tegema"}], [{"root_tokens": [","], "form": "", "clitic": "", "ending": "", "end": 456, "root": ",", "_index_": 81, "partofspeech": "Z", "start": 455, "lemma": ","}], [{"root_tokens": ["siis"], "form": "", "clitic": "", "ending": "0", "end": 461, "root": "siis", "_index_": 82, "partofspeech": "J", "start": 457, "lemma": "siis"}], [{"root_tokens": ["või"], "form": "d", "clitic": "", "ending": "d", "end": 466, "root": "või", "_index_": 83, "partofspeech": "V", "start": 462, "lemma": "võima"}], [{"root_tokens": ["ju"], "form": "", "clitic": "", "ending": "0", "end": 469, "root": "ju", "_index_": 84, "partofspeech": "D", "start": 467, "lemma": "ju"}], [{"root_tokens": ["ise"], "form": "pl n", "clitic": "", "ending": "0", "end": 473, "root": "ise", "_index_": 85, "partofspeech": "P", "start": 470, "lemma": "ise"}, {"root_tokens": ["ise"], "form": "sg n", "clitic": "", "ending": "0", "end": 473, "root": "ise", "_index_": 85, "partofspeech": "P", "start": 470, "lemma": "ise"}], [{"root_tokens": ["ka"], "form": "", "clitic": "", "ending": "0", "end": 476, "root": "ka", "_index_": 86, "partofspeech": "D", "start": 474, "lemma": "ka"}], [{"root_tokens": ["proovi"], "form": "da", "clitic": "", "ending": "da", "end": 485, "root": "proovi", "_index_": 87, "partofspeech": "V", "start": 477, "lemma": "proovima"}], [{"root_tokens": ["."], "form": "", "clitic": "", "ending": "", "end": 487, "root": ".", "_index_": 88, "partofspeech": "Z", "start": 486, "lemma": "."}], [{"root_tokens": ["Kammi"], "form": "sg n", "clitic": "", "ending": "0", "end": 494, "root": "Kammi", "_index_": 89, "partofspeech": "H", "start": 489, "lemma": "Kammi"}], [{"root_tokens": ["LFS"], "form": "?", "clitic": "", "ending": "0", "end": 498, "root": "LFS", "_index_": 90, "partofspeech": "Y", "start": 495, "lemma": "LFS"}], [{"root_tokens": [","], "form": "", "clitic": "", "ending": "", "end": 500, "root": ",", "_index_": 91, "partofspeech": "Z", "start": 499, "lemma": ","}], [{"root_tokens": ["RBR"], "form": "sg g", "clitic": "", "ending": "i", "end": 505, "root": "RBR", "_index_": 92, "partofspeech": "Y", "start": 501, "lemma": "RBR"}], [{"root_tokens": ["foorume"], "form": "sg g", "clitic": "", "ending": "0", "end": 513, "root": "foorume", "_index_": 93, "partofspeech": "S", "start": 506, "lemma": "foorume"}], [{"root_tokens": ["läbi"], "form": "", "clitic": "", "ending": "0", "end": 518, "root": "läbi", "_index_": 94, "partofspeech": "D", "start": 514, "lemma": "läbi"}], [{"root_tokens": [","], "form": "", "clitic": "", "ending": "", "end": 520, "root": ",", "_index_": 95, "partofspeech": "Z", "start": 519, "lemma": ","}], [{"root_tokens": ["pida"], "form": "ks", "clitic": "", "ending": "ks", "end": 526, "root": "pida", "_index_": 96, "partofspeech": "V", "start": 521, "lemma": "pidama"}], [{"root_tokens": ["kindlasti"], "form": "", "clitic": "", "ending": "0", "end": 536, "root": "kindlasti", "_index_": 97, "partofspeech": "D", "start": 527, "lemma": "kindlasti"}], [{"root_tokens": ["miski"], "form": "sg p", "clitic": "", "ending": "dagi", "end": 543, "root": "miski", "_index_": 98, "partofspeech": "P", "start": 537, "lemma": "miski"}], [{"root_tokens": ["leid"], "form": "ma", "clitic": "", "ending": "ma", "end": 550, "root": "leid", "_index_": 99, "partofspeech": "V", "start": 544, "lemma": "leidma"}], [{"root_tokens": ["."], "form": "", "clitic": "", "ending": "", "end": 552, "root": ".", "_index_": 100, "partofspeech": "Z", "start": 551, "lemma": "."}], [{"root_tokens": ["kus"], "form": "", "clitic": "", "ending": "0", "end": 557, "root": "kus", "_index_": 101, "partofspeech": "D", "start": 554, "lemma": "kus"}], [{"root_tokens": ["tallinas"], "form": "sg n", "clitic": "", "ending": "0", "end": 566, "root": "tallinas", "_index_": 102, "partofspeech": "S", "start": 558, "lemma": "tallinas"}], [{"root_tokens": ["käigu", "kang"], "form": "pl p", "clitic": "", "ending": "e", "end": 577, "root": "käigu_kang", "_index_": 103, "partofspeech": "S", "start": 567, "lemma": "käigukang"}], [{"root_tokens": ["eraldi"], "form": "", "clitic": "", "ending": "0", "end": 584, "root": "eraldi", "_index_": 104, "partofspeech": "D", "start": 578, "lemma": "eraldi"}], [{"root_tokens": ["müü"], "form": "takse", "clitic": "", "ending": "akse", "end": 592, "root": "müü", "_index_": 105, "partofspeech": "V", "start": 585, "lemma": "müüma"}], [{"root_tokens": ["taht"], "form": "ks", "clitic": "", "ending": "ks", "end": 599, "root": "taht", "_index_": 106, "partofspeech": "V", "start": 593, "lemma": "tahtma"}], [{"root_tokens": ["ka"], "form": "", "clitic": "", "ending": "0", "end": 602, "root": "ka", "_index_": 107, "partofspeech": "D", "start": 600, "lemma": "ka"}], [{"root_tokens": ["kolm"], "form": "sg g", "clitic": "", "ending": "0", "end": 608, "root": "kolm", "_index_": 108, "partofspeech": "N", "start": 603, "lemma": "kolm"}], [{"root_tokens": ["pedaal"], "form": "sg kom", "clitic": "", "ending": "ga", "end": 618, "root": "pedaal", "_index_": 109, "partofspeech": "S", "start": 609, "lemma": "pedaal"}], [{"root_tokens": ["ja"], "form": "", "clitic": "", "ending": "0", "end": 621, "root": "ja", "_index_": 110, "partofspeech": "J", "start": 619, "lemma": "ja"}], [{"root_tokens": ["rool"], "form": "sg p", "clitic": "", "ending": "0", "end": 627, "root": "rool", "_index_": 111, "partofspeech": "S", "start": 622, "lemma": "rool"}], [{"root_tokens": ["mis"], "form": "pl n", "clitic": "", "ending": "0", "end": 631, "root": "mis", "_index_": 112, "partofspeech": "P", "start": 628, "lemma": "mis"}, {"root_tokens": ["mis"], "form": "sg n", "clitic": "", "ending": "0", "end": 631, "root": "mis", "_index_": 112, "partofspeech": "P", "start": 628, "lemma": "mis"}], [{"root_tokens": ["pööra"], "form": "b", "clitic": "", "ending": "b", "end": 638, "root": "pööra", "_index_": 113, "partofspeech": "V", "start": 632, "lemma": "pöörama"}], [{"root_tokens": ["900"], "form": "?", "clitic": "", "ending": "0", "end": 642, "root": "900", "_index_": 114, "partofspeech": "N", "start": 639, "lemma": "900"}], [{"root_tokens": ["kraad"], "form": "sg p", "clitic": "", "ending": "0", "end": 649, "root": "kraad", "_index_": 115, "partofspeech": "S", "start": 643, "lemma": "kraad"}], [{"root_tokens": ["aga"], "form": "", "clitic": "", "ending": "0", "end": 653, "root": "aga", "_index_": 116, "partofspeech": "J", "start": 650, "lemma": "aga"}], [{"root_tokens": ["see"], "form": "sg n", "clitic": "", "ending": "0", "end": 657, "root": "see", "_index_": 117, "partofspeech": "P", "start": 654, "lemma": "see"}], [{"root_tokens": ["vist"], "form": "", "clitic": "", "ending": "0", "end": 662, "root": "vist", "_index_": 118, "partofspeech": "D", "start": 658, "lemma": "vist"}], [{"root_tokens": ["maks"], "form": "b", "clitic": "", "ending": "b", "end": 669, "root": "maks", "_index_": 119, "partofspeech": "V", "start": 663, "lemma": "maksma"}], [{"root_tokens": ["veid"], "form": "pl n", "clitic": "", "ending": "d", "end": 676, "root": "veid", "_index_": 120, "partofspeech": "S", "start": 670, "lemma": "veid"}, {"root_tokens": ["veidid"], "form": "sg n", "clitic": "", "ending": "0", "end": 676, "root": "veidid", "_index_": 120, "partofspeech": "S", "start": 670, "lemma": "veidid"}, {"root_tokens": ["veidi"], "form": "pl n", "clitic": "", "ending": "d", "end": 676, "root": "veidi", "_index_": 120, "partofspeech": "S", "start": 670, "lemma": "veidi"}, {"root_tokens": ["veit"], "form": "pl n", "clitic": "", "ending": "d", "end": 676, "root": "veit", "_index_": 120, "partofspeech": "S", "start": 670, "lemma": "veit"}], [{"root_tokens": ["rohkem"], "form": "", "clitic": "", "ending": "0", "end": 683, "root": "rohkem", "_index_": 121, "partofspeech": "D", "start": 677, "lemma": "rohkem"}], [{"root_tokens": ["and"], "form": "ge", "clitic": "", "ending": "ke", "end": 689, "root": "and", "_index_": 122, "partofspeech": "V", "start": 684, "lemma": "andma"}], [{"root_tokens": ["tead"], "form": "da", "clitic": "", "ending": "a", "end": 695, "root": "tead", "_index_": 123, "partofspeech": "V", "start": 690, "lemma": "teadma"}], [{"root_tokens": ["kui"], "form": "", "clitic": "", "ending": "0", "end": 699, "root": "kui", "_index_": 124, "partofspeech": "D", "start": 696, "lemma": "kui"}, {"root_tokens": ["kui"], "form": "", "clitic": "", "ending": "0", "end": 699, "root": "kui", "_index_": 124, "partofspeech": "J", "start": 696, "lemma": "kui"}], [{"root_tokens": ["infi"], "form": "sg p", "clitic": "", "ending": "t", "end": 705, "root": "infi", "_index_": 125, "partofspeech": "S", "start": 700, "lemma": "infi"}], [{"root_tokens": ["saa"], "form": "te", "clitic": "", "ending": "te", "end": 711, "root": "saa", "_index_": 126, "partofspeech": "V", "start": 706, "lemma": "saama"}], [{"root_tokens": ["Driving"], "form": "sg n", "clitic": "", "ending": "0", "end": 720, "root": "Driving", "_index_": 127, "partofspeech": "H", "start": 713, "lemma": "Driving"}], [{"root_tokens": ["Force"], "form": "sg n", "clitic": "", "ending": "0", "end": 726, "root": "Force", "_index_": 128, "partofspeech": "H", "start": 721, "lemma": "Force"}], [{"root_tokens": ["Pro"], "form": "sg n", "clitic": "", "ending": "0", "end": 730, "root": "Pro", "_index_": 129, "partofspeech": "H", "start": 727, "lemma": "Pro"}], [{"root_tokens": ["Force"], "form": "sg n", "clitic": "", "ending": "0", "end": 736, "root": "Force", "_index_": 130, "partofspeech": "H", "start": 731, "lemma": "Force"}], [{"root_tokens": ["Feedback"], "form": "sg n", "clitic": "", "ending": "0", "end": 745, "root": "Feedback", "_index_": 131, "partofspeech": "H", "start": 737, "lemma": "Feedback"}], [{"root_tokens": ["ole"], "form": "b", "clitic": "", "ending": "0", "end": 748, "root": "ole", "_index_": 132, "partofspeech": "V", "start": 746, "lemma": "olema"}, {"root_tokens": ["ole"], "form": "vad", "clitic": "", "ending": "0", "end": 748, "root": "ole", "_index_": 132, "partofspeech": "V", "start": 746, "lemma": "olema"}], [{"root_tokens": ["rool"], "form": "sg n", "clitic": "", "ending": "0", "end": 753, "root": "rool", "_index_": 133, "partofspeech": "S", "start": 749, "lemma": "rool"}], [{"root_tokens": [","], "form": "", "clitic": "", "ending": "", "end": 755, "root": ",", "_index_": 134, "partofspeech": "Z", "start": 754, "lemma": ","}], [{"root_tokens": ["mis"], "form": "pl n", "clitic": "", "ending": "0", "end": 759, "root": "mis", "_index_": 135, "partofspeech": "P", "start": 756, "lemma": "mis"}, {"root_tokens": ["mis"], "form": "sg n", "clitic": "", "ending": "0", "end": 759, "root": "mis", "_index_": 135, "partofspeech": "P", "start": 756, "lemma": "mis"}], [{"root_tokens": ["pööra"], "form": "b", "clitic": "", "ending": "b", "end": 766, "root": "pööra", "_index_": 136, "partofspeech": "V", "start": 760, "lemma": "pöörama"}], [{"root_tokens": ["900"], "form": "?", "clitic": "", "ending": "0", "end": 770, "root": "900", "_index_": 137, "partofspeech": "N", "start": 767, "lemma": "900"}], [{"root_tokens": ["kraad"], "form": "sg p", "clitic": "", "ending": "0", "end": 777, "root": "kraad", "_index_": 138, "partofspeech": "S", "start": 771, "lemma": "kraad"}], [{"root_tokens": [","], "form": "", "clitic": "", "ending": "", "end": 779, "root": ",", "_index_": 139, "partofspeech": "Z", "start": 778, "lemma": ","}], [{"root_tokens": ["aga"], "form": "", "clitic": "", "ending": "0", "end": 783, "root": "aga", "_index_": 140, "partofspeech": "J", "start": 780, "lemma": "aga"}], [{"root_tokens": ["ole"], "form": "b", "clitic": "", "ending": "0", "end": 786, "root": "ole", "_index_": 141, "partofspeech": "V", "start": 784, "lemma": "olema"}, {"root_tokens": ["ole"], "form": "vad", "clitic": "", "ending": "0", "end": 786, "root": "ole", "_index_": 141, "partofspeech": "V", "start": 784, "lemma": "olema"}], [{"root_tokens": ["2"], "form": "?", "clitic": "", "ending": "0", "end": 788, "root": "2", "_index_": 142, "partofspeech": "N", "start": 787, "lemma": "2"}], [{"root_tokens": ["pedaal"], "form": "sg p", "clitic": "", "ending": "0", "end": 796, "root": "pedaal", "_index_": 143, "partofspeech": "S", "start": 789, "lemma": "pedaal"}], [{"root_tokens": ["ning"], "form": "", "clitic": "", "ending": "0", "end": 801, "root": "ning", "_index_": 144, "partofspeech": "J", "start": 797, "lemma": "ning"}], [{"root_tokens": ["ainult"], "form": "", "clitic": "", "ending": "0", "end": 808, "root": "ainult", "_index_": 145, "partofspeech": "D", "start": 802, "lemma": "ainult"}], [{"root_tokens": ["edasi"], "form": "", "clitic": "", "ending": "0", "end": 814, "root": "edasi", "_index_": 146, "partofspeech": "D", "start": 809, "lemma": "edasi"}], [{"root_tokens": ["-"], "form": "", "clitic": "", "ending": "", "end": 816, "root": "-", "_index_": 147, "partofspeech": "Z", "start": 815, "lemma": "-"}], [{"root_tokens": ["tagasi"], "form": "", "clitic": "", "ending": "0", "end": 822, "root": "tagasi", "_index_": 148, "partofspeech": "D", "start": 816, "lemma": "tagasi"}], [{"root_tokens": ["käigu", "kang"], "form": "sg n", "clitic": "", "ending": "0", "end": 832, "root": "käigu_kang", "_index_": 149, "partofspeech": "S", "start": 823, "lemma": "käigukang"}], [{"root_tokens": ["."], "form": "", "clitic": "", "ending": "", "end": 834, "root": ".", "_index_": 150, "partofspeech": "Z", "start": 833, "lemma": "."}], [{"root_tokens": ["ise"], "form": "sg ad", "clitic": "", "ending": "l", "end": 840, "root": "ise", "_index_": 151, "partofspeech": "P", "start": 835, "lemma": "ise"}], [{"root_tokens": ["ole"], "form": "b", "clitic": "", "ending": "0", "end": 843, "root": "ole", "_index_": 152, "partofspeech": "V", "start": 841, "lemma": "olema"}, {"root_tokens": ["ole"], "form": "vad", "clitic": "", "ending": "0", "end": 843, "root": "ole", "_index_": 152, "partofspeech": "V", "start": 841, "lemma": "olema"}], [{"root_tokens": ["selline"], "form": "sg n", "clitic": "", "ending": "0", "end": 851, "root": "selline", "_index_": 153, "partofspeech": "P", "start": 844, "lemma": "selline"}], [{"root_tokens": [","], "form": "", "clitic": "", "ending": "", "end": 853, "root": ",", "_index_": 154, "partofspeech": "Z", "start": 852, "lemma": ","}], [{"root_tokens": ["väga"], "form": "", "clitic": "", "ending": "0", "end": 858, "root": "väga", "_index_": 155, "partofspeech": "D", "start": 854, "lemma": "väga"}], [{"root_tokens": ["hea"], "form": "sg n", "clitic": "", "ending": "0", "end": 862, "root": "hea", "_index_": 156, "partofspeech": "A", "start": 859, "lemma": "hea"}], [{"root_tokens": ["see"], "form": "sg n", "clitic": "", "ending": "0", "end": 867, "root": "see", "_index_": 157, "partofspeech": "P", "start": 864, "lemma": "see"}], [{"root_tokens": ["teine"], "form": "sg n", "clitic": "", "ending": "0", "end": 873, "root": "teine", "_index_": 158, "partofspeech": "O", "start": 868, "lemma": "teine"}, {"root_tokens": ["teine"], "form": "sg n", "clitic": "", "ending": "0", "end": 873, "root": "teine", "_index_": 158, "partofspeech": "P", "start": 868, "lemma": "teine"}], [{"root_tokens": ["link"], "form": "sg n", "clitic": "", "ending": "0", "end": 878, "root": "link", "_index_": 159, "partofspeech": "S", "start": 874, "lemma": "link"}], [{"root_tokens": ["sina"], "form": "sg ad", "clitic": "", "ending": "l", "end": 882, "root": "sina", "_index_": 160, "partofspeech": "P", "start": 879, "lemma": "sina"}], [{"root_tokens": ["ole"], "form": "b", "clitic": "", "ending": "0", "end": 885, "root": "ole", "_index_": 161, "partofspeech": "V", "start": 883, "lemma": "olema"}, {"root_tokens": ["ole"], "form": "vad", "clitic": "", "ending": "0", "end": 885, "root": "ole", "_index_": 161, "partofspeech": "V", "start": 883, "lemma": "olema"}], [{"root_tokens": ["arvuti", "maa", "ilm"], "form": "sg el", "clitic": "", "ending": "st", "end": 901, "root": "arvuti_maa_ilm", "_index_": 162, "partofspeech": "S", "start": 886, "lemma": "arvutimaailm"}], [{"root_tokens": ["ju"], "form": "", "clitic": "", "ending": "0", "end": 904, "root": "ju", "_index_": 163, "partofspeech": "D", "start": 902, "lemma": "ju"}], [{"root_tokens": ["."], "form": "", "clitic": "", "ending": "", "end": 906, "root": ".", "_index_": 164, "partofspeech": "Z", "start": 905, "lemma": "."}], [{"root_tokens": ["äkki"], "form": "", "clitic": "", "ending": "0", "end": 911, "root": "äkki", "_index_": 165, "partofspeech": "D", "start": 907, "lemma": "äkki"}], [{"root_tokens": ["seal"], "form": "", "clitic": "", "ending": "0", "end": 916, "root": "seal", "_index_": 166, "partofspeech": "D", "start": 912, "lemma": "seal"}], [{"root_tokens": ["arhiiv"], "form": "pl in", "clitic": "", "ending": "des", "end": 927, "root": "arhiiv", "_index_": 167, "partofspeech": "S", "start": 917, "lemma": "arhiiv"}], [{"root_tokens": ["surfa"], "form": "des", "clitic": "", "ending": "tes", "end": 936, "root": "surfa", "_index_": 168, "partofspeech": "V", "start": 928, "lemma": "surfama"}], [{"root_tokens": ["leid"], "form": "d", "clitic": "", "ending": "d", "end": 942, "root": "leid", "_index_": 169, "partofspeech": "V", "start": 937, "lemma": "leidma"}], [{"root_tokens": ["ka"], "form": "", "clitic": "", "ending": "0", "end": 945, "root": "ka", "_index_": 170, "partofspeech": "D", "start": 943, "lemma": "ka"}], [{"root_tokens": ["mingi"], "form": "pl n", "clitic": "", "ending": "d", "end": 952, "root": "mingi", "_index_": 171, "partofspeech": "P", "start": 946, "lemma": "mingi"}], [{"root_tokens": ["skeem"], "form": "pl n", "clitic": "", "ending": "d", "end": 960, "root": "skeem", "_index_": 172, "partofspeech": "S", "start": 953, "lemma": "skeem"}], [{"root_tokens": ["see"], "form": "pl g", "clitic": "", "ending": "de", "end": 966, "root": "see", "_index_": 173, "partofspeech": "P", "start": 961, "lemma": "see"}], [{"root_tokens": ["katkine"], "form": "pl g", "clitic": "", "ending": "te", "end": 975, "root": "katkine", "_index_": 174, "partofspeech": "A", "start": 967, "lemma": "katkine"}], [{"root_tokens": ["pilt"], "form": "pl g", "clitic": "", "ending": "de", "end": 983, "root": "pilt", "_index_": 175, "partofspeech": "S", "start": 976, "lemma": "pilt"}], [{"root_tokens": ["asemele"], "form": "", "clitic": "", "ending": "0", "end": 991, "root": "asemele", "_index_": 176, "partofspeech": "K", "start": 984, "lemma": "asemele"}], [{"root_tokens": ["!"], "form": "", "clitic": "", "ending": "", "end": 994, "root": "!", "_index_": 177, "partofspeech": "Z", "start": 992, "lemma": "!"}]]}, {"enveloping": null, "attributes": ["lemma", "root", "root_tokens", "ending", "clitic", "form", "partofspeech"], "name": "gt_morph_analysis", "parent": "morph_analysis", "_base": "words", "ambiguous": true, "spans": [[{"root_tokens": ["rool"], "form": "Sg Nom", "clitic": "", "ending": "0", "end": 4, "root": "rool", "_index_": 0, "partofspeech": "S", "start": 0, "lemma": "rool"}], [{"root_tokens": ["ja"], "form": "", "clitic": "", "ending": "0", "end": 7, "root": "ja", "_index_": 1, "partofspeech": "J", "start": 5, "lemma": "ja"}], [{"root_tokens": ["see"], "form": "Sg Gen", "clitic": "", "ending": "0", "end": 13, "root": "see", "_index_": 2, "partofspeech": "P", "start": 8, "lemma": "see"}], [{"root_tokens": ["ehitamine"], "form": "Sg Nom", "clitic": "", "ending": "0", "end": 23, "root": "ehitamine", "_index_": 3, "partofspeech": "S", "start": 14, "lemma": "ehitamine"}], [{"root_tokens": ["kas"], "form": "", "clitic": "", "ending": "0", "end": 28, "root": "kas", "_index_": 4, "partofspeech": "D", "start": 25, "lemma": "kas"}], [{"root_tokens": ["keegi"], "form": "Sg Nom", "clitic": "", "ending": "0", "end": 34, "root": "keegi", "_index_": 5, "partofspeech": "P", "start": 29, "lemma": "keegi"}], [{"root_tokens": ["tead"], "form": "Pers Prs Cond", "clitic": "", "ending": "ks", "end": 40, "root": "tead", "_index_": 6, "partofspeech": "V", "start": 35, "lemma": "teadma"}], [{"root_tokens": ["ütle"], "form": "Inf", "clitic": "", "ending": "da", "end": 46, "root": "ütle", "_index_": 7, "partofspeech": "V", "start": 41, "lemma": "ütlema"}], [{"root_tokens": [","], "form": "", "clitic": "", "ending": "", "end": 48, "root": ",", "_index_": 8, "partofspeech": "Z", "start": 47, "lemma": ","}], [{"root_tokens": ["kus"], "form": "", "clitic": "", "ending": "0", "end": 52, "root": "kus", "_index_": 9, "partofspeech": "D", "start": 49, "lemma": "kus"}], [{"root_tokens": ["ole"], "form": "Pers Prs Cond", "clitic": "", "ending": "ks", "end": 58, "root": "ole", "_index_": 10, "partofspeech": "V", "start": 53, "lemma": "olema"}], [{"root_tokens": ["link"], "form": "Sg Par", "clitic": "", "ending": "0", "end": 64, "root": "link", "_index_": 11, "partofspeech": "S", "start": 59, "lemma": "link"}], [{"root_tokens": ["rool"], "form": "Sg Par", "clitic": "", "ending": "0", "end": 70, "root": "rool", "_index_": 12, "partofspeech": "S", "start": 65, "lemma": "rool"}], [{"root_tokens": ["ehitamine"], "form": "Sg Gen", "clitic": "", "ending": "0", "end": 80, "root": "ehitamine", "_index_": 13, "partofspeech": "S", "start": 71, "lemma": "ehitamine"}], [{"root_tokens": ["kohta"], "form": "", "clitic": "", "ending": "0", "end": 86, "root": "kohta", "_index_": 14, "partofspeech": "K", "start": 81, "lemma": "kohta"}], [{"root_tokens": ["või"], "form": "", "clitic": "", "ending": "0", "end": 90, "root": "või", "_index_": 15, "partofspeech": "J", "start": 87, "lemma": "või"}], [{"root_tokens": ["siis"], "form": "", "clitic": "", "ending": "0", "end": 95, "root": "siis", "_index_": 16, "partofspeech": "D", "start": 91, "lemma": "siis"}], [{"root_tokens": ["sidur"], "form": "Sg Gen", "clitic": "", "ending": "0", "end": 102, "root": "sidur", "_index_": 17, "partofspeech": "S", "start": 96, "lemma": "sidur"}], [{"root_tokens": ["ja"], "form": "", "clitic": "", "ending": "0", "end": 105, "root": "ja", "_index_": 18, "partofspeech": "J", "start": 103, "lemma": "ja"}], [{"root_tokens": ["käigu", "kast"], "form": "Sg Gen", "clitic": "", "ending": "0", "end": 116, "root": "käigu_kast", "_index_": 19, "partofspeech": "S", "start": 106, "lemma": "käigukast"}], [{"root_tokens": ["ning"], "form": "", "clitic": "", "ending": "0", "end": 121, "root": "ning", "_index_": 20, "partofspeech": "J", "start": 117, "lemma": "ning"}], [{"root_tokens": ["käsi", "pidur"], "form": "Sg Gen", "clitic": "", "ending": "0", "end": 132, "root": "käsi_pidur", "_index_": 21, "partofspeech": "S", "start": 122, "lemma": "käsipidur"}], [{"root_tokens": ["tegemi"], "form": "Sg Ine", "clitic": "", "ending": "s", "end": 140, "root": "tegemi", "_index_": 22, "partofspeech": "S", "start": 133, "lemma": "tegemi"}, {"root_tokens": ["tegem"], "form": "Sg Ine", "clitic": "", "ending": "s", "end": 140, "root": "tegem", "_index_": 22, "partofspeech": "S", "start": 133, "lemma": "tegem"}], [{"root_tokens": ["õpetus"], "form": "Sg Par", "clitic": "", "ending": "t", "end": 148, "root": "õpetus", "_index_": 23, "partofspeech": "S", "start": 141, "lemma": "õpetus"}], [{"root_tokens": ["?"], "form": "", "clitic": "", "ending": "", "end": 150, "root": "?", "_index_": 24, "partofspeech": "Z", "start": 149, "lemma": "?"}], [{"root_tokens": ["suht"], "form": "Sg Nom", "clitic": "", "ending": "0", "end": 156, "root": "suht", "_index_": 25, "partofspeech": "S", "start": 152, "lemma": "suht"}], [{"root_tokens": ["tehnik"], "form": "Pl Nom", "clitic": "", "ending": "d", "end": 165, "root": "tehnik", "_index_": 26, "partofspeech": "S", "start": 157, "lemma": "tehnik"}], [{"root_tokens": ["vend"], "form": "Pl Nom", "clitic": "", "ending": "d", "end": 172, "root": "vend", "_index_": 27, "partofspeech": "S", "start": 166, "lemma": "vend"}], [{"root_tokens": ["seal"], "form": "", "clitic": "", "ending": "0", "end": 177, "root": "seal", "_index_": 28, "partofspeech": "D", "start": 173, "lemma": "seal"}], [{"root_tokens": [","], "form": "", "clitic": "", "ending": "", "end": 179, "root": ",", "_index_": 29, "partofspeech": "Z", "start": 178, "lemma": ","}], [{"root_tokens": ["aga"], "form": "", "clitic": "", "ending": "0", "end": 183, "root": "aga", "_index_": 30, "partofspeech": "J", "start": 180, "lemma": "aga"}], [{"root_tokens": ["ei"], "form": "Neg", "clitic": "", "ending": "0", "end": 186, "root": "ei", "_index_": 31, "partofspeech": "V", "start": 184, "lemma": "ei"}], [{"root_tokens": ["mõist"], "form": "Pers Prs Ind Neg", "clitic": "", "ending": "0", "end": 193, "root": "mõist", "_index_": 32, "partofspeech": "V", "start": 187, "lemma": "mõistma"}], [{"root_tokens": ["rootsi"], "form": "", "clitic": "", "ending": "0", "end": 200, "root": "rootsi", "_index_": 33, "partofspeech": "G", "start": 194, "lemma": "rootsi"}], [{"root_tokens": ["keel"], "form": "Sg Par", "clitic": "", "ending": "t", "end": 206, "root": "keel", "_index_": 34, "partofspeech": "S", "start": 201, "lemma": "keel"}], [{"root_tokens": ["ega"], "form": "", "clitic": "", "ending": "0", "end": 210, "root": "ega", "_index_": 35, "partofspeech": "J", "start": 207, "lemma": "ega"}], [{"root_tokens": ["saa"], "form": "Pers Prs Ind Neg", "clitic": "", "ending": "0", "end": 214, "root": "saa", "_index_": 36, "partofspeech": "V", "start": 211, "lemma": "saama"}], [{"root_tokens": ["miski"], "form": "Sg Par", "clitic": "", "ending": "dagi", "end": 221, "root": "miski", "_index_": 37, "partofspeech": "P", "start": 215, "lemma": "miski"}], [{"root_tokens": ["aru"], "form": "Sg Par", "clitic": "", "ending": "0", "end": 225, "root": "aru", "_index_": 38, "partofspeech": "S", "start": 222, "lemma": "aru"}], [{"root_tokens": ["."], "form": "", "clitic": "", "ending": "", "end": 227, "root": ".", "_index_": 39, "partofspeech": "Z", "start": 226, "lemma": "."}], [{"root_tokens": ["-"], "form": "", "clitic": "", "ending": "", "end": 230, "root": "-", "_index_": 40, "partofspeech": "Z", "start": 229, "lemma": "-"}], [{"root_tokens": ["see"], "form": "Sg Nom", "clitic": "", "ending": "0", "end": 234, "root": "see", "_index_": 41, "partofspeech": "P", "start": 231, "lemma": "see"}], [{"root_tokens": ["ole"], "form": "Pers Prs Ind Sg 3 Aff", "clitic": "", "ending": "0", "end": 237, "root": "ole", "_index_": 42, "partofspeech": "V", "start": 235, "lemma": "olema"}, {"root_tokens": ["ole"], "form": "Pers Prs Ind Pl 3 Aff", "clitic": "", "ending": "0", "end": 237, "root": "ole", "_index_": 42, "partofspeech": "V", "start": 235, "lemma": "olema"}], [{"root_tokens": ["ka"], "form": "", "clitic": "", "ending": "0", "end": 240, "root": "ka", "_index_": 43, "partofspeech": "D", "start": 238, "lemma": "ka"}], [{"root_tokens": ["mingi", "sugune"], "form": "Sg Nom", "clitic": "", "ending": "0", "end": 252, "root": "mingi_sugune", "_index_": 44, "partofspeech": "P", "start": 241, "lemma": "mingisugune"}], [{"root_tokens": ["leht"], "form": "Sg Nom", "clitic": "", "ending": "0", "end": 257, "root": "leht", "_index_": 45, "partofspeech": "S", "start": 253, "lemma": "leht"}], [{"root_tokens": ["aga"], "form": "", "clitic": "", "ending": "0", "end": 261, "root": "aga", "_index_": 46, "partofspeech": "J", "start": 258, "lemma": "aga"}], [{"root_tokens": ["seal"], "form": "", "clitic": "", "ending": "0", "end": 266, "root": "seal", "_index_": 47, "partofspeech": "D", "start": 262, "lemma": "seal"}], [{"root_tokens": ["ole"], "form": "Pers Prs Ind Neg", "clitic": "", "ending": "0", "end": 271, "root": "ole", "_index_": 48, "partofspeech": "V", "start": 267, "lemma": "olema"}], [{"root_tokens": ["skeem"], "form": "Pl Par", "clitic": "", "ending": "e", "end": 278, "root": "skeem", "_index_": 49, "partofspeech": "S", "start": 272, "lemma": "skeem"}], [{"root_tokens": ["arvatavasti"], "form": "", "clitic": "", "ending": "0", "end": 291, "root": "arvatavasti", "_index_": 50, "partofspeech": "D", "start": 280, "lemma": "arvatavasti"}], [{"root_tokens": ["ole"], "form": "Pers Prs Cond", "clitic": "", "ending": "ks", "end": 297, "root": "ole", "_index_": 51, "partofspeech": "V", "start": 292, "lemma": "olema"}], [{"root_tokens": ["parem"], "form": "", "clitic": "", "ending": "0", "end": 303, "root": "parem", "_index_": 52, "partofspeech": "D", "start": 298, "lemma": "parem"}], [{"root_tokens": ["valmis"], "form": "", "clitic": "", "ending": "0", "end": 310, "root": "valmis", "_index_": 53, "partofspeech": "A", "start": 304, "lemma": "valmis"}], [{"root_tokens": ["meisterdatud"], "form": "", "clitic": "", "ending": "0", "end": 323, "root": "meisterda=tud", "_index_": 54, "partofspeech": "A", "start": 311, "lemma": "meisterdatud"}, {"root_tokens": ["meisterdatud"], "form": "Sg Nom", "clitic": "", "ending": "0", "end": 323, "root": "meisterda=tud", "_index_": 54, "partofspeech": "A", "start": 311, "lemma": "meisterdatud"}, {"root_tokens": ["meisterdatud"], "form": "Pl Nom", "clitic": "", "ending": "d", "end": 323, "root": "meisterda=tud", "_index_": 54, "partofspeech": "A", "start": 311, "lemma": "meisterdatud"}, {"root_tokens": ["meisterda"], "form": "Impers Prt Prc", "clitic": "", "ending": "tud", "end": 323, "root": "meisterda", "_index_": 54, "partofspeech": "V", "start": 311, "lemma": "meisterdama"}], [{"root_tokens": ["komplekt"], "form": "Sg Nom", "clitic": "", "ending": "0", "end": 332, "root": "komplekt", "_index_": 55, "partofspeech": "S", "start": 324, "lemma": "komplekt"}], [{"root_tokens": ["ost"], "form": "Inf", "clitic": "", "ending": "a", "end": 337, "root": "ost", "_index_": 56, "partofspeech": "V", "start": 333, "lemma": "ostma"}], [{"root_tokens": [","], "form": "", "clitic": "", "ending": "", "end": 339, "root": ",", "_index_": 57, "partofspeech": "Z", "start": 338, "lemma": ","}], [{"root_tokens": ["kuna"], "form": "", "clitic": "", "ending": "0", "end": 344, "root": "kuna", "_index_": 58, "partofspeech": "J", "start": 340, "lemma": "kuna"}], [{"root_tokens": ["ise", "tegemine"], "form": "Sg Gen", "clitic": "", "ending": "0", "end": 356, "root": "ise_tegemine", "_index_": 59, "partofspeech": "S", "start": 345, "lemma": "isetegemine"}], [{"root_tokens": ["käik"], "form": "Sg Ade", "clitic": "", "ending": "l", "end": 363, "root": "käik", "_index_": 60, "partofspeech": "S", "start": 357, "lemma": "käik"}], [{"root_tokens": ["või"], "form": "Pers Prs Ind Sg 3 Aff", "clitic": "", "ending": "b", "end": 368, "root": "või", "_index_": 61, "partofspeech": "V", "start": 364, "lemma": "võima"}], [{"root_tokens": ["nii"], "form": "", "clitic": "", "ending": "0", "end": 372, "root": "nii", "_index_": 62, "partofspeech": "D", "start": 369, "lemma": "nii"}], [{"root_tokens": ["rool"], "form": "Sg Par", "clitic": "", "ending": "0", "end": 378, "root": "rool", "_index_": 63, "partofspeech": "S", "start": 373, "lemma": "rool"}], [{"root_tokens": ["ära"], "form": "", "clitic": "", "ending": "0", "end": 382, "root": "ära", "_index_": 64, "partofspeech": "D", "start": 379, "lemma": "ära"}], [{"root_tokens": ["rikku"], "form": "Inf", "clitic": "", "ending": "da", "end": 390, "root": "rikku", "_index_": 65, "partofspeech": "V", "start": 383, "lemma": "rikkuma"}], [{"root_tokens": [","], "form": "", "clitic": "", "ending": "", "end": 392, "root": ",", "_index_": 66, "partofspeech": "Z", "start": 391, "lemma": ","}], [{"root_tokens": ["kui"], "form": "", "clitic": "", "ending": "0", "end": 396, "root": "kui", "_index_": 67, "partofspeech": "D", "start": 393, "lemma": "kui"}, {"root_tokens": ["kui"], "form": "", "clitic": "", "ending": "0", "end": 396, "root": "kui", "_index_": 67, "partofspeech": "J", "start": 393, "lemma": "kui"}], [{"root_tokens": ["ei"], "form": "Neg", "clitic": "", "ending": "0", "end": 399, "root": "ei", "_index_": 68, "partofspeech": "V", "start": 397, "lemma": "ei"}], [{"root_tokens": ["tead"], "form": "Pers Prs Ind Neg", "clitic": "", "ending": "0", "end": 403, "root": "tead", "_index_": 69, "partofspeech": "V", "start": 400, "lemma": "teadma"}], [{"root_tokens": [","], "form": "", "clitic": "", "ending": "", "end": 405, "root": ",", "_index_": 70, "partofspeech": "Z", "start": 404, "lemma": ","}], [{"root_tokens": ["mis"], "form": "Pl Par", "clitic": "", "ending": "da", "end": 410, "root": "mis", "_index_": 71, "partofspeech": "P", "start": 406, "lemma": "mis"}, {"root_tokens": ["mis"], "form": "Sg Par", "clitic": "", "ending": "da", "end": 410, "root": "mis", "_index_": 71, "partofspeech": "P", "start": 406, "lemma": "mis"}], [{"root_tokens": ["tee"], "form": "Sg Par", "clitic": "", "ending": "d", "end": 415, "root": "tee", "_index_": 72, "partofspeech": "S", "start": 411, "lemma": "tee"}], [{"root_tokens": ["."], "form": "", "clitic": "", "ending": "", "end": 417, "root": ".", "_index_": 73, "partofspeech": "Z", "start": 416, "lemma": "."}], [{"root_tokens": ["aga"], "form": "", "clitic": "", "ending": "0", "end": 421, "root": "aga", "_index_": 74, "partofspeech": "J", "start": 418, "lemma": "aga"}], [{"root_tokens": ["loomulikult"], "form": "", "clitic": "", "ending": "0", "end": 433, "root": "loomulikult", "_index_": 75, "partofspeech": "D", "start": 422, "lemma": "loomulikult"}], [{"root_tokens": [","], "form": "", "clitic": "", "ending": "", "end": 435, "root": ",", "_index_": 76, "partofspeech": "Z", "start": 434, "lemma": ","}], [{"root_tokens": ["kui"], "form": "", "clitic": "", "ending": "0", "end": 439, "root": "kui", "_index_": 77, "partofspeech": "D", "start": 436, "lemma": "kui"}, {"root_tokens": ["kui"], "form": "", "clitic": "", "ending": "0", "end": 439, "root": "kui", "_index_": 77, "partofspeech": "J", "start": 436, "lemma": "kui"}], [{"root_tokens": ["taht"], "form": "Pers Prs Ind Sg 2 Aff", "clitic": "", "ending": "d", "end": 445, "root": "taht", "_index_": 78, "partofspeech": "V", "start": 440, "lemma": "tahtma"}], [{"root_tokens": ["ise"], "form": "Pl Nom", "clitic": "", "ending": "0", "end": 449, "root": "ise", "_index_": 79, "partofspeech": "P", "start": 446, "lemma": "ise"}, {"root_tokens": ["ise"], "form": "Sg Nom", "clitic": "", "ending": "0", "end": 449, "root": "ise", "_index_": 79, "partofspeech": "P", "start": 446, "lemma": "ise"}], [{"root_tokens": ["tege"], "form": "Inf", "clitic": "", "ending": "a", "end": 454, "root": "tege", "_index_": 80, "partofspeech": "V", "start": 450, "lemma": "tegema"}], [{"root_tokens": [","], "form": "", "clitic": "", "ending": "", "end": 456, "root": ",", "_index_": 81, "partofspeech": "Z", "start": 455, "lemma": ","}], [{"root_tokens": ["siis"], "form": "", "clitic": "", "ending": "0", "end": 461, "root": "siis", "_index_": 82, "partofspeech": "J", "start": 457, "lemma": "siis"}], [{"root_tokens": ["või"], "form": "Pers Prs Ind Sg 2 Aff", "clitic": "", "ending": "d", "end": 466, "root": "või", "_index_": 83, "partofspeech": "V", "start": 462, "lemma": "võima"}], [{"root_tokens": ["ju"], "form": "", "clitic": "", "ending": "0", "end": 469, "root": "ju", "_index_": 84, "partofspeech": "D", "start": 467, "lemma": "ju"}], [{"root_tokens": ["ise"], "form": "Pl Nom", "clitic": "", "ending": "0", "end": 473, "root": "ise", "_index_": 85, "partofspeech": "P", "start": 470, "lemma": "ise"}, {"root_tokens": ["ise"], "form": "Sg Nom", "clitic": "", "ending": "0", "end": 473, "root": "ise", "_index_": 85, "partofspeech": "P", "start": 470, "lemma": "ise"}], [{"root_tokens": ["ka"], "form": "", "clitic": "", "ending": "0", "end": 476, "root": "ka", "_index_": 86, "partofspeech": "D", "start": 474, "lemma": "ka"}], [{"root_tokens": ["proovi"], "form": "Inf", "clitic": "", "ending": "da", "end": 485, "root": "proovi", "_index_": 87, "partofspeech": "V", "start": 477, "lemma": "proovima"}], [{"root_tokens": ["."], "form": "", "clitic": "", "ending": "", "end": 487, "root": ".", "_index_": 88, "partofspeech": "Z", "start": 486, "lemma": "."}], [{"root_tokens": ["Kammi"], "form": "Sg Nom", "clitic": "", "ending": "0", "end": 494, "root": "Kammi", "_index_": 89, "partofspeech": "H", "start": 489, "lemma": "Kammi"}], [{"root_tokens": ["LFS"], "form": "?", "clitic": "", "ending": "0", "end": 498, "root": "LFS", "_index_": 90, "partofspeech": "Y", "start": 495, "lemma": "LFS"}], [{"root_tokens": [","], "form": "", "clitic": "", "ending": "", "end": 500, "root": ",", "_index_": 91, "partofspeech": "Z", "start": 499, "lemma": ","}], [{"root_tokens": ["RBR"], "form": "Sg Gen", "clitic": "", "ending": "i", "end": 505, "root": "RBR", "_index_": 92, "partofspeech": "Y", "start": 501, "lemma": "RBR"}], [{"root_tokens": ["foorume"], "form": "Sg Gen", "clitic": "", "ending": "0", "end": 513, "root": "foorume", "_index_": 93, "partofspeech": "S", "start": 506, "lemma": "foorume"}], [{"root_tokens": ["läbi"], "form": "", "clitic": "", "ending": "0", "end": 518, "root": "läbi", "_index_": 94, "partofspeech": "D", "start": 514, "lemma": "läbi"}], [{"root_tokens": [","], "form": "", "clitic": "", "ending": "", "end": 520, "root": ",", "_index_": 95, "partofspeech": "Z", "start": 519, "lemma": ","}], [{"root_tokens": ["pida"], "form": "Pers Prs Cond", "clitic": "", "ending": "ks", "end": 526, "root": "pida", "_index_": 96, "partofspeech": "V", "start": 521, "lemma": "pidama"}], [{"root_tokens": ["kindlasti"], "form": "", "clitic": "", "ending": "0", "end": 536, "root": "kindlasti", "_index_": 97, "partofspeech": "D", "start": 527, "lemma": "kindlasti"}], [{"root_tokens": ["miski"], "form": "Sg Par", "clitic": "", "ending": "dagi", "end": 543, "root": "miski", "_index_": 98, "partofspeech": "P", "start": 537, "lemma": "miski"}], [{"root_tokens": ["leid"], "form": "Pers Sup Ill", "clitic": "", "ending": "ma", "end": 550, "root": "leid", "_index_": 99, "partofspeech": "V", "start": 544, "lemma": "leidma"}], [{"root_tokens": ["."], "form": "", "clitic": "", "ending": "", "end": 552, "root": ".", "_index_": 100, "partofspeech": "Z", "start": 551, "lemma": "."}], [{"root_tokens": ["kus"], "form": "", "clitic": "", "ending": "0", "end": 557, "root": "kus", "_index_": 101, "partofspeech": "D", "start": 554, "lemma": "kus"}], [{"root_tokens": ["tallinas"], "form": "Sg Nom", "clitic": "", "ending": "0", "end": 566, "root": "tallinas", "_index_": 102, "partofspeech": "S", "start": 558, "lemma": "tallinas"}], [{"root_tokens": ["käigu", "kang"], "form": "Pl Par", "clitic": "", "ending": "e", "end": 577, "root": "käigu_kang", "_index_": 103, "partofspeech": "S", "start": 567, "lemma": "käigukang"}], [{"root_tokens": ["eraldi"], "form": "", "clitic": "", "ending": "0", "end": 584, "root": "eraldi", "_index_": 104, "partofspeech": "D", "start": 578, "lemma": "eraldi"}], [{"root_tokens": ["müü"], "form": "Impers Prs Ind Aff", "clitic": "", "ending": "akse", "end": 592, "root": "müü", "_index_": 105, "partofspeech": "V", "start": 585, "lemma": "müüma"}], [{"root_tokens": ["taht"], "form": "Pers Prs Cond", "clitic": "", "ending": "ks", "end": 599, "root": "taht", "_index_": 106, "partofspeech": "V", "start": 593, "lemma": "tahtma"}], [{"root_tokens": ["ka"], "form": "", "clitic": "", "ending": "0", "end": 602, "root": "ka", "_index_": 107, "partofspeech": "D", "start": 600, "lemma": "ka"}], [{"root_tokens": ["kolm"], "form": "Sg Gen", "clitic": "", "ending": "0", "end": 608, "root": "kolm", "_index_": 108, "partofspeech": "N", "start": 603, "lemma": "kolm"}], [{"root_tokens": ["pedaal"], "form": "Sg Com", "clitic": "", "ending": "ga", "end": 618, "root": "pedaal", "_index_": 109, "partofspeech": "S", "start": 609, "lemma": "pedaal"}], [{"root_tokens": ["ja"], "form": "", "clitic": "", "ending": "0", "end": 621, "root": "ja", "_index_": 110, "partofspeech": "J", "start": 619, "lemma": "ja"}], [{"root_tokens": ["rool"], "form": "Sg Par", "clitic": "", "ending": "0", "end": 627, "root": "rool", "_index_": 111, "partofspeech": "S", "start": 622, "lemma": "rool"}], [{"root_tokens": ["mis"], "form": "Pl Nom", "clitic": "", "ending": "0", "end": 631, "root": "mis", "_index_": 112, "partofspeech": "P", "start": 628, "lemma": "mis"}, {"root_tokens": ["mis"], "form": "Sg Nom", "clitic": "", "ending": "0", "end": 631, "root": "mis", "_index_": 112, "partofspeech": "P", "start": 628, "lemma": "mis"}], [{"root_tokens": ["pööra"], "form": "Pers Prs Ind Sg 3 Aff", "clitic": "", "ending": "b", "end": 638, "root": "pööra", "_index_": 113, "partofspeech": "V", "start": 632, "lemma": "pöörama"}], [{"root_tokens": ["900"], "form": "?", "clitic": "", "ending": "0", "end": 642, "root": "900", "_index_": 114, "partofspeech": "N", "start": 639, "lemma": "900"}], [{"root_tokens": ["kraad"], "form": "Sg Par", "clitic": "", "ending": "0", "end": 649, "root": "kraad", "_index_": 115, "partofspeech": "S", "start": 643, "lemma": "kraad"}], [{"root_tokens": ["aga"], "form": "", "clitic": "", "ending": "0", "end": 653, "root": "aga", "_index_": 116, "partofspeech": "J", "start": 650, "lemma": "aga"}], [{"root_tokens": ["see"], "form": "Sg Nom", "clitic": "", "ending": "0", "end": 657, "root": "see", "_index_": 117, "partofspeech": "P", "start": 654, "lemma": "see"}], [{"root_tokens": ["vist"], "form": "", "clitic": "", "ending": "0", "end": 662, "root": "vist", "_index_": 118, "partofspeech": "D", "start": 658, "lemma": "vist"}], [{"root_tokens": ["maks"], "form": "Pers Prs Ind Sg 3 Aff", "clitic": "", "ending": "b", "end": 669, "root": "maks", "_index_": 119, "partofspeech": "V", "start": 663, "lemma": "maksma"}], [{"root_tokens": ["veid"], "form": "Pl Nom", "clitic": "", "ending": "d", "end": 676, "root": "veid", "_index_": 120, "partofspeech": "S", "start": 670, "lemma": "veid"}, {"root_tokens": ["veidid"], "form": "Sg Nom", "clitic": "", "ending": "0", "end": 676, "root": "veidid", "_index_": 120, "partofspeech": "S", "start": 670, "lemma": "veidid"}, {"root_tokens": ["veidi"], "form": "Pl Nom", "clitic": "", "ending": "d", "end": 676, "root": "veidi", "_index_": 120, "partofspeech": "S", "start": 670, "lemma": "veidi"}, {"root_tokens": ["veit"], "form": "Pl Nom", "clitic": "", "ending": "d", "end": 676, "root": "veit", "_index_": 120, "partofspeech": "S", "start": 670, "lemma": "veit"}], [{"root_tokens": ["rohkem"], "form": "", "clitic": "", "ending": "0", "end": 683, "root": "rohkem", "_index_": 121, "partofspeech": "D", "start": 677, "lemma": "rohkem"}], [{"root_tokens": ["and"], "form": "Pers Prs Imprt Pl 2", "clitic": "", "ending": "ke", "end": 689, "root": "and", "_index_": 122, "partofspeech": "V", "start": 684, "lemma": "andma"}], [{"root_tokens": ["tead"], "form": "Inf", "clitic": "", "ending": "a", "end": 695, "root": "tead", "_index_": 123, "partofspeech": "V", "start": 690, "lemma": "teadma"}], [{"root_tokens": ["kui"], "form": "", "clitic": "", "ending": "0", "end": 699, "root": "kui", "_index_": 124, "partofspeech": "D", "start": 696, "lemma": "kui"}, {"root_tokens": ["kui"], "form": "", "clitic": "", "ending": "0", "end": 699, "root": "kui", "_index_": 124, "partofspeech": "J", "start": 696, "lemma": "kui"}], [{"root_tokens": ["infi"], "form": "Sg Par", "clitic": "", "ending": "t", "end": 705, "root": "infi", "_index_": 125, "partofspeech": "S", "start": 700, "lemma": "infi"}], [{"root_tokens": ["saa"], "form": "Pers Prs Ind Pl 2 Aff", "clitic": "", "ending": "te", "end": 711, "root": "saa", "_index_": 126, "partofspeech": "V", "start": 706, "lemma": "saama"}], [{"root_tokens": ["Driving"], "form": "Sg Nom", "clitic": "", "ending": "0", "end": 720, "root": "Driving", "_index_": 127, "partofspeech": "H", "start": 713, "lemma": "Driving"}], [{"root_tokens": ["Force"], "form": "Sg Nom", "clitic": "", "ending": "0", "end": 726, "root": "Force", "_index_": 128, "partofspeech": "H", "start": 721, "lemma": "Force"}], [{"root_tokens": ["Pro"], "form": "Sg Nom", "clitic": "", "ending": "0", "end": 730, "root": "Pro", "_index_": 129, "partofspeech": "H", "start": 727, "lemma": "Pro"}], [{"root_tokens": ["Force"], "form": "Sg Nom", "clitic": "", "ending": "0", "end": 736, "root": "Force", "_index_": 130, "partofspeech": "H", "start": 731, "lemma": "Force"}], [{"root_tokens": ["Feedback"], "form": "Sg Nom", "clitic": "", "ending": "0", "end": 745, "root": "Feedback", "_index_": 131, "partofspeech": "H", "start": 737, "lemma": "Feedback"}], [{"root_tokens": ["ole"], "form": "Pers Prs Ind Sg 3 Aff", "clitic": "", "ending": "0", "end": 748, "root": "ole", "_index_": 132, "partofspeech": "V", "start": 746, "lemma": "olema"}, {"root_tokens": ["ole"], "form": "Pers Prs Ind Pl 3 Aff", "clitic": "", "ending": "0", "end": 748, "root": "ole", "_index_": 132, "partofspeech": "V", "start": 746, "lemma": "olema"}], [{"root_tokens": ["rool"], "form": "Sg Nom", "clitic": "", "ending": "0", "end": 753, "root": "rool", "_index_": 133, "partofspeech": "S", "start": 749, "lemma": "rool"}], [{"root_tokens": [","], "form": "", "clitic": "", "ending": "", "end": 755, "root": ",", "_index_": 134, "partofspeech": "Z", "start": 754, "lemma": ","}], [{"root_tokens": ["mis"], "form": "Pl Nom", "clitic": "", "ending": "0", "end": 759, "root": "mis", "_index_": 135, "partofspeech": "P", "start": 756, "lemma": "mis"}, {"root_tokens": ["mis"], "form": "Sg Nom", "clitic": "", "ending": "0", "end": 759, "root": "mis", "_index_": 135, "partofspeech": "P", "start": 756, "lemma": "mis"}], [{"root_tokens": ["pööra"], "form": "Pers Prs Ind Sg 3 Aff", "clitic": "", "ending": "b", "end": 766, "root": "pööra", "_index_": 136, "partofspeech": "V", "start": 760, "lemma": "pöörama"}], [{"root_tokens": ["900"], "form": "?", "clitic": "", "ending": "0", "end": 770, "root": "900", "_index_": 137, "partofspeech": "N", "start": 767, "lemma": "900"}], [{"root_tokens": ["kraad"], "form": "Sg Par", "clitic": "", "ending": "0", "end": 777, "root": "kraad", "_index_": 138, "partofspeech": "S", "start": 771, "lemma": "kraad"}], [{"root_tokens": [","], "form": "", "clitic": "", "ending": "", "end": 779, "root": ",", "_index_": 139, "partofspeech": "Z", "start": 778, "lemma": ","}], [{"root_tokens": ["aga"], "form": "", "clitic": "", "ending": "0", "end": 783, "root": "aga", "_index_": 140, "partofspeech": "J", "start": 780, "lemma": "aga"}], [{"root_tokens": ["ole"], "form": "Pers Prs Ind Sg 3 Aff", "clitic": "", "ending": "0", "end": 786, "root": "ole", "_index_": 141, "partofspeech": "V", "start": 784, "lemma": "olema"}, {"root_tokens": ["ole"], "form": "Pers Prs Ind Pl 3 Aff", "clitic": "", "ending": "0", "end": 786, "root": "ole", "_index_": 141, "partofspeech": "V", "start": 784, "lemma": "olema"}], [{"root_tokens": ["2"], "form": "?", "clitic": "", "ending": "0", "end": 788, "root": "2", "_index_": 142, "partofspeech": "N", "start": 787, "lemma": "2"}], [{"root_tokens": ["pedaal"], "form": "Sg Par", "clitic": "", "ending": "0", "end": 796, "root": "pedaal", "_index_": 143, "partofspeech": "S", "start": 789, "lemma": "pedaal"}], [{"root_tokens": ["ning"], "form": "", "clitic": "", "ending": "0", "end": 801, "root": "ning", "_index_": 144, "partofspeech": "J", "start": 797, "lemma": "ning"}], [{"root_tokens": ["ainult"], "form": "", "clitic": "", "ending": "0", "end": 808, "root": "ainult", "_index_": 145, "partofspeech": "D", "start": 802, "lemma": "ainult"}], [{"root_tokens": ["edasi"], "form": "", "clitic": "", "ending": "0", "end": 814, "root": "edasi", "_index_": 146, "partofspeech": "D", "start": 809, "lemma": "edasi"}], [{"root_tokens": ["-"], "form": "", "clitic": "", "ending": "", "end": 816, "root": "-", "_index_": 147, "partofspeech": "Z", "start": 815, "lemma": "-"}], [{"root_tokens": ["tagasi"], "form": "", "clitic": "", "ending": "0", "end": 822, "root": "tagasi", "_index_": 148, "partofspeech": "D", "start": 816, "lemma": "tagasi"}], [{"root_tokens": ["käigu", "kang"], "form": "Sg Nom", "clitic": "", "ending": "0", "end": 832, "root": "käigu_kang", "_index_": 149, "partofspeech": "S", "start": 823, "lemma": "käigukang"}], [{"root_tokens": ["."], "form": "", "clitic": "", "ending": "", "end": 834, "root": ".", "_index_": 150, "partofspeech": "Z", "start": 833, "lemma": "."}], [{"root_tokens": ["ise"], "form": "Sg Ade", "clitic": "", "ending": "l", "end": 840, "root": "ise", "_index_": 151, "partofspeech": "P", "start": 835, "lemma": "ise"}], [{"root_tokens": ["ole"], "form": "Pers Prs Ind Sg 3 Aff", "clitic": "", "ending": "0", "end": 843, "root": "ole", "_index_": 152, "partofspeech": "V", "start": 841, "lemma": "olema"}, {"root_tokens": ["ole"], "form": "Pers Prs Ind Pl 3 Aff", "clitic": "", "ending": "0", "end": 843, "root": "ole", "_index_": 152, "partofspeech": "V", "start": 841, "lemma": "olema"}], [{"root_tokens": ["selline"], "form": "Sg Nom", "clitic": "", "ending": "0", "end": 851, "root": "selline", "_index_": 153, "partofspeech": "P", "start": 844, "lemma": "selline"}], [{"root_tokens": [","], "form": "", "clitic": "", "ending": "", "end": 853, "root": ",", "_index_": 154, "partofspeech": "Z", "start": 852, "lemma": ","}], [{"root_tokens": ["väga"], "form": "", "clitic": "", "ending": "0", "end": 858, "root": "väga", "_index_": 155, "partofspeech": "D", "start": 854, "lemma": "väga"}], [{"root_tokens": ["hea"], "form": "Sg Nom", "clitic": "", "ending": "0", "end": 862, "root": "hea", "_index_": 156, "partofspeech": "A", "start": 859, "lemma": "hea"}], [{"root_tokens": ["see"], "form": "Sg Nom", "clitic": "", "ending": "0", "end": 867, "root": "see", "_index_": 157, "partofspeech": "P", "start": 864, "lemma": "see"}], [{"root_tokens": ["teine"], "form": "Sg Nom", "clitic": "", "ending": "0", "end": 873, "root": "teine", "_index_": 158, "partofspeech": "O", "start": 868, "lemma": "teine"}, {"root_tokens": ["teine"], "form": "Sg Nom", "clitic": "", "ending": "0", "end": 873, "root": "teine", "_index_": 158, "partofspeech": "P", "start": 868, "lemma": "teine"}], [{"root_tokens": ["link"], "form": "Sg Nom", "clitic": "", "ending": "0", "end": 878, "root": "link", "_index_": 159, "partofspeech": "S", "start": 874, "lemma": "link"}], [{"root_tokens": ["sina"], "form": "Sg Ade", "clitic": "", "ending": "l", "end": 882, "root": "sina", "_index_": 160, "partofspeech": "P", "start": 879, "lemma": "sina"}], [{"root_tokens": ["ole"], "form": "Pers Prs Ind Sg 3 Aff", "clitic": "", "ending": "0", "end": 885, "root": "ole", "_index_": 161, "partofspeech": "V", "start": 883, "lemma": "olema"}, {"root_tokens": ["ole"], "form": "Pers Prs Ind Pl 3 Aff", "clitic": "", "ending": "0", "end": 885, "root": "ole", "_index_": 161, "partofspeech": "V", "start": 883, "lemma": "olema"}], [{"root_tokens": ["arvuti", "maa", "ilm"], "form": "Sg Ela", "clitic": "", "ending": "st", "end": 901, "root": "arvuti_maa_ilm", "_index_": 162, "partofspeech": "S", "start": 886, "lemma": "arvutimaailm"}], [{"root_tokens": ["ju"], "form": "", "clitic": "", "ending": "0", "end": 904, "root": "ju", "_index_": 163, "partofspeech": "D", "start": 902, "lemma": "ju"}], [{"root_tokens": ["."], "form": "", "clitic": "", "ending": "", "end": 906, "root": ".", "_index_": 164, "partofspeech": "Z", "start": 905, "lemma": "."}], [{"root_tokens": ["äkki"], "form": "", "clitic": "", "ending": "0", "end": 911, "root": "äkki", "_index_": 165, "partofspeech": "D", "start": 907, "lemma": "äkki"}], [{"root_tokens": ["seal"], "form": "", "clitic": "", "ending": "0", "end": 916, "root": "seal", "_index_": 166, "partofspeech": "D", "start": 912, "lemma": "seal"}], [{"root_tokens": ["arhiiv"], "form": "Pl Ine", "clitic": "", "ending": "des", "end": 927, "root": "arhiiv", "_index_": 167, "partofspeech": "S", "start": 917, "lemma": "arhiiv"}], [{"root_tokens": ["surfa"], "form": "Ger", "clitic": "", "ending": "tes", "end": 936, "root": "surfa", "_index_": 168, "partofspeech": "V", "start": 928, "lemma": "surfama"}], [{"root_tokens": ["leid"], "form": "Pers Prs Ind Sg 2 Aff", "clitic": "", "ending": "d", "end": 942, "root": "leid", "_index_": 169, "partofspeech": "V", "start": 937, "lemma": "leidma"}], [{"root_tokens": ["ka"], "form": "", "clitic": "", "ending": "0", "end": 945, "root": "ka", "_index_": 170, "partofspeech": "D", "start": 943, "lemma": "ka"}], [{"root_tokens": ["mingi"], "form": "Pl Nom", "clitic": "", "ending": "d", "end": 952, "root": "mingi", "_index_": 171, "partofspeech": "P", "start": 946, "lemma": "mingi"}], [{"root_tokens": ["skeem"], "form": "Pl Nom", "clitic": "", "ending": "d", "end": 960, "root": "skeem", "_index_": 172, "partofspeech": "S", "start": 953, "lemma": "skeem"}], [{"root_tokens": ["see"], "form": "Pl Gen", "clitic": "", "ending": "de", "end": 966, "root": "see", "_index_": 173, "partofspeech": "P", "start": 961, "lemma": "see"}], [{"root_tokens": ["katkine"], "form": "Pl Gen", "clitic": "", "ending": "te", "end": 975, "root": "katkine", "_index_": 174, "partofspeech": "A", "start": 967, "lemma": "katkine"}], [{"root_tokens": ["pilt"], "form": "Pl Gen", "clitic": "", "ending": "de", "end": 983, "root": "pilt", "_index_": 175, "partofspeech": "S", "start": 976, "lemma": "pilt"}], [{"root_tokens": ["asemele"], "form": "", "clitic": "", "ending": "0", "end": 991, "root": "asemele", "_index_": 176, "partofspeech": "K", "start": 984, "lemma": "asemele"}], [{"root_tokens": ["!"], "form": "", "clitic": "", "ending": "", "end": 994, "root": "!", "_index_": 177, "partofspeech": "Z", "start": 992, "lemma": "!"}]]}, {"enveloping": null, "attributes": [], "name": "tokens", "parent": null, "_base": "tokens", "ambiguous": false, "spans": [{"start": 0, "end": 4}, {"start": 5, "end": 7}, {"start": 8, "end": 13}, {"start": 14, "end": 23}, {"start": 25, "end": 28}, {"start": 29, "end": 34}, {"start": 35, "end": 40}, {"start": 41, "end": 46}, {"start": 47, "end": 48}, {"start": 49, "end": 52}, {"start": 53, "end": 58}, {"start": 59, "end": 64}, {"start": 65, "end": 70}, {"start": 71, "end": 80}, {"start": 81, "end": 86}, {"start": 87, "end": 90}, {"start": 91, "end": 95}, {"start": 96, "end": 102}, {"start": 103, "end": 105}, {"start": 106, "end": 116}, {"start": 117, "end": 121}, {"start": 122, "end": 132}, {"start": 133, "end": 140}, {"start": 141, "end": 148}, {"start": 149, "end": 150}, {"start": 152, "end": 156}, {"start": 157, "end": 165}, {"start": 166, "end": 172}, {"start": 173, "end": 177}, {"start": 178, "end": 179}, {"start": 180, "end": 183}, {"start": 184, "end": 186}, {"start": 187, "end": 193}, {"start": 194, "end": 200}, {"start": 201, "end": 206}, {"start": 207, "end": 210}, {"start": 211, "end": 214}, {"start": 215, "end": 221}, {"start": 222, "end": 225}, {"start": 226, "end": 227}, {"start": 229, "end": 230}, {"start": 231, "end": 234}, {"start": 235, "end": 237}, {"start": 238, "end": 240}, {"start": 241, "end": 252}, {"start": 253, "end": 257}, {"start": 258, "end": 261}, {"start": 262, "end": 266}, {"start": 267, "end": 271}, {"start": 272, "end": 278}, {"start": 280, "end": 291}, {"start": 292, "end": 297}, {"start": 298, "end": 303}, {"start": 304, "end": 310}, {"start": 311, "end": 323}, {"start": 324, "end": 332}, {"start": 333, "end": 337}, {"start": 338, "end": 339}, {"start": 340, "end": 344}, {"start": 345, "end": 356}, {"start": 357, "end": 363}, {"start": 364, "end": 368}, {"start": 369, "end": 372}, {"start": 373, "end": 378}, {"start": 379, "end": 382}, {"start": 383, "end": 390}, {"start": 391, "end": 392}, {"start": 393, "end": 396}, {"start": 397, "end": 399}, {"start": 400, "end": 403}, {"start": 404, "end": 405}, {"start": 406, "end": 410}, {"start": 411, "end": 415}, {"start": 416, "end": 417}, {"start": 418, "end": 421}, {"start": 422, "end": 433}, {"start": 434, "end": 435}, {"start": 436, "end": 439}, {"start": 440, "end": 445}, {"start": 446, "end": 449}, {"start": 450, "end": 454}, {"start": 455, "end": 456}, {"start": 457, "end": 461}, {"start": 462, "end": 466}, {"start": 467, "end": 469}, {"start": 470, "end": 473}, {"start": 474, "end": 476}, {"start": 477, "end": 485}, {"start": 486, "end": 487}, {"start": 489, "end": 494}, {"start": 495, "end": 498}, {"start": 499, "end": 500}, {"start": 501, "end": 505}, {"start": 506, "end": 513}, {"start": 514, "end": 518}, {"start": 519, "end": 520}, {"start": 521, "end": 526}, {"start": 527, "end": 536}, {"start": 537, "end": 543}, {"start": 544, "end": 550}, {"start": 551, "end": 552}, {"start": 554, "end": 557}, {"start": 558, "end": 566}, {"start": 567, "end": 577}, {"start": 578, "end": 584}, {"start": 585, "end": 592}, {"start": 593, "end": 599}, {"start": 600, "end": 602}, {"start": 603, "end": 608}, {"start": 609, "end": 618}, {"start": 619, "end": 621}, {"start": 622, "end": 627}, {"start": 628, "end": 631}, {"start": 632, "end": 638}, {"start": 639, "end": 642}, {"start": 643, "end": 649}, {"start": 650, "end": 653}, {"start": 654, "end": 657}, {"start": 658, "end": 662}, {"start": 663, "end": 669}, {"start": 670, "end": 676}, {"start": 677, "end": 683}, {"start": 684, "end": 689}, {"start": 690, "end": 695}, {"start": 696, "end": 699}, {"start": 700, "end": 705}, {"start": 706, "end": 711}, {"start": 713, "end": 720}, {"start": 721, "end": 726}, {"start": 727, "end": 730}, {"start": 731, "end": 736}, {"start": 737, "end": 745}, {"start": 746, "end": 748}, {"start": 749, "end": 753}, {"start": 754, "end": 755}, {"start": 756, "end": 759}, {"start": 760, "end": 766}, {"start": 767, "end": 770}, {"start": 771, "end": 777}, {"start": 778, "end": 779}, {"start": 780, "end": 783}, {"start": 784, "end": 786}, {"start": 787, "end": 788}, {"start": 789, "end": 796}, {"start": 797, "end": 801}, {"start": 802, "end": 808}, {"start": 809, "end": 814}, {"start": 815, "end": 816}, {"start": 816, "end": 822}, {"start": 823, "end": 832}, {"start": 833, "end": 834}, {"start": 835, "end": 840}, {"start": 841, "end": 843}, {"start": 844, "end": 851}, {"start": 852, "end": 853}, {"start": 854, "end": 858}, {"start": 859, "end": 862}, {"start": 864, "end": 867}, {"start": 868, "end": 873}, {"start": 874, "end": 878}, {"start": 879, "end": 882}, {"start": 883, "end": 885}, {"start": 886, "end": 901}, {"start": 902, "end": 904}, {"start": 905, "end": 906}, {"start": 907, "end": 911}, {"start": 912, "end": 916}, {"start": 917, "end": 927}, {"start": 928, "end": 936}, {"start": 937, "end": 942}, {"start": 943, "end": 945}, {"start": 946, "end": 952}, {"start": 953, "end": 960}, {"start": 961, "end": 966}, {"start": 967, "end": 975}, {"start": 976, "end": 983}, {"start": 984, "end": 991}, {"start": 992, "end": 994}]}, {"enveloping": "tokens", "attributes": ["type", "normalized"], "name": "compound_tokens", "parent": null, "_base": "compound_tokens", "ambiguous": false, "spans": []}], "meta": {"subcorpus": "netifoorum", "type": "teema", "title": "Rool ja selle ehitamine - 01. leht ( Planet Foorumid - Tehnoloogia - Sõiduriistad ja tehnika )", "alamfoorum": "Sõiduriistad_ja_tehnika"}, "text": "Rool ja selle ehitamine\n\nKas keegi teaks öelda , kus oleks linki rooli ehitamise kohta või siis siduri ja käigukasti ning käsipiduri tegemis õpetust ?\n\nsuht tehnikud vennad seal , aga ei mõista rootsi keelt ega saa midagi aru .\n\n- see on ka mingisugune leht aga seal pole skeeme\n\nArvatavasti oleks parem valmis meisterdatud komplekt osta , kuna isetegemise käigul võib nii rooli ära rikkuda , kui ei tea , mida teed .\nAga loomulikult , kui tahad ise teha , siis võid ju ise ka proovida .\n\nKammi LFS , RBRi foorume läbi , peaks kindlasti midagi leidma .\n\nkus tallinas käigukange eraldi müüakse tahaks ka kolme pedaaliga ja rooli mis pöörab 900 kraadi aga see vist maksab veidid rohkem andke teada kui infit saate\n\nDriving Force Pro Force Feedback on rool , mis pöörab 900 kraadi , aga on 2 pedaali ning ainult edasi -tagasi käigukang .\nEndal on selline , väga hea\n\nSee teine link sul on arvutimaailmast ju .\nÄkki seal arhiivides surfates leiad ka mingid skeemid nende katkiste piltide asemele !?"}