{"meta": {"title": "langevarju hüpped ... - 02. leht ( Planet Foorumid - Kultuur ja kunst - Kultuur - Sport )", "subcorpus": "netifoorum", "type": "teema", "alamfoorum": "Sport"}, "text": "nad kontrollivad üle .\naga esimene hüpe enda pakitud varjuga on kõige hullem .", "layers": [{"_base": "words", "parent": null, "ambiguous": false, "name": "words", "enveloping": null, "spans": [{"start": 0, "end": 3, "normalized_form": null}, {"start": 4, "end": 16, "normalized_form": null}, {"start": 17, "end": 20, "normalized_form": null}, {"start": 21, "end": 22, "normalized_form": null}, {"start": 23, "end": 26, "normalized_form": null}, {"start": 27, "end": 34, "normalized_form": null}, {"start": 35, "end": 39, "normalized_form": null}, {"start": 40, "end": 44, "normalized_form": null}, {"start": 45, "end": 52, "normalized_form": null}, {"start": 53, "end": 60, "normalized_form": null}, {"start": 61, "end": 63, "normalized_form": null}, {"start": 64, "end": 69, "normalized_form": null}, {"start": 70, "end": 76, "normalized_form": null}, {"start": 77, "end": 78, "normalized_form": null}], "attributes": ["normalized_form"]}, {"_base": "words", "parent": "words", "ambiguous": true, "name": "morph_analysis", "enveloping": null, "spans": [[{"lemma": "tema", "start": 0, "root": "tema", "_index_": 0, "end": 3, "clitic": "", "form": "pl n", "ending": "d", "partofspeech": "P", "root_tokens": ["tema"]}], [{"lemma": "kontrollima", "start": 4, "root": "kontrolli", "_index_": 1, "end": 16, "clitic": "", "form": "vad", "ending": "vad", "partofspeech": "V", "root_tokens": ["kontrolli"]}], [{"lemma": "üle", "start": 17, "root": "üle", "_index_": 2, "end": 20, "clitic": "", "form": "", "ending": "0", "partofspeech": "D", "root_tokens": ["üle"]}], [{"lemma": ".", "start": 21, "root": ".", "_index_": 3, "end": 22, "clitic": "", "form": "", "ending": "", "partofspeech": "Z", "root_tokens": ["."]}], [{"lemma": "aga", "start": 23, "root": "aga", "_index_": 4, "end": 26, "clitic": "", "form": "", "ending": "0", "partofspeech": "J", "root_tokens": ["aga"]}], [{"lemma": "esimene", "start": 27, "root": "esimene", "_index_": 5, "end": 34, "clitic": "", "form": "sg n", "ending": "0", "partofspeech": "O", "root_tokens": ["esimene"]}], [{"lemma": "hüpe", "start": 35, "root": "hüpe", "_index_": 6, "end": 39, "clitic": "", "form": "sg n", "ending": "0", "partofspeech": "S", "root_tokens": ["hüpe"]}], [{"lemma": "ise", "start": 40, "root": "ise", "_index_": 7, "end": 44, "clitic": "", "form": "sg g", "ending": "0", "partofspeech": "P", "root_tokens": ["ise"]}], [{"lemma": "pakitud", "start": 45, "root": "pakitud", "_index_": 8, "end": 52, "clitic": "", "form": "", "ending": "0", "partofspeech": "A", "root_tokens": ["pakitud"]}, {"lemma": "pakitud", "start": 45, "root": "pakitud", "_index_": 8, "end": 52, "clitic": "", "form": "sg n", "ending": "0", "partofspeech": "A", "root_tokens": ["pakitud"]}, {"lemma": "pakitud", "start": 45, "root": "pakitud", "_index_": 8, "end": 52, "clitic": "", "form": "pl n", "ending": "d", "partofspeech": "A", "root_tokens": ["pakitud"]}, {"lemma": "pakkima", "start": 45, "root": "pakki", "_index_": 8, "end": 52, "clitic": "", "form": "tud", "ending": "tud", "partofspeech": "V", "root_tokens": ["pakki"]}], [{"lemma": "vari", "start": 53, "root": "vari", "_index_": 9, "end": 60, "clitic": "", "form": "sg kom", "ending": "ga", "partofspeech": "S", "root_tokens": ["vari"]}], [{"lemma": "olema", "start": 61, "root": "ole", "_index_": 10, "end": 63, "clitic": "", "form": "b", "ending": "0", "partofspeech": "V", "root_tokens": ["ole"]}, {"lemma": "olema", "start": 61, "root": "ole", "_index_": 10, "end": 63, "clitic": "", "form": "vad", "ending": "0", "partofspeech": "V", "root_tokens": ["ole"]}], [{"lemma": "kõige", "start": 64, "root": "kõige", "_index_": 11, "end": 69, "clitic": "", "form": "", "ending": "0", "partofspeech": "D", "root_tokens": ["kõige"]}], [{"lemma": "hullem", "start": 70, "root": "hullem", "_index_": 12, "end": 76, "clitic": "", "form": "sg n", "ending": "0", "partofspeech": "C", "root_tokens": ["hullem"]}], [{"lemma": ".", "start": 77, "root": ".", "_index_": 13, "end": 78, "clitic": "", "form": "", "ending": "", "partofspeech": "Z", "root_tokens": ["."]}]], "attributes": ["lemma", "root", "root_tokens", "ending", "clitic", "form", "partofspeech"]}, {"_base": "words", "parent": "morph_analysis", "ambiguous": true, "name": "gt_morph_analysis", "enveloping": null, "spans": [[{"lemma": "tema", "start": 0, "root": "tema", "_index_": 0, "end": 3, "clitic": "", "form": "Pl Nom", "ending": "d", "partofspeech": "P", "root_tokens": ["tema"]}], [{"lemma": "kontrollima", "start": 4, "root": "kontrolli", "_index_": 1, "end": 16, "clitic": "", "form": "Pers Prs Ind Pl 3 Aff", "ending": "vad", "partofspeech": "V", "root_tokens": ["kontrolli"]}], [{"lemma": "üle", "start": 17, "root": "üle", "_index_": 2, "end": 20, "clitic": "", "form": "", "ending": "0", "partofspeech": "D", "root_tokens": ["üle"]}], [{"lemma": ".", "start": 21, "root": ".", "_index_": 3, "end": 22, "clitic": "", "form": "", "ending": "", "partofspeech": "Z", "root_tokens": ["."]}], [{"lemma": "aga", "start": 23, "root": "aga", "_index_": 4, "end": 26, "clitic": "", "form": "", "ending": "0", "partofspeech": "J", "root_tokens": ["aga"]}], [{"lemma": "esimene", "start": 27, "root": "esimene", "_index_": 5, "end": 34, "clitic": "", "form": "Sg Nom", "ending": "0", "partofspeech": "O", "root_tokens": ["esimene"]}], [{"lemma": "hüpe", "start": 35, "root": "hüpe", "_index_": 6, "end": 39, "clitic": "", "form": "Sg Nom", "ending": "0", "partofspeech": "S", "root_tokens": ["hüpe"]}], [{"lemma": "ise", "start": 40, "root": "ise", "_index_": 7, "end": 44, "clitic": "", "form": "Sg Gen", "ending": "0", "partofspeech": "P", "root_tokens": ["ise"]}], [{"lemma": "pakitud", "start": 45, "root": "pakitud", "_index_": 8, "end": 52, "clitic": "", "form": "", "ending": "0", "partofspeech": "A", "root_tokens": ["pakitud"]}, {"lemma": "pakitud", "start": 45, "root": "pakitud", "_index_": 8, "end": 52, "clitic": "", "form": "Sg Nom", "ending": "0", "partofspeech": "A", "root_tokens": ["pakitud"]}, {"lemma": "pakitud", "start": 45, "root": "pakitud", "_index_": 8, "end": 52, "clitic": "", "form": "Pl Nom", "ending": "d", "partofspeech": "A", "root_tokens": ["pakitud"]}, {"lemma": "pakkima", "start": 45, "root": "pakki", "_index_": 8, "end": 52, "clitic": "", "form": "Impers Prt Prc", "ending": "tud", "partofspeech": "V", "root_tokens": ["pakki"]}], [{"lemma": "vari", "start": 53, "root": "vari", "_index_": 9, "end": 60, "clitic": "", "form": "Sg Com", "ending": "ga", "partofspeech": "S", "root_tokens": ["vari"]}], [{"lemma": "olema", "start": 61, "root": "ole", "_index_": 10, "end": 63, "clitic": "", "form": "Pers Prs Ind Sg 3 Aff", "ending": "0", "partofspeech": "V", "root_tokens": ["ole"]}, {"lemma": "olema", "start": 61, "root": "ole", "_index_": 10, "end": 63, "clitic": "", "form": "Pers Prs Ind Pl 3 Aff", "ending": "0", "partofspeech": "V", "root_tokens": ["ole"]}], [{"lemma": "kõige", "start": 64, "root": "kõige", "_index_": 11, "end": 69, "clitic": "", "form": "", "ending": "0", "partofspeech": "D", "root_tokens": ["kõige"]}], [{"lemma": "hullem", "start": 70, "root": "hullem", "_index_": 12, "end": 76, "clitic": "", "form": "Sg Nom", "ending": "0", "partofspeech": "C", "root_tokens": ["hullem"]}], [{"lemma": ".", "start": 77, "root": ".", "_index_": 13, "end": 78, "clitic": "", "form": "", "ending": "", "partofspeech": "Z", "root_tokens": ["."]}]], "attributes": ["lemma", "root", "root_tokens", "ending", "clitic", "form", "partofspeech"]}, {"_base": "sentences", "parent": null, "ambiguous": false, "name": "sentences", "enveloping": "words", "spans": [{"_index_": [0, 1, 2, 3], "fix_types": []}, {"_index_": [4, 5, 6, 7, 8, 9, 10, 11, 12, 13], "fix_types": []}], "attributes": ["fix_types"]}, {"_base": "paragraphs", "parent": null, "ambiguous": false, "name": "paragraphs", "enveloping": "sentences", "spans": [{"_index_": [0, 1]}], "attributes": []}, {"_base": "syntax_ignore", "parent": null, "ambiguous": false, "name": "syntax_ignore", "enveloping": "words", "spans": [], "attributes": ["type"]}, {"_base": "tokens", "parent": null, "ambiguous": false, "name": "tokens", "enveloping": null, "spans": [{"start": 0, "end": 3}, {"start": 4, "end": 16}, {"start": 17, "end": 20}, {"start": 21, "end": 22}, {"start": 23, "end": 26}, {"start": 27, "end": 34}, {"start": 35, "end": 39}, {"start": 40, "end": 44}, {"start": 45, "end": 52}, {"start": 53, "end": 60}, {"start": 61, "end": 63}, {"start": 64, "end": 69}, {"start": 70, "end": 76}, {"start": 77, "end": 78}], "attributes": []}, {"_base": "compound_tokens", "parent": null, "ambiguous": false, "name": "compound_tokens", "enveloping": "tokens", "spans": [], "attributes": ["type", "normalized"]}]}