{"meta": {"alamfoorum": "Sport", "subcorpus": "netifoorum", "type": "teema", "title": "Jalgpallurite Pildimäng - 08. leht ( Planet Foorumid - Kultuur ja kunst - Kultuur - Sport )"}, "text": "Gerald .\nHispaania .\nBarca ?\n\ntal on nüüd teine klubi\n\nMalaga ?\n\nei ole\n\ntegemist on ühe prantsuse klubiga\n\nkui ma ei eksi siis Monaco on tema uus klubi\n\nõige\n\njens nowotny .\n\nbayer\n\nsaksa\n\nNjaa , kas nüüd on uued reeglid ?\n\nEnam ei ole nii , et uue pildi paneb vana pildi äraarvaja ?\n\nNormaljok ...\n\nKui keegi siiski aksepteerib minu 6iget vastust , siis uus pilt siin\n\nmoskva spartak\n\nvladimir bõstrov\n\nvenemaa ( kuigi jättab mulje nagu tegemist oleks grusiiniga )\n\nK6ik vale .\n\nNu ?\n\nSpartaki kasvandik .\nSee aasta palju platsile ei saanud.P2rast Bõstrovi ostmist sai temast varumees .\n\non ta venelane w ?\n\nmhm .\nJust müüs Spartak ta maha.R22gitakse , et tema transfer oli üks kallemaid Venemaa liigas ( siseturul ) .\n\nno kohe mitte ei tea , kes see mees on\n\nKes esimesena postitab , v6ib ka uue pildi panna .\n\nsamedov\n\nvenemaa\n\nok ma panen siis uue\n\nkehv pilt .\n\nJohn Hartson\n\nCeltic\n\nWales\n\njne\n\nvist\n\nsry et selline tuli aga õige vastus on\n\njay-jay okocha\n\nnigeeria\n\nbolton\n\non ?\nminu andmetel mitte .\n\nAGHAHOWA Julius\n\nNigeeria\n\nDonetsk šahtar", "layers": [{"spans": [{"end": 6, "start": 0}, {"end": 8, "start": 7}, {"end": 18, "start": 9}, {"end": 20, "start": 19}, {"end": 26, "start": 21}, {"end": 28, "start": 27}, {"end": 33, "start": 30}, {"end": 36, "start": 34}, {"end": 41, "start": 37}, {"end": 47, "start": 42}, {"end": 53, "start": 48}, {"end": 61, "start": 55}, {"end": 63, "start": 62}, {"end": 67, "start": 65}, {"end": 71, "start": 68}, {"end": 81, "start": 73}, {"end": 84, "start": 82}, {"end": 88, "start": 85}, {"end": 98, "start": 89}, {"end": 106, "start": 99}, {"end": 111, "start": 108}, {"end": 114, "start": 112}, {"end": 117, "start": 115}, {"end": 122, "start": 118}, {"end": 127, "start": 123}, {"end": 134, "start": 128}, {"end": 137, "start": 135}, {"end": 142, "start": 138}, {"end": 146, "start": 143}, {"end": 152, "start": 147}, {"end": 158, "start": 154}, {"end": 164, "start": 160}, {"end": 172, "start": 165}, {"end": 174, "start": 173}, {"end": 181, "start": 176}, {"end": 188, "start": 183}, {"end": 194, "start": 190}, {"end": 196, "start": 195}, {"end": 200, "start": 197}, {"end": 205, "start": 201}, {"end": 208, "start": 206}, {"end": 213, "start": 209}, {"end": 221, "start": 214}, {"end": 223, "start": 222}, {"end": 229, "start": 225}, {"end": 232, "start": 230}, {"end": 236, "start": 233}, {"end": 240, "start": 237}, {"end": 242, "start": 241}, {"end": 245, "start": 243}, {"end": 249, "start": 246}, {"end": 255, "start": 250}, {"end": 261, "start": 256}, {"end": 266, "start": 262}, {"end": 272, "start": 267}, {"end": 282, "start": 273}, {"end": 284, "start": 283}, {"end": 295, "start": 286}, {"end": 299, "start": 296}, {"end": 304, "start": 301}, {"end": 310, "start": 305}, {"end": 317, "start": 311}, {"end": 329, "start": 318}, {"end": 334, "start": 330}, {"end": 340, "start": 335}, {"end": 348, "start": 341}, {"end": 350, "start": 349}, {"end": 355, "start": 351}, {"end": 359, "start": 356}, {"end": 364, "start": 360}, {"end": 369, "start": 365}, {"end": 377, "start": 371}, {"end": 385, "start": 378}, {"end": 395, "start": 387}, {"end": 403, "start": 396}, {"end": 412, "start": 405}, {"end": 414, "start": 413}, {"end": 420, "start": 415}, {"end": 427, "start": 421}, {"end": 433, "start": 428}, {"end": 438, "start": 434}, {"end": 447, "start": 439}, {"end": 453, "start": 448}, {"end": 464, "start": 454}, {"end": 466, "start": 465}, {"end": 472, "start": 468}, {"end": 477, "start": 473}, {"end": 479, "start": 478}, {"end": 483, "start": 481}, {"end": 485, "start": 484}, {"end": 495, "start": 487}, {"end": 505, "start": 496}, {"end": 507, "start": 506}, {"end": 511, "start": 508}, {"end": 517, "start": 512}, {"end": 523, "start": 518}, {"end": 532, "start": 524}, {"end": 535, "start": 533}, {"end": 542, "start": 536}, {"end": 543, "start": 542}, {"end": 549, "start": 543}, {"end": 558, "start": 550}, {"end": 566, "start": 559}, {"end": 570, "start": 567}, {"end": 577, "start": 571}, {"end": 586, "start": 578}, {"end": 588, "start": 587}, {"end": 592, "start": 590}, {"end": 595, "start": 593}, {"end": 604, "start": 596}, {"end": 606, "start": 605}, {"end": 608, "start": 607}, {"end": 613, "start": 610}, {"end": 615, "start": 614}, {"end": 620, "start": 616}, {"end": 625, "start": 621}, {"end": 633, "start": 626}, {"end": 636, "start": 634}, {"end": 641, "start": 637}, {"end": 642, "start": 641}, {"end": 652, "start": 642}, {"end": 654, "start": 653}, {"end": 657, "start": 655}, {"end": 662, "start": 658}, {"end": 671, "start": 663}, {"end": 675, "start": 672}, {"end": 679, "start": 676}, {"end": 689, "start": 680}, {"end": 697, "start": 690}, {"end": 704, "start": 698}, {"end": 706, "start": 705}, {"end": 716, "start": 707}, {"end": 718, "start": 717}, {"end": 720, "start": 719}, {"end": 724, "start": 722}, {"end": 729, "start": 725}, {"end": 735, "start": 730}, {"end": 738, "start": 736}, {"end": 742, "start": 739}, {"end": 744, "start": 743}, {"end": 748, "start": 745}, {"end": 752, "start": 749}, {"end": 757, "start": 753}, {"end": 760, "start": 758}, {"end": 765, "start": 762}, {"end": 775, "start": 766}, {"end": 784, "start": 776}, {"end": 786, "start": 785}, {"end": 791, "start": 787}, {"end": 794, "start": 792}, {"end": 798, "start": 795}, {"end": 804, "start": 799}, {"end": 810, "start": 805}, {"end": 812, "start": 811}, {"end": 821, "start": 814}, {"end": 830, "start": 823}, {"end": 834, "start": 832}, {"end": 837, "start": 835}, {"end": 843, "start": 838}, {"end": 848, "start": 844}, {"end": 852, "start": 849}, {"end": 858, "start": 854}, {"end": 863, "start": 859}, {"end": 865, "start": 864}, {"end": 871, "start": 867}, {"end": 879, "start": 872}, {"end": 887, "start": 881}, {"end": 894, "start": 889}, {"end": 899, "start": 896}, {"end": 905, "start": 901}, {"end": 910, "start": 907}, {"end": 913, "start": 911}, {"end": 921, "start": 914}, {"end": 926, "start": 922}, {"end": 930, "start": 927}, {"end": 935, "start": 931}, {"end": 942, "start": 936}, {"end": 945, "start": 943}, {"end": 950, "start": 947}, {"end": 951, "start": 950}, {"end": 954, "start": 951}, {"end": 961, "start": 955}, {"end": 971, "start": 963}, {"end": 979, "start": 973}, {"end": 983, "start": 981}, {"end": 985, "start": 984}, {"end": 990, "start": 986}, {"end": 999, "start": 991}, {"end": 1005, "start": 1000}, {"end": 1007, "start": 1006}, {"end": 1017, "start": 1009}, {"end": 1024, "start": 1018}, {"end": 1034, "start": 1026}, {"end": 1043, "start": 1036}, {"end": 1050, "start": 1044}], "parent": null, "name": "tokens", "_base": "tokens", "ambiguous": false, "enveloping": null, "attributes": []}, {"spans": [{"type": ["hyphenation"], "normalized": null, "_index_": [178, 179, 180]}], "parent": null, "name": "compound_tokens", "_base": "compound_tokens", "ambiguous": false, "enveloping": "tokens", "attributes": ["type", "normalized"]}, {"spans": [{"normalized_form": null, "end": 6, "start": 0}, {"normalized_form": null, "end": 8, "start": 7}, {"normalized_form": null, "end": 18, "start": 9}, {"normalized_form": null, "end": 20, "start": 19}, {"normalized_form": null, "end": 26, "start": 21}, {"normalized_form": null, "end": 28, "start": 27}, {"normalized_form": null, "end": 33, "start": 30}, {"normalized_form": null, "end": 36, "start": 34}, {"normalized_form": null, "end": 41, "start": 37}, {"normalized_form": null, "end": 47, "start": 42}, {"normalized_form": null, "end": 53, "start": 48}, {"normalized_form": null, "end": 61, "start": 55}, {"normalized_form": null, "end": 63, "start": 62}, {"normalized_form": null, "end": 67, "start": 65}, {"normalized_form": null, "end": 71, "start": 68}, {"normalized_form": null, "end": 81, "start": 73}, {"normalized_form": null, "end": 84, "start": 82}, {"normalized_form": null, "end": 88, "start": 85}, {"normalized_form": null, "end": 98, "start": 89}, {"normalized_form": null, "end": 106, "start": 99}, {"normalized_form": null, "end": 111, "start": 108}, {"normalized_form": null, "end": 114, "start": 112}, {"normalized_form": null, "end": 117, "start": 115}, {"normalized_form": null, "end": 122, "start": 118}, {"normalized_form": null, "end": 127, "start": 123}, {"normalized_form": null, "end": 134, "start": 128}, {"normalized_form": null, "end": 137, "start": 135}, {"normalized_form": null, "end": 142, "start": 138}, {"normalized_form": null, "end": 146, "start": 143}, {"normalized_form": null, "end": 152, "start": 147}, {"normalized_form": null, "end": 158, "start": 154}, {"normalized_form": null, "end": 164, "start": 160}, {"normalized_form": null, "end": 172, "start": 165}, {"normalized_form": null, "end": 174, "start": 173}, {"normalized_form": null, "end": 181, "start": 176}, {"normalized_form": null, "end": 188, "start": 183}, {"normalized_form": null, "end": 194, "start": 190}, {"normalized_form": null, "end": 196, "start": 195}, {"normalized_form": null, "end": 200, "start": 197}, {"normalized_form": null, "end": 205, "start": 201}, {"normalized_form": null, "end": 208, "start": 206}, {"normalized_form": null, "end": 213, "start": 209}, {"normalized_form": null, "end": 221, "start": 214}, {"normalized_form": null, "end": 223, "start": 222}, {"normalized_form": null, "end": 229, "start": 225}, {"normalized_form": null, "end": 232, "start": 230}, {"normalized_form": null, "end": 236, "start": 233}, {"normalized_form": null, "end": 240, "start": 237}, {"normalized_form": null, "end": 242, "start": 241}, {"normalized_form": null, "end": 245, "start": 243}, {"normalized_form": null, "end": 249, "start": 246}, {"normalized_form": null, "end": 255, "start": 250}, {"normalized_form": null, "end": 261, "start": 256}, {"normalized_form": null, "end": 266, "start": 262}, {"normalized_form": null, "end": 272, "start": 267}, {"normalized_form": null, "end": 282, "start": 273}, {"normalized_form": null, "end": 284, "start": 283}, {"normalized_form": null, "end": 295, "start": 286}, {"normalized_form": null, "end": 299, "start": 296}, {"normalized_form": null, "end": 304, "start": 301}, {"normalized_form": null, "end": 310, "start": 305}, {"normalized_form": null, "end": 317, "start": 311}, {"normalized_form": null, "end": 329, "start": 318}, {"normalized_form": null, "end": 334, "start": 330}, {"normalized_form": null, "end": 340, "start": 335}, {"normalized_form": null, "end": 348, "start": 341}, {"normalized_form": null, "end": 350, "start": 349}, {"normalized_form": null, "end": 355, "start": 351}, {"normalized_form": null, "end": 359, "start": 356}, {"normalized_form": null, "end": 364, "start": 360}, {"normalized_form": null, "end": 369, "start": 365}, {"normalized_form": null, "end": 377, "start": 371}, {"normalized_form": null, "end": 385, "start": 378}, {"normalized_form": null, "end": 395, "start": 387}, {"normalized_form": null, "end": 403, "start": 396}, {"normalized_form": null, "end": 412, "start": 405}, {"normalized_form": null, "end": 414, "start": 413}, {"normalized_form": null, "end": 420, "start": 415}, {"normalized_form": null, "end": 427, "start": 421}, {"normalized_form": null, "end": 433, "start": 428}, {"normalized_form": null, "end": 438, "start": 434}, {"normalized_form": null, "end": 447, "start": 439}, {"normalized_form": null, "end": 453, "start": 448}, {"normalized_form": null, "end": 464, "start": 454}, {"normalized_form": null, "end": 466, "start": 465}, {"normalized_form": null, "end": 472, "start": 468}, {"normalized_form": null, "end": 477, "start": 473}, {"normalized_form": null, "end": 479, "start": 478}, {"normalized_form": null, "end": 483, "start": 481}, {"normalized_form": null, "end": 485, "start": 484}, {"normalized_form": null, "end": 495, "start": 487}, {"normalized_form": null, "end": 505, "start": 496}, {"normalized_form": null, "end": 507, "start": 506}, {"normalized_form": null, "end": 511, "start": 508}, {"normalized_form": null, "end": 517, "start": 512}, {"normalized_form": null, "end": 523, "start": 518}, {"normalized_form": null, "end": 532, "start": 524}, {"normalized_form": null, "end": 535, "start": 533}, {"normalized_form": null, "end": 542, "start": 536}, {"normalized_form": null, "end": 543, "start": 542}, {"normalized_form": null, "end": 549, "start": 543}, {"normalized_form": null, "end": 558, "start": 550}, {"normalized_form": null, "end": 566, "start": 559}, {"normalized_form": null, "end": 570, "start": 567}, {"normalized_form": null, "end": 577, "start": 571}, {"normalized_form": null, "end": 586, "start": 578}, {"normalized_form": null, "end": 588, "start": 587}, {"normalized_form": null, "end": 592, "start": 590}, {"normalized_form": null, "end": 595, "start": 593}, {"normalized_form": null, "end": 604, "start": 596}, {"normalized_form": null, "end": 606, "start": 605}, {"normalized_form": null, "end": 608, "start": 607}, {"normalized_form": null, "end": 613, "start": 610}, {"normalized_form": null, "end": 615, "start": 614}, {"normalized_form": null, "end": 620, "start": 616}, {"normalized_form": null, "end": 625, "start": 621}, {"normalized_form": null, "end": 633, "start": 626}, {"normalized_form": null, "end": 636, "start": 634}, {"normalized_form": null, "end": 641, "start": 637}, {"normalized_form": null, "end": 642, "start": 641}, {"normalized_form": null, "end": 652, "start": 642}, {"normalized_form": null, "end": 654, "start": 653}, {"normalized_form": null, "end": 657, "start": 655}, {"normalized_form": null, "end": 662, "start": 658}, {"normalized_form": null, "end": 671, "start": 663}, {"normalized_form": null, "end": 675, "start": 672}, {"normalized_form": null, "end": 679, "start": 676}, {"normalized_form": null, "end": 689, "start": 680}, {"normalized_form": null, "end": 697, "start": 690}, {"normalized_form": null, "end": 704, "start": 698}, {"normalized_form": null, "end": 706, "start": 705}, {"normalized_form": null, "end": 716, "start": 707}, {"normalized_form": null, "end": 718, "start": 717}, {"normalized_form": null, "end": 720, "start": 719}, {"normalized_form": null, "end": 724, "start": 722}, {"normalized_form": null, "end": 729, "start": 725}, {"normalized_form": null, "end": 735, "start": 730}, {"normalized_form": null, "end": 738, "start": 736}, {"normalized_form": null, "end": 742, "start": 739}, {"normalized_form": null, "end": 744, "start": 743}, {"normalized_form": null, "end": 748, "start": 745}, {"normalized_form": null, "end": 752, "start": 749}, {"normalized_form": null, "end": 757, "start": 753}, {"normalized_form": null, "end": 760, "start": 758}, {"normalized_form": null, "end": 765, "start": 762}, {"normalized_form": null, "end": 775, "start": 766}, {"normalized_form": null, "end": 784, "start": 776}, {"normalized_form": null, "end": 786, "start": 785}, {"normalized_form": null, "end": 791, "start": 787}, {"normalized_form": null, "end": 794, "start": 792}, {"normalized_form": null, "end": 798, "start": 795}, {"normalized_form": null, "end": 804, "start": 799}, {"normalized_form": null, "end": 810, "start": 805}, {"normalized_form": null, "end": 812, "start": 811}, {"normalized_form": null, "end": 821, "start": 814}, {"normalized_form": null, "end": 830, "start": 823}, {"normalized_form": null, "end": 834, "start": 832}, {"normalized_form": null, "end": 837, "start": 835}, {"normalized_form": null, "end": 843, "start": 838}, {"normalized_form": null, "end": 848, "start": 844}, {"normalized_form": null, "end": 852, "start": 849}, {"normalized_form": null, "end": 858, "start": 854}, {"normalized_form": null, "end": 863, "start": 859}, {"normalized_form": null, "end": 865, "start": 864}, {"normalized_form": null, "end": 871, "start": 867}, {"normalized_form": null, "end": 879, "start": 872}, {"normalized_form": null, "end": 887, "start": 881}, {"normalized_form": null, "end": 894, "start": 889}, {"normalized_form": null, "end": 899, "start": 896}, {"normalized_form": null, "end": 905, "start": 901}, {"normalized_form": null, "end": 910, "start": 907}, {"normalized_form": null, "end": 913, "start": 911}, {"normalized_form": null, "end": 921, "start": 914}, {"normalized_form": null, "end": 926, "start": 922}, {"normalized_form": null, "end": 930, "start": 927}, {"normalized_form": null, "end": 935, "start": 931}, {"normalized_form": null, "end": 942, "start": 936}, {"normalized_form": null, "end": 945, "start": 943}, {"normalized_form": null, "end": 954, "start": 947}, {"normalized_form": null, "end": 961, "start": 955}, {"normalized_form": null, "end": 971, "start": 963}, {"normalized_form": null, "end": 979, "start": 973}, {"normalized_form": null, "end": 983, "start": 981}, {"normalized_form": null, "end": 985, "start": 984}, {"normalized_form": null, "end": 990, "start": 986}, {"normalized_form": null, "end": 999, "start": 991}, {"normalized_form": null, "end": 1005, "start": 1000}, {"normalized_form": null, "end": 1007, "start": 1006}, {"normalized_form": null, "end": 1017, "start": 1009}, {"normalized_form": null, "end": 1024, "start": 1018}, {"normalized_form": null, "end": 1034, "start": 1026}, {"normalized_form": null, "end": 1043, "start": 1036}, {"normalized_form": null, "end": 1050, "start": 1044}], "parent": null, "name": "words", "_base": "words", "ambiguous": false, "enveloping": null, "attributes": ["normalized_form"]}, {"spans": [[{"lemma": "Gerald", "form": "sg n", "ending": "0", "clitic": "", "start": 0, "root_tokens": ["Gerald"], "_index_": 0, "end": 6, "partofspeech": "H", "root": "Gerald"}], [{"lemma": ".", "form": "", "ending": "", "clitic": "", "start": 7, "root_tokens": ["."], "_index_": 1, "end": 8, "partofspeech": "Z", "root": "."}], [{"lemma": "Hispaania", "form": "sg n", "ending": "0", "clitic": "", "start": 9, "root_tokens": ["Hispaania"], "_index_": 2, "end": 18, "partofspeech": "H", "root": "Hispaania"}], [{"lemma": ".", "form": "", "ending": "", "clitic": "", "start": 19, "root_tokens": ["."], "_index_": 3, "end": 20, "partofspeech": "Z", "root": "."}], [{"lemma": "Barca", "form": "sg n", "ending": "0", "clitic": "", "start": 21, "root_tokens": ["Barca"], "_index_": 4, "end": 26, "partofspeech": "H", "root": "Barca"}], [{"lemma": "?", "form": "", "ending": "", "clitic": "", "start": 27, "root_tokens": ["?"], "_index_": 5, "end": 28, "partofspeech": "Z", "root": "?"}], [{"lemma": "tema", "form": "sg ad", "ending": "l", "clitic": "", "start": 30, "root_tokens": ["tema"], "_index_": 6, "end": 33, "partofspeech": "P", "root": "tema"}], [{"lemma": "olema", "form": "b", "ending": "0", "clitic": "", "start": 34, "root_tokens": ["ole"], "_index_": 7, "end": 36, "partofspeech": "V", "root": "ole"}, {"lemma": "olema", "form": "vad", "ending": "0", "clitic": "", "start": 34, "root_tokens": ["ole"], "_index_": 7, "end": 36, "partofspeech": "V", "root": "ole"}], [{"lemma": "nüüd", "form": "", "ending": "0", "clitic": "", "start": 37, "root_tokens": ["nüüd"], "_index_": 8, "end": 41, "partofspeech": "D", "root": "nüüd"}], [{"lemma": "teine", "form": "sg n", "ending": "0", "clitic": "", "start": 42, "root_tokens": ["teine"], "_index_": 9, "end": 47, "partofspeech": "O", "root": "teine"}, {"lemma": "teine", "form": "sg n", "ending": "0", "clitic": "", "start": 42, "root_tokens": ["teine"], "_index_": 9, "end": 47, "partofspeech": "P", "root": "teine"}], [{"lemma": "klubi", "form": "sg n", "ending": "0", "clitic": "", "start": 48, "root_tokens": ["klubi"], "_index_": 10, "end": 53, "partofspeech": "S", "root": "klubi"}], [{"lemma": "Mala", "form": "sg kom", "ending": "ga", "clitic": "", "start": 55, "root_tokens": ["Mala"], "_index_": 11, "end": 61, "partofspeech": "H", "root": "Mala"}], [{"lemma": "?", "form": "", "ending": "", "clitic": "", "start": 62, "root_tokens": ["?"], "_index_": 12, "end": 63, "partofspeech": "Z", "root": "?"}], [{"lemma": "ei", "form": "neg", "ending": "0", "clitic": "", "start": 65, "root_tokens": ["ei"], "_index_": 13, "end": 67, "partofspeech": "V", "root": "ei"}], [{"lemma": "olema", "form": "o", "ending": "0", "clitic": "", "start": 68, "root_tokens": ["ole"], "_index_": 14, "end": 71, "partofspeech": "V", "root": "ole"}], [{"lemma": "tegemine", "form": "sg p", "ending": "t", "clitic": "", "start": 73, "root_tokens": ["tegemine"], "_index_": 15, "end": 81, "partofspeech": "S", "root": "tegemine"}], [{"lemma": "olema", "form": "b", "ending": "0", "clitic": "", "start": 82, "root_tokens": ["ole"], "_index_": 16, "end": 84, "partofspeech": "V", "root": "ole"}, {"lemma": "olema", "form": "vad", "ending": "0", "clitic": "", "start": 82, "root_tokens": ["ole"], "_index_": 16, "end": 84, "partofspeech": "V", "root": "ole"}], [{"lemma": "üks", "form": "sg g", "ending": "0", "clitic": "", "start": 85, "root_tokens": ["üks"], "_index_": 17, "end": 88, "partofspeech": "N", "root": "üks"}, {"lemma": "üks", "form": "sg g", "ending": "0", "clitic": "", "start": 85, "root_tokens": ["üks"], "_index_": 17, "end": 88, "partofspeech": "P", "root": "üks"}], [{"lemma": "prantsuse", "form": "", "ending": "0", "clitic": "", "start": 89, "root_tokens": ["prantsuse"], "_index_": 18, "end": 98, "partofspeech": "G", "root": "prantsuse"}], [{"lemma": "klubi", "form": "sg kom", "ending": "ga", "clitic": "", "start": 99, "root_tokens": ["klubi"], "_index_": 19, "end": 106, "partofspeech": "S", "root": "klubi"}], [{"lemma": "kui", "form": "", "ending": "0", "clitic": "", "start": 108, "root_tokens": ["kui"], "_index_": 20, "end": 111, "partofspeech": "D", "root": "kui"}, {"lemma": "kui", "form": "", "ending": "0", "clitic": "", "start": 108, "root_tokens": ["kui"], "_index_": 20, "end": 111, "partofspeech": "J", "root": "kui"}], [{"lemma": "mina", "form": "sg n", "ending": "0", "clitic": "", "start": 112, "root_tokens": ["mina"], "_index_": 21, "end": 114, "partofspeech": "P", "root": "mina"}], [{"lemma": "ei", "form": "neg", "ending": "0", "clitic": "", "start": 115, "root_tokens": ["ei"], "_index_": 22, "end": 117, "partofspeech": "V", "root": "ei"}], [{"lemma": "eksima", "form": "o", "ending": "0", "clitic": "", "start": 118, "root_tokens": ["eksi"], "_index_": 23, "end": 122, "partofspeech": "V", "root": "eksi"}], [{"lemma": "siis", "form": "", "ending": "0", "clitic": "", "start": 123, "root_tokens": ["siis"], "_index_": 24, "end": 127, "partofspeech": "D", "root": "siis"}], [{"lemma": "Monaco", "form": "sg g", "ending": "0", "clitic": "", "start": 128, "root_tokens": ["Monaco"], "_index_": 25, "end": 134, "partofspeech": "H", "root": "Monaco"}], [{"lemma": "olema", "form": "b", "ending": "0", "clitic": "", "start": 135, "root_tokens": ["ole"], "_index_": 26, "end": 137, "partofspeech": "V", "root": "ole"}, {"lemma": "olema", "form": "vad", "ending": "0", "clitic": "", "start": 135, "root_tokens": ["ole"], "_index_": 26, "end": 137, "partofspeech": "V", "root": "ole"}], [{"lemma": "tema", "form": "sg g", "ending": "0", "clitic": "", "start": 138, "root_tokens": ["tema"], "_index_": 27, "end": 142, "partofspeech": "P", "root": "tema"}], [{"lemma": "uus", "form": "sg n", "ending": "0", "clitic": "", "start": 143, "root_tokens": ["uus"], "_index_": 28, "end": 146, "partofspeech": "A", "root": "uus"}], [{"lemma": "klubi", "form": "sg n", "ending": "0", "clitic": "", "start": 147, "root_tokens": ["klubi"], "_index_": 29, "end": 152, "partofspeech": "S", "root": "klubi"}], [{"lemma": "õige", "form": "sg n", "ending": "0", "clitic": "", "start": 154, "root_tokens": ["õige"], "_index_": 30, "end": 158, "partofspeech": "A", "root": "õige"}], [{"lemma": "jens", "form": "sg n", "ending": "0", "clitic": "", "start": 160, "root_tokens": ["jens"], "_index_": 31, "end": 164, "partofspeech": "S", "root": "jens"}], [{"lemma": "nowotny", "form": "sg n", "ending": "0", "clitic": "", "start": 165, "root_tokens": ["nowotny"], "_index_": 32, "end": 172, "partofspeech": "S", "root": "nowotny"}], [{"lemma": ".", "form": "", "ending": "", "clitic": "", "start": 173, "root_tokens": ["."], "_index_": 33, "end": 174, "partofspeech": "Z", "root": "."}], [{"lemma": "bayer", "form": "sg n", "ending": "0", "clitic": "", "start": 176, "root_tokens": ["bayer"], "_index_": 34, "end": 181, "partofspeech": "S", "root": "bayer"}], [{"lemma": "saksa", "form": "", "ending": "0", "clitic": "", "start": 183, "root_tokens": ["saksa"], "_index_": 35, "end": 188, "partofspeech": "G", "root": "saksa"}], [{"lemma": "Njaa", "form": "sg n", "ending": "0", "clitic": "", "start": 190, "root_tokens": ["Njaa"], "_index_": 36, "end": 194, "partofspeech": "H", "root": "Njaa"}], [{"lemma": ",", "form": "", "ending": "", "clitic": "", "start": 195, "root_tokens": [","], "_index_": 37, "end": 196, "partofspeech": "Z", "root": ","}], [{"lemma": "kas", "form": "", "ending": "0", "clitic": "", "start": 197, "root_tokens": ["kas"], "_index_": 38, "end": 200, "partofspeech": "D", "root": "kas"}], [{"lemma": "nüüd", "form": "", "ending": "0", "clitic": "", "start": 201, "root_tokens": ["nüüd"], "_index_": 39, "end": 205, "partofspeech": "D", "root": "nüüd"}], [{"lemma": "olema", "form": "b", "ending": "0", "clitic": "", "start": 206, "root_tokens": ["ole"], "_index_": 40, "end": 208, "partofspeech": "V", "root": "ole"}, {"lemma": "olema", "form": "vad", "ending": "0", "clitic": "", "start": 206, "root_tokens": ["ole"], "_index_": 40, "end": 208, "partofspeech": "V", "root": "ole"}], [{"lemma": "uus", "form": "pl n", "ending": "d", "clitic": "", "start": 209, "root_tokens": ["uus"], "_index_": 41, "end": 213, "partofspeech": "A", "root": "uus"}], [{"lemma": "reegel", "form": "pl n", "ending": "d", "clitic": "", "start": 214, "root_tokens": ["reegel"], "_index_": 42, "end": 221, "partofspeech": "S", "root": "reegel"}], [{"lemma": "?", "form": "", "ending": "", "clitic": "", "start": 222, "root_tokens": ["?"], "_index_": 43, "end": 223, "partofspeech": "Z", "root": "?"}], [{"lemma": "enam", "form": "", "ending": "0", "clitic": "", "start": 225, "root_tokens": ["enam"], "_index_": 44, "end": 229, "partofspeech": "D", "root": "enam"}], [{"lemma": "ei", "form": "neg", "ending": "0", "clitic": "", "start": 230, "root_tokens": ["ei"], "_index_": 45, "end": 232, "partofspeech": "V", "root": "ei"}], [{"lemma": "olema", "form": "o", "ending": "0", "clitic": "", "start": 233, "root_tokens": ["ole"], "_index_": 46, "end": 236, "partofspeech": "V", "root": "ole"}], [{"lemma": "nii", "form": "", "ending": "0", "clitic": "", "start": 237, "root_tokens": ["nii"], "_index_": 47, "end": 240, "partofspeech": "D", "root": "nii"}], [{"lemma": ",", "form": "", "ending": "", "clitic": "", "start": 241, "root_tokens": [","], "_index_": 48, "end": 242, "partofspeech": "Z", "root": ","}], [{"lemma": "et", "form": "", "ending": "0", "clitic": "", "start": 243, "root_tokens": ["et"], "_index_": 49, "end": 245, "partofspeech": "J", "root": "et"}], [{"lemma": "uus", "form": "sg g", "ending": "0", "clitic": "", "start": 246, "root_tokens": ["uus"], "_index_": 50, "end": 249, "partofspeech": "A", "root": "uus"}], [{"lemma": "pilt", "form": "sg g", "ending": "0", "clitic": "", "start": 250, "root_tokens": ["pilt"], "_index_": 51, "end": 255, "partofspeech": "S", "root": "pilt"}], [{"lemma": "panema", "form": "b", "ending": "b", "clitic": "", "start": 256, "root_tokens": ["pane"], "_index_": 52, "end": 261, "partofspeech": "V", "root": "pane"}], [{"lemma": "vana", "form": "sg g", "ending": "0", "clitic": "", "start": 262, "root_tokens": ["vana"], "_index_": 53, "end": 266, "partofspeech": "A", "root": "vana"}], [{"lemma": "pilt", "form": "sg g", "ending": "0", "clitic": "", "start": 267, "root_tokens": ["pilt"], "_index_": 54, "end": 272, "partofspeech": "S", "root": "pilt"}], [{"lemma": "äraarvaja", "form": "sg n", "ending": "0", "clitic": "", "start": 273, "root_tokens": ["ära", "arvaja"], "_index_": 55, "end": 282, "partofspeech": "S", "root": "ära_arva=ja"}], [{"lemma": "?", "form": "", "ending": "", "clitic": "", "start": 283, "root_tokens": ["?"], "_index_": 56, "end": 284, "partofspeech": "Z", "root": "?"}], [{"lemma": "Normaljok", "form": "sg n", "ending": "0", "clitic": "", "start": 286, "root_tokens": ["Normaljok"], "_index_": 57, "end": 295, "partofspeech": "H", "root": "Normaljok"}], [{"lemma": "...", "form": "", "ending": "", "clitic": "", "start": 296, "root_tokens": ["..."], "_index_": 58, "end": 299, "partofspeech": "Z", "root": "..."}], [{"lemma": "kui", "form": "", "ending": "0", "clitic": "", "start": 301, "root_tokens": ["kui"], "_index_": 59, "end": 304, "partofspeech": "D", "root": "kui"}, {"lemma": "kui", "form": "", "ending": "0", "clitic": "", "start": 301, "root_tokens": ["kui"], "_index_": 59, "end": 304, "partofspeech": "J", "root": "kui"}], [{"lemma": "keegi", "form": "sg n", "ending": "0", "clitic": "", "start": 305, "root_tokens": ["keegi"], "_index_": 60, "end": 310, "partofspeech": "P", "root": "keegi"}], [{"lemma": "siiski", "form": "", "ending": "0", "clitic": "", "start": 311, "root_tokens": ["siiski"], "_index_": 61, "end": 317, "partofspeech": "D", "root": "siiski"}], [{"lemma": "aksepteerima", "form": "b", "ending": "b", "clitic": "", "start": 318, "root_tokens": ["aksepteeri"], "_index_": 62, "end": 329, "partofspeech": "V", "root": "aksepteeri"}], [{"lemma": "mina", "form": "sg g", "ending": "0", "clitic": "", "start": 330, "root_tokens": ["mina"], "_index_": 63, "end": 334, "partofspeech": "P", "root": "mina"}], [{"lemma": "6ige", "form": "sg p", "ending": "t", "clitic": "", "start": 335, "root_tokens": ["6", "ige"], "_index_": 64, "end": 340, "partofspeech": "S", "root": "6_ige"}], [{"lemma": "vastus", "form": "sg p", "ending": "t", "clitic": "", "start": 341, "root_tokens": ["vastus"], "_index_": 65, "end": 348, "partofspeech": "S", "root": "vastus"}], [{"lemma": ",", "form": "", "ending": "", "clitic": "", "start": 349, "root_tokens": [","], "_index_": 66, "end": 350, "partofspeech": "Z", "root": ","}], [{"lemma": "siis", "form": "", "ending": "0", "clitic": "", "start": 351, "root_tokens": ["siis"], "_index_": 67, "end": 355, "partofspeech": "J", "root": "siis"}], [{"lemma": "uus", "form": "sg n", "ending": "0", "clitic": "", "start": 356, "root_tokens": ["uus"], "_index_": 68, "end": 359, "partofspeech": "A", "root": "uus"}], [{"lemma": "pilt", "form": "sg n", "ending": "0", "clitic": "", "start": 360, "root_tokens": ["pilt"], "_index_": 69, "end": 364, "partofspeech": "S", "root": "pilt"}], [{"lemma": "siin", "form": "", "ending": "0", "clitic": "", "start": 365, "root_tokens": ["siin"], "_index_": 70, "end": 369, "partofspeech": "D", "root": "siin"}], [{"lemma": "moskva", "form": "", "ending": "0", "clitic": "", "start": 371, "root_tokens": ["moskva"], "_index_": 71, "end": 377, "partofspeech": "G", "root": "moskva"}], [{"lemma": "spartak", "form": "sg n", "ending": "0", "clitic": "", "start": 378, "root_tokens": ["spartak"], "_index_": 72, "end": 385, "partofspeech": "S", "root": "spartak"}], [{"lemma": "vladimir", "form": "sg n", "ending": "0", "clitic": "", "start": 387, "root_tokens": ["vladimir"], "_index_": 73, "end": 395, "partofspeech": "S", "root": "vladimir"}], [{"lemma": "bõstrov", "form": "sg n", "ending": "0", "clitic": "", "start": 396, "root_tokens": ["bõstrov"], "_index_": 74, "end": 403, "partofspeech": "S", "root": "bõstrov"}], [{"lemma": "venemaa", "form": "", "ending": "0", "clitic": "", "start": 405, "root_tokens": ["vene", "maa"], "_index_": 75, "end": 412, "partofspeech": "G", "root": "vene_maa"}], [{"lemma": "(", "form": "", "ending": "", "clitic": "", "start": 413, "root_tokens": ["("], "_index_": 76, "end": 414, "partofspeech": "Z", "root": "("}], [{"lemma": "kuigi", "form": "", "ending": "0", "clitic": "", "start": 415, "root_tokens": ["kuigi"], "_index_": 77, "end": 420, "partofspeech": "D", "root": "kuigi"}, {"lemma": "kuigi", "form": "", "ending": "0", "clitic": "", "start": 415, "root_tokens": ["kuigi"], "_index_": 77, "end": 420, "partofspeech": "J", "root": "kuigi"}], [{"lemma": "jättama", "form": "b", "ending": "b", "clitic": "", "start": 421, "root_tokens": ["jätta"], "_index_": 78, "end": 427, "partofspeech": "V", "root": "jätta"}], [{"lemma": "mulje", "form": "sg n", "ending": "0", "clitic": "", "start": 428, "root_tokens": ["mulje"], "_index_": 79, "end": 433, "partofspeech": "S", "root": "mulje"}], [{"lemma": "nagu", "form": "", "ending": "0", "clitic": "", "start": 434, "root_tokens": ["nagu"], "_index_": 80, "end": 438, "partofspeech": "D", "root": "nagu"}, {"lemma": "nagu", "form": "", "ending": "0", "clitic": "", "start": 434, "root_tokens": ["nagu"], "_index_": 80, "end": 438, "partofspeech": "J", "root": "nagu"}], [{"lemma": "tegemine", "form": "sg p", "ending": "t", "clitic": "", "start": 439, "root_tokens": ["tegemine"], "_index_": 81, "end": 447, "partofspeech": "S", "root": "tegemine"}], [{"lemma": "olema", "form": "ks", "ending": "ks", "clitic": "", "start": 448, "root_tokens": ["ole"], "_index_": 82, "end": 453, "partofspeech": "V", "root": "ole"}], [{"lemma": "grusiin", "form": "sg kom", "ending": "ga", "clitic": "", "start": 454, "root_tokens": ["grusiin"], "_index_": 83, "end": 464, "partofspeech": "S", "root": "grusiin"}], [{"lemma": ")", "form": "", "ending": "", "clitic": "", "start": 465, "root_tokens": [")"], "_index_": 84, "end": 466, "partofspeech": "Z", "root": ")"}], [{"lemma": "K6ik", "form": "?", "ending": "0", "clitic": "", "start": 468, "root_tokens": ["K6ik"], "_index_": 85, "end": 472, "partofspeech": "Y", "root": "K6ik"}], [{"lemma": "vale", "form": "sg n", "ending": "0", "clitic": "", "start": 473, "root_tokens": ["vale"], "_index_": 86, "end": 477, "partofspeech": "S", "root": "vale"}], [{"lemma": ".", "form": "", "ending": "", "clitic": "", "start": 478, "root_tokens": ["."], "_index_": 87, "end": 479, "partofspeech": "Z", "root": "."}], [{"lemma": "Nu", "form": "?", "ending": "0", "clitic": "", "start": 481, "root_tokens": ["Nu"], "_index_": 88, "end": 483, "partofspeech": "Y", "root": "Nu"}], [{"lemma": "?", "form": "", "ending": "", "clitic": "", "start": 484, "root_tokens": ["?"], "_index_": 89, "end": 485, "partofspeech": "Z", "root": "?"}], [{"lemma": "Spartak", "form": "sg g", "ending": "0", "clitic": "", "start": 487, "root_tokens": ["Spartak"], "_index_": 90, "end": 495, "partofspeech": "H", "root": "Spartak"}, {"lemma": "Spartaki", "form": "sg g", "ending": "0", "clitic": "", "start": 487, "root_tokens": ["Spartaki"], "_index_": 90, "end": 495, "partofspeech": "H", "root": "Spartaki"}], [{"lemma": "kasvandik", "form": "sg n", "ending": "0", "clitic": "", "start": 496, "root_tokens": ["kasvandik"], "_index_": 91, "end": 505, "partofspeech": "S", "root": "kasvandik"}], [{"lemma": ".", "form": "", "ending": "", "clitic": "", "start": 506, "root_tokens": ["."], "_index_": 92, "end": 507, "partofspeech": "Z", "root": "."}], [{"lemma": "see", "form": "sg n", "ending": "0", "clitic": "", "start": 508, "root_tokens": ["see"], "_index_": 93, "end": 511, "partofspeech": "P", "root": "see"}], [{"lemma": "aasta", "form": "sg n", "ending": "0", "clitic": "", "start": 512, "root_tokens": ["aasta"], "_index_": 94, "end": 517, "partofspeech": "S", "root": "aasta"}], [{"lemma": "palju", "form": "", "ending": "0", "clitic": "", "start": 518, "root_tokens": ["palju"], "_index_": 95, "end": 523, "partofspeech": "D", "root": "palju"}], [{"lemma": "plats", "form": "sg all", "ending": "le", "clitic": "", "start": 524, "root_tokens": ["plats"], "_index_": 96, "end": 532, "partofspeech": "S", "root": "plats"}], [{"lemma": "ei", "form": "neg", "ending": "0", "clitic": "", "start": 533, "root_tokens": ["ei"], "_index_": 97, "end": 535, "partofspeech": "V", "root": "ei"}], [{"lemma": "saanud", "form": "", "ending": "0", "clitic": "", "start": 536, "root_tokens": ["saanud"], "_index_": 98, "end": 542, "partofspeech": "A", "root": "saa=nud"}, {"lemma": "saanud", "form": "sg n", "ending": "0", "clitic": "", "start": 536, "root_tokens": ["saanud"], "_index_": 98, "end": 542, "partofspeech": "A", "root": "saa=nud"}, {"lemma": "saanud", "form": "pl n", "ending": "d", "clitic": "", "start": 536, "root_tokens": ["saanud"], "_index_": 98, "end": 542, "partofspeech": "A", "root": "saa=nud"}, {"lemma": "saama", "form": "nud", "ending": "nud", "clitic": "", "start": 536, "root_tokens": ["saa"], "_index_": 98, "end": 542, "partofspeech": "V", "root": "saa"}], [{"lemma": ".", "form": "", "ending": "", "clitic": "", "start": 542, "root_tokens": ["."], "_index_": 99, "end": 543, "partofspeech": "Z", "root": "."}], [{"lemma": "P2rast", "form": "sg n", "ending": "0", "clitic": "", "start": 543, "root_tokens": ["P2rast"], "_index_": 100, "end": 549, "partofspeech": "H", "root": "P2rast"}], [{"lemma": "Bõstrov", "form": "sg g", "ending": "0", "clitic": "", "start": 550, "root_tokens": ["Bõstrov"], "_index_": 101, "end": 558, "partofspeech": "H", "root": "Bõstrov"}], [{"lemma": "ostmine", "form": "sg p", "ending": "t", "clitic": "", "start": 559, "root_tokens": ["ostmine"], "_index_": 102, "end": 566, "partofspeech": "S", "root": "ostmine"}], [{"lemma": "saama", "form": "s", "ending": "i", "clitic": "", "start": 567, "root_tokens": ["saa"], "_index_": 103, "end": 570, "partofspeech": "V", "root": "saa"}], [{"lemma": "tema", "form": "sg el", "ending": "st", "clitic": "", "start": 571, "root_tokens": ["tema"], "_index_": 104, "end": 577, "partofspeech": "P", "root": "tema"}], [{"lemma": "varumees", "form": "sg n", "ending": "0", "clitic": "", "start": 578, "root_tokens": ["varu", "mees"], "_index_": 105, "end": 586, "partofspeech": "S", "root": "varu_mees"}], [{"lemma": ".", "form": "", "ending": "", "clitic": "", "start": 587, "root_tokens": ["."], "_index_": 106, "end": 588, "partofspeech": "Z", "root": "."}], [{"lemma": "olema", "form": "b", "ending": "0", "clitic": "", "start": 590, "root_tokens": ["ole"], "_index_": 107, "end": 592, "partofspeech": "V", "root": "ole"}, {"lemma": "olema", "form": "vad", "ending": "0", "clitic": "", "start": 590, "root_tokens": ["ole"], "_index_": 107, "end": 592, "partofspeech": "V", "root": "ole"}], [{"lemma": "tema", "form": "sg g", "ending": "0", "clitic": "", "start": 593, "root_tokens": ["tema"], "_index_": 108, "end": 595, "partofspeech": "P", "root": "tema"}], [{"lemma": "venelane", "form": "sg n", "ending": "0", "clitic": "", "start": 596, "root_tokens": ["venelane"], "_index_": 109, "end": 604, "partofspeech": "S", "root": "venelane"}], [{"lemma": "w", "form": "?", "ending": "0", "clitic": "", "start": 605, "root_tokens": ["w"], "_index_": 110, "end": 606, "partofspeech": "Y", "root": "w"}], [{"lemma": "?", "form": "", "ending": "", "clitic": "", "start": 607, "root_tokens": ["?"], "_index_": 111, "end": 608, "partofspeech": "Z", "root": "?"}], [{"lemma": "mhm", "form": "", "ending": "0", "clitic": "", "start": 610, "root_tokens": ["mhm"], "_index_": 112, "end": 613, "partofspeech": "I", "root": "mhm"}], [{"lemma": ".", "form": "", "ending": "", "clitic": "", "start": 614, "root_tokens": ["."], "_index_": 113, "end": 615, "partofspeech": "Z", "root": "."}], [{"lemma": "just", "form": "", "ending": "0", "clitic": "", "start": 616, "root_tokens": ["just"], "_index_": 114, "end": 620, "partofspeech": "D", "root": "just"}, {"lemma": "just", "form": "", "ending": "0", "clitic": "", "start": 616, "root_tokens": ["just"], "_index_": 114, "end": 620, "partofspeech": "I", "root": "just"}], [{"lemma": "müüma", "form": "s", "ending": "s", "clitic": "", "start": 621, "root_tokens": ["müü"], "_index_": 115, "end": 625, "partofspeech": "V", "root": "müü"}], [{"lemma": "Spartak", "form": "sg n", "ending": "0", "clitic": "", "start": 626, "root_tokens": ["Spartak"], "_index_": 116, "end": 633, "partofspeech": "H", "root": "Spartak"}], [{"lemma": "tema", "form": "sg g", "ending": "0", "clitic": "", "start": 634, "root_tokens": ["tema"], "_index_": 117, "end": 636, "partofspeech": "P", "root": "tema"}], [{"lemma": "maha", "form": "", "ending": "0", "clitic": "", "start": 637, "root_tokens": ["maha"], "_index_": 118, "end": 641, "partofspeech": "D", "root": "maha"}], [{"lemma": ".", "form": "", "ending": "", "clitic": "", "start": 641, "root_tokens": ["."], "_index_": 119, "end": 642, "partofspeech": "Z", "root": "."}], [{"lemma": "R22gitakse", "form": "sg n", "ending": "0", "clitic": "", "start": 642, "root_tokens": ["R22gitakse"], "_index_": 120, "end": 652, "partofspeech": "H", "root": "R22gitakse"}], [{"lemma": ",", "form": "", "ending": "", "clitic": "", "start": 653, "root_tokens": [","], "_index_": 121, "end": 654, "partofspeech": "Z", "root": ","}], [{"lemma": "et", "form": "", "ending": "0", "clitic": "", "start": 655, "root_tokens": ["et"], "_index_": 122, "end": 657, "partofspeech": "J", "root": "et"}], [{"lemma": "tema", "form": "sg g", "ending": "0", "clitic": "", "start": 658, "root_tokens": ["tema"], "_index_": 123, "end": 662, "partofspeech": "P", "root": "tema"}], [{"lemma": "transfer", "form": "sg n", "ending": "0", "clitic": "", "start": 663, "root_tokens": ["transfer"], "_index_": 124, "end": 671, "partofspeech": "S", "root": "transfer"}], [{"lemma": "olema", "form": "s", "ending": "i", "clitic": "", "start": 672, "root_tokens": ["ole"], "_index_": 125, "end": 675, "partofspeech": "V", "root": "ole"}], [{"lemma": "üks", "form": "sg n", "ending": "0", "clitic": "", "start": 676, "root_tokens": ["üks"], "_index_": 126, "end": 679, "partofspeech": "N", "root": "üks"}, {"lemma": "üks", "form": "sg n", "ending": "0", "clitic": "", "start": 676, "root_tokens": ["üks"], "_index_": 126, "end": 679, "partofspeech": "P", "root": "üks"}], [{"lemma": "kallemai", "form": "pl n", "ending": "d", "clitic": "", "start": 680, "root_tokens": ["kalle", "mai"], "_index_": 127, "end": 689, "partofspeech": "S", "root": "kalle_mai"}], [{"lemma": "Venemaa", "form": "sg g", "ending": "0", "clitic": "", "start": 690, "root_tokens": ["Vene", "maa"], "_index_": 128, "end": 697, "partofspeech": "H", "root": "Vene_maa"}], [{"lemma": "liiga", "form": "sg in", "ending": "s", "clitic": "", "start": 698, "root_tokens": ["liiga"], "_index_": 129, "end": 704, "partofspeech": "S", "root": "liiga"}], [{"lemma": "(", "form": "", "ending": "", "clitic": "", "start": 705, "root_tokens": ["("], "_index_": 130, "end": 706, "partofspeech": "Z", "root": "("}], [{"lemma": "siseturg", "form": "sg ad", "ending": "l", "clitic": "", "start": 707, "root_tokens": ["sise", "turg"], "_index_": 131, "end": 716, "partofspeech": "S", "root": "sise_turg"}], [{"lemma": ")", "form": "", "ending": "", "clitic": "", "start": 717, "root_tokens": [")"], "_index_": 132, "end": 718, "partofspeech": "Z", "root": ")"}], [{"lemma": ".", "form": "", "ending": "", "clitic": "", "start": 719, "root_tokens": ["."], "_index_": 133, "end": 720, "partofspeech": "Z", "root": "."}], [{"lemma": "no", "form": "", "ending": "0", "clitic": "", "start": 722, "root_tokens": ["no"], "_index_": 134, "end": 724, "partofspeech": "I", "root": "no"}], [{"lemma": "kohe", "form": "", "ending": "0", "clitic": "", "start": 725, "root_tokens": ["kohe"], "_index_": 135, "end": 729, "partofspeech": "D", "root": "kohe"}], [{"lemma": "mitte", "form": "", "ending": "0", "clitic": "", "start": 730, "root_tokens": ["mitte"], "_index_": 136, "end": 735, "partofspeech": "D", "root": "mitte"}], [{"lemma": "ei", "form": "neg", "ending": "0", "clitic": "", "start": 736, "root_tokens": ["ei"], "_index_": 137, "end": 738, "partofspeech": "V", "root": "ei"}], [{"lemma": "teadma", "form": "o", "ending": "0", "clitic": "", "start": 739, "root_tokens": ["tead"], "_index_": 138, "end": 742, "partofspeech": "V", "root": "tead"}], [{"lemma": ",", "form": "", "ending": "", "clitic": "", "start": 743, "root_tokens": [","], "_index_": 139, "end": 744, "partofspeech": "Z", "root": ","}], [{"lemma": "kes", "form": "pl n", "ending": "0", "clitic": "", "start": 745, "root_tokens": ["kes"], "_index_": 140, "end": 748, "partofspeech": "P", "root": "kes"}, {"lemma": "kes", "form": "sg n", "ending": "0", "clitic": "", "start": 745, "root_tokens": ["kes"], "_index_": 140, "end": 748, "partofspeech": "P", "root": "kes"}], [{"lemma": "see", "form": "sg n", "ending": "0", "clitic": "", "start": 749, "root_tokens": ["see"], "_index_": 141, "end": 752, "partofspeech": "P", "root": "see"}], [{"lemma": "mees", "form": "sg n", "ending": "0", "clitic": "", "start": 753, "root_tokens": ["mees"], "_index_": 142, "end": 757, "partofspeech": "S", "root": "mees"}], [{"lemma": "olema", "form": "b", "ending": "0", "clitic": "", "start": 758, "root_tokens": ["ole"], "_index_": 143, "end": 760, "partofspeech": "V", "root": "ole"}, {"lemma": "olema", "form": "vad", "ending": "0", "clitic": "", "start": 758, "root_tokens": ["ole"], "_index_": 143, "end": 760, "partofspeech": "V", "root": "ole"}], [{"lemma": "kes", "form": "pl n", "ending": "0", "clitic": "", "start": 762, "root_tokens": ["kes"], "_index_": 144, "end": 765, "partofspeech": "P", "root": "kes"}, {"lemma": "kes", "form": "sg n", "ending": "0", "clitic": "", "start": 762, "root_tokens": ["kes"], "_index_": 144, "end": 765, "partofspeech": "P", "root": "kes"}], [{"lemma": "esimene", "form": "sg es", "ending": "na", "clitic": "", "start": 766, "root_tokens": ["esimene"], "_index_": 145, "end": 775, "partofspeech": "O", "root": "esimene"}], [{"lemma": "postitama", "form": "b", "ending": "b", "clitic": "", "start": 776, "root_tokens": ["postita"], "_index_": 146, "end": 784, "partofspeech": "V", "root": "postita"}], [{"lemma": ",", "form": "", "ending": "", "clitic": "", "start": 785, "root_tokens": [","], "_index_": 147, "end": 786, "partofspeech": "Z", "root": ","}], [{"lemma": "v6ib", "form": "?", "ending": "0", "clitic": "", "start": 787, "root_tokens": ["v6ib"], "_index_": 148, "end": 791, "partofspeech": "Y", "root": "v6ib"}], [{"lemma": "ka", "form": "", "ending": "0", "clitic": "", "start": 792, "root_tokens": ["ka"], "_index_": 149, "end": 794, "partofspeech": "D", "root": "ka"}], [{"lemma": "uus", "form": "sg g", "ending": "0", "clitic": "", "start": 795, "root_tokens": ["uus"], "_index_": 150, "end": 798, "partofspeech": "A", "root": "uus"}], [{"lemma": "pilt", "form": "sg g", "ending": "0", "clitic": "", "start": 799, "root_tokens": ["pilt"], "_index_": 151, "end": 804, "partofspeech": "S", "root": "pilt"}], [{"lemma": "panema", "form": "da", "ending": "a", "clitic": "", "start": 805, "root_tokens": ["pane"], "_index_": 152, "end": 810, "partofspeech": "V", "root": "pane"}], [{"lemma": ".", "form": "", "ending": "", "clitic": "", "start": 811, "root_tokens": ["."], "_index_": 153, "end": 812, "partofspeech": "Z", "root": "."}], [{"lemma": "samedov", "form": "sg n", "ending": "0", "clitic": "", "start": 814, "root_tokens": ["samedov"], "_index_": 154, "end": 821, "partofspeech": "S", "root": "samedov"}], [{"lemma": "venemaa", "form": "", "ending": "0", "clitic": "", "start": 823, "root_tokens": ["vene", "maa"], "_index_": 155, "end": 830, "partofspeech": "G", "root": "vene_maa"}], [{"lemma": "ok", "form": "?", "ending": "0", "clitic": "", "start": 832, "root_tokens": ["ok"], "_index_": 156, "end": 834, "partofspeech": "Y", "root": "ok"}], [{"lemma": "mina", "form": "sg n", "ending": "0", "clitic": "", "start": 835, "root_tokens": ["mina"], "_index_": 157, "end": 837, "partofspeech": "P", "root": "mina"}], [{"lemma": "panema", "form": "n", "ending": "n", "clitic": "", "start": 838, "root_tokens": ["pane"], "_index_": 158, "end": 843, "partofspeech": "V", "root": "pane"}], [{"lemma": "siis", "form": "", "ending": "0", "clitic": "", "start": 844, "root_tokens": ["siis"], "_index_": 159, "end": 848, "partofspeech": "D", "root": "siis"}], [{"lemma": "uus", "form": "sg g", "ending": "0", "clitic": "", "start": 849, "root_tokens": ["uus"], "_index_": 160, "end": 852, "partofspeech": "A", "root": "uus"}], [{"lemma": "kehv", "form": "sg n", "ending": "0", "clitic": "", "start": 854, "root_tokens": ["kehv"], "_index_": 161, "end": 858, "partofspeech": "A", "root": "kehv"}], [{"lemma": "pilt", "form": "sg n", "ending": "0", "clitic": "", "start": 859, "root_tokens": ["pilt"], "_index_": 162, "end": 863, "partofspeech": "S", "root": "pilt"}], [{"lemma": ".", "form": "", "ending": "", "clitic": "", "start": 864, "root_tokens": ["."], "_index_": 163, "end": 865, "partofspeech": "Z", "root": "."}], [{"lemma": "John", "form": "sg n", "ending": "0", "clitic": "", "start": 867, "root_tokens": ["John"], "_index_": 164, "end": 871, "partofspeech": "H", "root": "John"}], [{"lemma": "Hartson", "form": "sg n", "ending": "0", "clitic": "", "start": 872, "root_tokens": ["Hartson"], "_index_": 165, "end": 879, "partofspeech": "H", "root": "Hartson"}], [{"lemma": "Celtic", "form": "sg n", "ending": "0", "clitic": "", "start": 881, "root_tokens": ["Celtic"], "_index_": 166, "end": 887, "partofspeech": "H", "root": "Celtic"}], [{"lemma": "Wales", "form": "sg n", "ending": "0", "clitic": "", "start": 889, "root_tokens": ["Wales"], "_index_": 167, "end": 894, "partofspeech": "H", "root": "Wales"}], [{"lemma": "jne", "form": "?", "ending": "0", "clitic": "", "start": 896, "root_tokens": ["jne"], "_index_": 168, "end": 899, "partofspeech": "Y", "root": "jne"}], [{"lemma": "vist", "form": "", "ending": "0", "clitic": "", "start": 901, "root_tokens": ["vist"], "_index_": 169, "end": 905, "partofspeech": "D", "root": "vist"}], [{"lemma": "sry", "form": "?", "ending": "0", "clitic": "", "start": 907, "root_tokens": ["sry"], "_index_": 170, "end": 910, "partofspeech": "Y", "root": "sry"}], [{"lemma": "et", "form": "", "ending": "0", "clitic": "", "start": 911, "root_tokens": ["et"], "_index_": 171, "end": 913, "partofspeech": "J", "root": "et"}], [{"lemma": "selline", "form": "sg n", "ending": "0", "clitic": "", "start": 914, "root_tokens": ["selline"], "_index_": 172, "end": 921, "partofspeech": "P", "root": "selline"}], [{"lemma": "tulema", "form": "s", "ending": "i", "clitic": "", "start": 922, "root_tokens": ["tule"], "_index_": 173, "end": 926, "partofspeech": "V", "root": "tule"}], [{"lemma": "aga", "form": "", "ending": "0", "clitic": "", "start": 927, "root_tokens": ["aga"], "_index_": 174, "end": 930, "partofspeech": "J", "root": "aga"}], [{"lemma": "õige", "form": "sg n", "ending": "0", "clitic": "", "start": 931, "root_tokens": ["õige"], "_index_": 175, "end": 935, "partofspeech": "A", "root": "õige"}], [{"lemma": "vastus", "form": "sg n", "ending": "0", "clitic": "", "start": 936, "root_tokens": ["vastus"], "_index_": 176, "end": 942, "partofspeech": "S", "root": "vastus"}], [{"lemma": "olema", "form": "b", "ending": "0", "clitic": "", "start": 943, "root_tokens": ["ole"], "_index_": 177, "end": 945, "partofspeech": "V", "root": "ole"}, {"lemma": "olema", "form": "vad", "ending": "0", "clitic": "", "start": 943, "root_tokens": ["ole"], "_index_": 177, "end": 945, "partofspeech": "V", "root": "ole"}], [{"lemma": "jay-jay", "form": "sg g", "ending": "0", "clitic": "", "start": 947, "root_tokens": ["jay", "jay"], "_index_": 178, "end": 954, "partofspeech": "S", "root": "jay-jay"}], [{"lemma": "okocha", "form": "sg n", "ending": "0", "clitic": "", "start": 955, "root_tokens": ["okocha"], "_index_": 179, "end": 961, "partofspeech": "S", "root": "okocha"}], [{"lemma": "nigeeria", "form": "", "ending": "0", "clitic": "", "start": 963, "root_tokens": ["nigeeria"], "_index_": 180, "end": 971, "partofspeech": "G", "root": "nigeeria"}], [{"lemma": "bolton", "form": "sg n", "ending": "0", "clitic": "", "start": 973, "root_tokens": ["bolton"], "_index_": 181, "end": 979, "partofspeech": "S", "root": "bolton"}], [{"lemma": "olema", "form": "b", "ending": "0", "clitic": "", "start": 981, "root_tokens": ["ole"], "_index_": 182, "end": 983, "partofspeech": "V", "root": "ole"}, {"lemma": "olema", "form": "vad", "ending": "0", "clitic": "", "start": 981, "root_tokens": ["ole"], "_index_": 182, "end": 983, "partofspeech": "V", "root": "ole"}], [{"lemma": "?", "form": "", "ending": "", "clitic": "", "start": 984, "root_tokens": ["?"], "_index_": 183, "end": 985, "partofspeech": "Z", "root": "?"}], [{"lemma": "mina", "form": "sg g", "ending": "0", "clitic": "", "start": 986, "root_tokens": ["mina"], "_index_": 184, "end": 990, "partofspeech": "P", "root": "mina"}], [{"lemma": "andmed", "form": "pl ad", "ending": "tel", "clitic": "", "start": 991, "root_tokens": ["andmed"], "_index_": 185, "end": 999, "partofspeech": "S", "root": "andmed"}], [{"lemma": "mitte", "form": "", "ending": "0", "clitic": "", "start": 1000, "root_tokens": ["mitte"], "_index_": 186, "end": 1005, "partofspeech": "D", "root": "mitte"}], [{"lemma": ".", "form": "", "ending": "", "clitic": "", "start": 1006, "root_tokens": ["."], "_index_": 187, "end": 1007, "partofspeech": "Z", "root": "."}], [{"lemma": "Aghahowa", "form": "sg n", "ending": "0", "clitic": "", "start": 1009, "root_tokens": ["Aghahowa"], "_index_": 188, "end": 1017, "partofspeech": "H", "root": "Aghahowa"}], [{"lemma": "Julius", "form": "sg n", "ending": "0", "clitic": "", "start": 1018, "root_tokens": ["Julius"], "_index_": 189, "end": 1024, "partofspeech": "H", "root": "Julius"}], [{"lemma": "Nigeeria", "form": "sg g", "ending": "0", "clitic": "", "start": 1026, "root_tokens": ["Nigeeria"], "_index_": 190, "end": 1034, "partofspeech": "H", "root": "Nigeeria"}], [{"lemma": "Donetsk", "form": "sg n", "ending": "0", "clitic": "", "start": 1036, "root_tokens": ["Donetsk"], "_index_": 191, "end": 1043, "partofspeech": "H", "root": "Donetsk"}], [{"lemma": "šahtar", "form": "sg n", "ending": "0", "clitic": "", "start": 1044, "root_tokens": ["šahtar"], "_index_": 192, "end": 1050, "partofspeech": "S", "root": "šahtar"}]], "parent": "words", "name": "morph_analysis", "_base": "words", "ambiguous": true, "enveloping": null, "attributes": ["lemma", "root", "root_tokens", "ending", "clitic", "form", "partofspeech"]}, {"spans": [[{"lemma": "Gerald", "form": "Sg Nom", "ending": "0", "clitic": "", "start": 0, "root_tokens": ["Gerald"], "_index_": 0, "end": 6, "partofspeech": "H", "root": "Gerald"}], [{"lemma": ".", "form": "", "ending": "", "clitic": "", "start": 7, "root_tokens": ["."], "_index_": 1, "end": 8, "partofspeech": "Z", "root": "."}], [{"lemma": "Hispaania", "form": "Sg Nom", "ending": "0", "clitic": "", "start": 9, "root_tokens": ["Hispaania"], "_index_": 2, "end": 18, "partofspeech": "H", "root": "Hispaania"}], [{"lemma": ".", "form": "", "ending": "", "clitic": "", "start": 19, "root_tokens": ["."], "_index_": 3, "end": 20, "partofspeech": "Z", "root": "."}], [{"lemma": "Barca", "form": "Sg Nom", "ending": "0", "clitic": "", "start": 21, "root_tokens": ["Barca"], "_index_": 4, "end": 26, "partofspeech": "H", "root": "Barca"}], [{"lemma": "?", "form": "", "ending": "", "clitic": "", "start": 27, "root_tokens": ["?"], "_index_": 5, "end": 28, "partofspeech": "Z", "root": "?"}], [{"lemma": "tema", "form": "Sg Ade", "ending": "l", "clitic": "", "start": 30, "root_tokens": ["tema"], "_index_": 6, "end": 33, "partofspeech": "P", "root": "tema"}], [{"lemma": "olema", "form": "Pers Prs Ind Sg 3 Aff", "ending": "0", "clitic": "", "start": 34, "root_tokens": ["ole"], "_index_": 7, "end": 36, "partofspeech": "V", "root": "ole"}, {"lemma": "olema", "form": "Pers Prs Ind Pl 3 Aff", "ending": "0", "clitic": "", "start": 34, "root_tokens": ["ole"], "_index_": 7, "end": 36, "partofspeech": "V", "root": "ole"}], [{"lemma": "nüüd", "form": "", "ending": "0", "clitic": "", "start": 37, "root_tokens": ["nüüd"], "_index_": 8, "end": 41, "partofspeech": "D", "root": "nüüd"}], [{"lemma": "teine", "form": "Sg Nom", "ending": "0", "clitic": "", "start": 42, "root_tokens": ["teine"], "_index_": 9, "end": 47, "partofspeech": "O", "root": "teine"}, {"lemma": "teine", "form": "Sg Nom", "ending": "0", "clitic": "", "start": 42, "root_tokens": ["teine"], "_index_": 9, "end": 47, "partofspeech": "P", "root": "teine"}], [{"lemma": "klubi", "form": "Sg Nom", "ending": "0", "clitic": "", "start": 48, "root_tokens": ["klubi"], "_index_": 10, "end": 53, "partofspeech": "S", "root": "klubi"}], [{"lemma": "Mala", "form": "Sg Com", "ending": "ga", "clitic": "", "start": 55, "root_tokens": ["Mala"], "_index_": 11, "end": 61, "partofspeech": "H", "root": "Mala"}], [{"lemma": "?", "form": "", "ending": "", "clitic": "", "start": 62, "root_tokens": ["?"], "_index_": 12, "end": 63, "partofspeech": "Z", "root": "?"}], [{"lemma": "ei", "form": "Neg", "ending": "0", "clitic": "", "start": 65, "root_tokens": ["ei"], "_index_": 13, "end": 67, "partofspeech": "V", "root": "ei"}], [{"lemma": "olema", "form": "Pers Prs Ind Neg", "ending": "0", "clitic": "", "start": 68, "root_tokens": ["ole"], "_index_": 14, "end": 71, "partofspeech": "V", "root": "ole"}], [{"lemma": "tegemine", "form": "Sg Par", "ending": "t", "clitic": "", "start": 73, "root_tokens": ["tegemine"], "_index_": 15, "end": 81, "partofspeech": "S", "root": "tegemine"}], [{"lemma": "olema", "form": "Pers Prs Ind Sg 3 Aff", "ending": "0", "clitic": "", "start": 82, "root_tokens": ["ole"], "_index_": 16, "end": 84, "partofspeech": "V", "root": "ole"}, {"lemma": "olema", "form": "Pers Prs Ind Pl 3 Aff", "ending": "0", "clitic": "", "start": 82, "root_tokens": ["ole"], "_index_": 16, "end": 84, "partofspeech": "V", "root": "ole"}], [{"lemma": "üks", "form": "Sg Gen", "ending": "0", "clitic": "", "start": 85, "root_tokens": ["üks"], "_index_": 17, "end": 88, "partofspeech": "N", "root": "üks"}, {"lemma": "üks", "form": "Sg Gen", "ending": "0", "clitic": "", "start": 85, "root_tokens": ["üks"], "_index_": 17, "end": 88, "partofspeech": "P", "root": "üks"}], [{"lemma": "prantsuse", "form": "", "ending": "0", "clitic": "", "start": 89, "root_tokens": ["prantsuse"], "_index_": 18, "end": 98, "partofspeech": "G", "root": "prantsuse"}], [{"lemma": "klubi", "form": "Sg Com", "ending": "ga", "clitic": "", "start": 99, "root_tokens": ["klubi"], "_index_": 19, "end": 106, "partofspeech": "S", "root": "klubi"}], [{"lemma": "kui", "form": "", "ending": "0", "clitic": "", "start": 108, "root_tokens": ["kui"], "_index_": 20, "end": 111, "partofspeech": "D", "root": "kui"}, {"lemma": "kui", "form": "", "ending": "0", "clitic": "", "start": 108, "root_tokens": ["kui"], "_index_": 20, "end": 111, "partofspeech": "J", "root": "kui"}], [{"lemma": "mina", "form": "Sg Nom", "ending": "0", "clitic": "", "start": 112, "root_tokens": ["mina"], "_index_": 21, "end": 114, "partofspeech": "P", "root": "mina"}], [{"lemma": "ei", "form": "Neg", "ending": "0", "clitic": "", "start": 115, "root_tokens": ["ei"], "_index_": 22, "end": 117, "partofspeech": "V", "root": "ei"}], [{"lemma": "eksima", "form": "Pers Prs Ind Neg", "ending": "0", "clitic": "", "start": 118, "root_tokens": ["eksi"], "_index_": 23, "end": 122, "partofspeech": "V", "root": "eksi"}], [{"lemma": "siis", "form": "", "ending": "0", "clitic": "", "start": 123, "root_tokens": ["siis"], "_index_": 24, "end": 127, "partofspeech": "D", "root": "siis"}], [{"lemma": "Monaco", "form": "Sg Gen", "ending": "0", "clitic": "", "start": 128, "root_tokens": ["Monaco"], "_index_": 25, "end": 134, "partofspeech": "H", "root": "Monaco"}], [{"lemma": "olema", "form": "Pers Prs Ind Sg 3 Aff", "ending": "0", "clitic": "", "start": 135, "root_tokens": ["ole"], "_index_": 26, "end": 137, "partofspeech": "V", "root": "ole"}, {"lemma": "olema", "form": "Pers Prs Ind Pl 3 Aff", "ending": "0", "clitic": "", "start": 135, "root_tokens": ["ole"], "_index_": 26, "end": 137, "partofspeech": "V", "root": "ole"}], [{"lemma": "tema", "form": "Sg Gen", "ending": "0", "clitic": "", "start": 138, "root_tokens": ["tema"], "_index_": 27, "end": 142, "partofspeech": "P", "root": "tema"}], [{"lemma": "uus", "form": "Sg Nom", "ending": "0", "clitic": "", "start": 143, "root_tokens": ["uus"], "_index_": 28, "end": 146, "partofspeech": "A", "root": "uus"}], [{"lemma": "klubi", "form": "Sg Nom", "ending": "0", "clitic": "", "start": 147, "root_tokens": ["klubi"], "_index_": 29, "end": 152, "partofspeech": "S", "root": "klubi"}], [{"lemma": "õige", "form": "Sg Nom", "ending": "0", "clitic": "", "start": 154, "root_tokens": ["õige"], "_index_": 30, "end": 158, "partofspeech": "A", "root": "õige"}], [{"lemma": "jens", "form": "Sg Nom", "ending": "0", "clitic": "", "start": 160, "root_tokens": ["jens"], "_index_": 31, "end": 164, "partofspeech": "S", "root": "jens"}], [{"lemma": "nowotny", "form": "Sg Nom", "ending": "0", "clitic": "", "start": 165, "root_tokens": ["nowotny"], "_index_": 32, "end": 172, "partofspeech": "S", "root": "nowotny"}], [{"lemma": ".", "form": "", "ending": "", "clitic": "", "start": 173, "root_tokens": ["."], "_index_": 33, "end": 174, "partofspeech": "Z", "root": "."}], [{"lemma": "bayer", "form": "Sg Nom", "ending": "0", "clitic": "", "start": 176, "root_tokens": ["bayer"], "_index_": 34, "end": 181, "partofspeech": "S", "root": "bayer"}], [{"lemma": "saksa", "form": "", "ending": "0", "clitic": "", "start": 183, "root_tokens": ["saksa"], "_index_": 35, "end": 188, "partofspeech": "G", "root": "saksa"}], [{"lemma": "Njaa", "form": "Sg Nom", "ending": "0", "clitic": "", "start": 190, "root_tokens": ["Njaa"], "_index_": 36, "end": 194, "partofspeech": "H", "root": "Njaa"}], [{"lemma": ",", "form": "", "ending": "", "clitic": "", "start": 195, "root_tokens": [","], "_index_": 37, "end": 196, "partofspeech": "Z", "root": ","}], [{"lemma": "kas", "form": "", "ending": "0", "clitic": "", "start": 197, "root_tokens": ["kas"], "_index_": 38, "end": 200, "partofspeech": "D", "root": "kas"}], [{"lemma": "nüüd", "form": "", "ending": "0", "clitic": "", "start": 201, "root_tokens": ["nüüd"], "_index_": 39, "end": 205, "partofspeech": "D", "root": "nüüd"}], [{"lemma": "olema", "form": "Pers Prs Ind Sg 3 Aff", "ending": "0", "clitic": "", "start": 206, "root_tokens": ["ole"], "_index_": 40, "end": 208, "partofspeech": "V", "root": "ole"}, {"lemma": "olema", "form": "Pers Prs Ind Pl 3 Aff", "ending": "0", "clitic": "", "start": 206, "root_tokens": ["ole"], "_index_": 40, "end": 208, "partofspeech": "V", "root": "ole"}], [{"lemma": "uus", "form": "Pl Nom", "ending": "d", "clitic": "", "start": 209, "root_tokens": ["uus"], "_index_": 41, "end": 213, "partofspeech": "A", "root": "uus"}], [{"lemma": "reegel", "form": "Pl Nom", "ending": "d", "clitic": "", "start": 214, "root_tokens": ["reegel"], "_index_": 42, "end": 221, "partofspeech": "S", "root": "reegel"}], [{"lemma": "?", "form": "", "ending": "", "clitic": "", "start": 222, "root_tokens": ["?"], "_index_": 43, "end": 223, "partofspeech": "Z", "root": "?"}], [{"lemma": "enam", "form": "", "ending": "0", "clitic": "", "start": 225, "root_tokens": ["enam"], "_index_": 44, "end": 229, "partofspeech": "D", "root": "enam"}], [{"lemma": "ei", "form": "Neg", "ending": "0", "clitic": "", "start": 230, "root_tokens": ["ei"], "_index_": 45, "end": 232, "partofspeech": "V", "root": "ei"}], [{"lemma": "olema", "form": "Pers Prs Ind Neg", "ending": "0", "clitic": "", "start": 233, "root_tokens": ["ole"], "_index_": 46, "end": 236, "partofspeech": "V", "root": "ole"}], [{"lemma": "nii", "form": "", "ending": "0", "clitic": "", "start": 237, "root_tokens": ["nii"], "_index_": 47, "end": 240, "partofspeech": "D", "root": "nii"}], [{"lemma": ",", "form": "", "ending": "", "clitic": "", "start": 241, "root_tokens": [","], "_index_": 48, "end": 242, "partofspeech": "Z", "root": ","}], [{"lemma": "et", "form": "", "ending": "0", "clitic": "", "start": 243, "root_tokens": ["et"], "_index_": 49, "end": 245, "partofspeech": "J", "root": "et"}], [{"lemma": "uus", "form": "Sg Gen", "ending": "0", "clitic": "", "start": 246, "root_tokens": ["uus"], "_index_": 50, "end": 249, "partofspeech": "A", "root": "uus"}], [{"lemma": "pilt", "form": "Sg Gen", "ending": "0", "clitic": "", "start": 250, "root_tokens": ["pilt"], "_index_": 51, "end": 255, "partofspeech": "S", "root": "pilt"}], [{"lemma": "panema", "form": "Pers Prs Ind Sg 3 Aff", "ending": "b", "clitic": "", "start": 256, "root_tokens": ["pane"], "_index_": 52, "end": 261, "partofspeech": "V", "root": "pane"}], [{"lemma": "vana", "form": "Sg Gen", "ending": "0", "clitic": "", "start": 262, "root_tokens": ["vana"], "_index_": 53, "end": 266, "partofspeech": "A", "root": "vana"}], [{"lemma": "pilt", "form": "Sg Gen", "ending": "0", "clitic": "", "start": 267, "root_tokens": ["pilt"], "_index_": 54, "end": 272, "partofspeech": "S", "root": "pilt"}], [{"lemma": "äraarvaja", "form": "Sg Nom", "ending": "0", "clitic": "", "start": 273, "root_tokens": ["ära", "arvaja"], "_index_": 55, "end": 282, "partofspeech": "S", "root": "ära_arva=ja"}], [{"lemma": "?", "form": "", "ending": "", "clitic": "", "start": 283, "root_tokens": ["?"], "_index_": 56, "end": 284, "partofspeech": "Z", "root": "?"}], [{"lemma": "Normaljok", "form": "Sg Nom", "ending": "0", "clitic": "", "start": 286, "root_tokens": ["Normaljok"], "_index_": 57, "end": 295, "partofspeech": "H", "root": "Normaljok"}], [{"lemma": "...", "form": "", "ending": "", "clitic": "", "start": 296, "root_tokens": ["..."], "_index_": 58, "end": 299, "partofspeech": "Z", "root": "..."}], [{"lemma": "kui", "form": "", "ending": "0", "clitic": "", "start": 301, "root_tokens": ["kui"], "_index_": 59, "end": 304, "partofspeech": "D", "root": "kui"}, {"lemma": "kui", "form": "", "ending": "0", "clitic": "", "start": 301, "root_tokens": ["kui"], "_index_": 59, "end": 304, "partofspeech": "J", "root": "kui"}], [{"lemma": "keegi", "form": "Sg Nom", "ending": "0", "clitic": "", "start": 305, "root_tokens": ["keegi"], "_index_": 60, "end": 310, "partofspeech": "P", "root": "keegi"}], [{"lemma": "siiski", "form": "", "ending": "0", "clitic": "", "start": 311, "root_tokens": ["siiski"], "_index_": 61, "end": 317, "partofspeech": "D", "root": "siiski"}], [{"lemma": "aksepteerima", "form": "Pers Prs Ind Sg 3 Aff", "ending": "b", "clitic": "", "start": 318, "root_tokens": ["aksepteeri"], "_index_": 62, "end": 329, "partofspeech": "V", "root": "aksepteeri"}], [{"lemma": "mina", "form": "Sg Gen", "ending": "0", "clitic": "", "start": 330, "root_tokens": ["mina"], "_index_": 63, "end": 334, "partofspeech": "P", "root": "mina"}], [{"lemma": "6ige", "form": "Sg Par", "ending": "t", "clitic": "", "start": 335, "root_tokens": ["6", "ige"], "_index_": 64, "end": 340, "partofspeech": "S", "root": "6_ige"}], [{"lemma": "vastus", "form": "Sg Par", "ending": "t", "clitic": "", "start": 341, "root_tokens": ["vastus"], "_index_": 65, "end": 348, "partofspeech": "S", "root": "vastus"}], [{"lemma": ",", "form": "", "ending": "", "clitic": "", "start": 349, "root_tokens": [","], "_index_": 66, "end": 350, "partofspeech": "Z", "root": ","}], [{"lemma": "siis", "form": "", "ending": "0", "clitic": "", "start": 351, "root_tokens": ["siis"], "_index_": 67, "end": 355, "partofspeech": "J", "root": "siis"}], [{"lemma": "uus", "form": "Sg Nom", "ending": "0", "clitic": "", "start": 356, "root_tokens": ["uus"], "_index_": 68, "end": 359, "partofspeech": "A", "root": "uus"}], [{"lemma": "pilt", "form": "Sg Nom", "ending": "0", "clitic": "", "start": 360, "root_tokens": ["pilt"], "_index_": 69, "end": 364, "partofspeech": "S", "root": "pilt"}], [{"lemma": "siin", "form": "", "ending": "0", "clitic": "", "start": 365, "root_tokens": ["siin"], "_index_": 70, "end": 369, "partofspeech": "D", "root": "siin"}], [{"lemma": "moskva", "form": "", "ending": "0", "clitic": "", "start": 371, "root_tokens": ["moskva"], "_index_": 71, "end": 377, "partofspeech": "G", "root": "moskva"}], [{"lemma": "spartak", "form": "Sg Nom", "ending": "0", "clitic": "", "start": 378, "root_tokens": ["spartak"], "_index_": 72, "end": 385, "partofspeech": "S", "root": "spartak"}], [{"lemma": "vladimir", "form": "Sg Nom", "ending": "0", "clitic": "", "start": 387, "root_tokens": ["vladimir"], "_index_": 73, "end": 395, "partofspeech": "S", "root": "vladimir"}], [{"lemma": "bõstrov", "form": "Sg Nom", "ending": "0", "clitic": "", "start": 396, "root_tokens": ["bõstrov"], "_index_": 74, "end": 403, "partofspeech": "S", "root": "bõstrov"}], [{"lemma": "venemaa", "form": "", "ending": "0", "clitic": "", "start": 405, "root_tokens": ["vene", "maa"], "_index_": 75, "end": 412, "partofspeech": "G", "root": "vene_maa"}], [{"lemma": "(", "form": "", "ending": "", "clitic": "", "start": 413, "root_tokens": ["("], "_index_": 76, "end": 414, "partofspeech": "Z", "root": "("}], [{"lemma": "kuigi", "form": "", "ending": "0", "clitic": "", "start": 415, "root_tokens": ["kuigi"], "_index_": 77, "end": 420, "partofspeech": "D", "root": "kuigi"}, {"lemma": "kuigi", "form": "", "ending": "0", "clitic": "", "start": 415, "root_tokens": ["kuigi"], "_index_": 77, "end": 420, "partofspeech": "J", "root": "kuigi"}], [{"lemma": "jättama", "form": "Pers Prs Ind Sg 3 Aff", "ending": "b", "clitic": "", "start": 421, "root_tokens": ["jätta"], "_index_": 78, "end": 427, "partofspeech": "V", "root": "jätta"}], [{"lemma": "mulje", "form": "Sg Nom", "ending": "0", "clitic": "", "start": 428, "root_tokens": ["mulje"], "_index_": 79, "end": 433, "partofspeech": "S", "root": "mulje"}], [{"lemma": "nagu", "form": "", "ending": "0", "clitic": "", "start": 434, "root_tokens": ["nagu"], "_index_": 80, "end": 438, "partofspeech": "D", "root": "nagu"}, {"lemma": "nagu", "form": "", "ending": "0", "clitic": "", "start": 434, "root_tokens": ["nagu"], "_index_": 80, "end": 438, "partofspeech": "J", "root": "nagu"}], [{"lemma": "tegemine", "form": "Sg Par", "ending": "t", "clitic": "", "start": 439, "root_tokens": ["tegemine"], "_index_": 81, "end": 447, "partofspeech": "S", "root": "tegemine"}], [{"lemma": "olema", "form": "Pers Prs Cond", "ending": "ks", "clitic": "", "start": 448, "root_tokens": ["ole"], "_index_": 82, "end": 453, "partofspeech": "V", "root": "ole"}], [{"lemma": "grusiin", "form": "Sg Com", "ending": "ga", "clitic": "", "start": 454, "root_tokens": ["grusiin"], "_index_": 83, "end": 464, "partofspeech": "S", "root": "grusiin"}], [{"lemma": ")", "form": "", "ending": "", "clitic": "", "start": 465, "root_tokens": [")"], "_index_": 84, "end": 466, "partofspeech": "Z", "root": ")"}], [{"lemma": "K6ik", "form": "?", "ending": "0", "clitic": "", "start": 468, "root_tokens": ["K6ik"], "_index_": 85, "end": 472, "partofspeech": "Y", "root": "K6ik"}], [{"lemma": "vale", "form": "Sg Nom", "ending": "0", "clitic": "", "start": 473, "root_tokens": ["vale"], "_index_": 86, "end": 477, "partofspeech": "S", "root": "vale"}], [{"lemma": ".", "form": "", "ending": "", "clitic": "", "start": 478, "root_tokens": ["."], "_index_": 87, "end": 479, "partofspeech": "Z", "root": "."}], [{"lemma": "Nu", "form": "?", "ending": "0", "clitic": "", "start": 481, "root_tokens": ["Nu"], "_index_": 88, "end": 483, "partofspeech": "Y", "root": "Nu"}], [{"lemma": "?", "form": "", "ending": "", "clitic": "", "start": 484, "root_tokens": ["?"], "_index_": 89, "end": 485, "partofspeech": "Z", "root": "?"}], [{"lemma": "Spartak", "form": "Sg Gen", "ending": "0", "clitic": "", "start": 487, "root_tokens": ["Spartak"], "_index_": 90, "end": 495, "partofspeech": "H", "root": "Spartak"}, {"lemma": "Spartaki", "form": "Sg Gen", "ending": "0", "clitic": "", "start": 487, "root_tokens": ["Spartaki"], "_index_": 90, "end": 495, "partofspeech": "H", "root": "Spartaki"}], [{"lemma": "kasvandik", "form": "Sg Nom", "ending": "0", "clitic": "", "start": 496, "root_tokens": ["kasvandik"], "_index_": 91, "end": 505, "partofspeech": "S", "root": "kasvandik"}], [{"lemma": ".", "form": "", "ending": "", "clitic": "", "start": 506, "root_tokens": ["."], "_index_": 92, "end": 507, "partofspeech": "Z", "root": "."}], [{"lemma": "see", "form": "Sg Nom", "ending": "0", "clitic": "", "start": 508, "root_tokens": ["see"], "_index_": 93, "end": 511, "partofspeech": "P", "root": "see"}], [{"lemma": "aasta", "form": "Sg Nom", "ending": "0", "clitic": "", "start": 512, "root_tokens": ["aasta"], "_index_": 94, "end": 517, "partofspeech": "S", "root": "aasta"}], [{"lemma": "palju", "form": "", "ending": "0", "clitic": "", "start": 518, "root_tokens": ["palju"], "_index_": 95, "end": 523, "partofspeech": "D", "root": "palju"}], [{"lemma": "plats", "form": "Sg All", "ending": "le", "clitic": "", "start": 524, "root_tokens": ["plats"], "_index_": 96, "end": 532, "partofspeech": "S", "root": "plats"}], [{"lemma": "ei", "form": "Neg", "ending": "0", "clitic": "", "start": 533, "root_tokens": ["ei"], "_index_": 97, "end": 535, "partofspeech": "V", "root": "ei"}], [{"lemma": "saanud", "form": "", "ending": "0", "clitic": "", "start": 536, "root_tokens": ["saanud"], "_index_": 98, "end": 542, "partofspeech": "A", "root": "saa=nud"}, {"lemma": "saanud", "form": "Sg Nom", "ending": "0", "clitic": "", "start": 536, "root_tokens": ["saanud"], "_index_": 98, "end": 542, "partofspeech": "A", "root": "saa=nud"}, {"lemma": "saanud", "form": "Pl Nom", "ending": "d", "clitic": "", "start": 536, "root_tokens": ["saanud"], "_index_": 98, "end": 542, "partofspeech": "A", "root": "saa=nud"}, {"lemma": "saama", "form": "Pers Prt Ind Neg", "ending": "nud", "clitic": "", "start": 536, "root_tokens": ["saa"], "_index_": 98, "end": 542, "partofspeech": "V", "root": "saa"}], [{"lemma": ".", "form": "", "ending": "", "clitic": "", "start": 542, "root_tokens": ["."], "_index_": 99, "end": 543, "partofspeech": "Z", "root": "."}], [{"lemma": "P2rast", "form": "Sg Nom", "ending": "0", "clitic": "", "start": 543, "root_tokens": ["P2rast"], "_index_": 100, "end": 549, "partofspeech": "H", "root": "P2rast"}], [{"lemma": "Bõstrov", "form": "Sg Gen", "ending": "0", "clitic": "", "start": 550, "root_tokens": ["Bõstrov"], "_index_": 101, "end": 558, "partofspeech": "H", "root": "Bõstrov"}], [{"lemma": "ostmine", "form": "Sg Par", "ending": "t", "clitic": "", "start": 559, "root_tokens": ["ostmine"], "_index_": 102, "end": 566, "partofspeech": "S", "root": "ostmine"}], [{"lemma": "saama", "form": "Pers Prt Ind Sg 3 Aff", "ending": "i", "clitic": "", "start": 567, "root_tokens": ["saa"], "_index_": 103, "end": 570, "partofspeech": "V", "root": "saa"}], [{"lemma": "tema", "form": "Sg Ela", "ending": "st", "clitic": "", "start": 571, "root_tokens": ["tema"], "_index_": 104, "end": 577, "partofspeech": "P", "root": "tema"}], [{"lemma": "varumees", "form": "Sg Nom", "ending": "0", "clitic": "", "start": 578, "root_tokens": ["varu", "mees"], "_index_": 105, "end": 586, "partofspeech": "S", "root": "varu_mees"}], [{"lemma": ".", "form": "", "ending": "", "clitic": "", "start": 587, "root_tokens": ["."], "_index_": 106, "end": 588, "partofspeech": "Z", "root": "."}], [{"lemma": "olema", "form": "Pers Prs Ind Sg 3 Aff", "ending": "0", "clitic": "", "start": 590, "root_tokens": ["ole"], "_index_": 107, "end": 592, "partofspeech": "V", "root": "ole"}, {"lemma": "olema", "form": "Pers Prs Ind Pl 3 Aff", "ending": "0", "clitic": "", "start": 590, "root_tokens": ["ole"], "_index_": 107, "end": 592, "partofspeech": "V", "root": "ole"}], [{"lemma": "tema", "form": "Sg Gen", "ending": "0", "clitic": "", "start": 593, "root_tokens": ["tema"], "_index_": 108, "end": 595, "partofspeech": "P", "root": "tema"}], [{"lemma": "venelane", "form": "Sg Nom", "ending": "0", "clitic": "", "start": 596, "root_tokens": ["venelane"], "_index_": 109, "end": 604, "partofspeech": "S", "root": "venelane"}], [{"lemma": "w", "form": "?", "ending": "0", "clitic": "", "start": 605, "root_tokens": ["w"], "_index_": 110, "end": 606, "partofspeech": "Y", "root": "w"}], [{"lemma": "?", "form": "", "ending": "", "clitic": "", "start": 607, "root_tokens": ["?"], "_index_": 111, "end": 608, "partofspeech": "Z", "root": "?"}], [{"lemma": "mhm", "form": "", "ending": "0", "clitic": "", "start": 610, "root_tokens": ["mhm"], "_index_": 112, "end": 613, "partofspeech": "I", "root": "mhm"}], [{"lemma": ".", "form": "", "ending": "", "clitic": "", "start": 614, "root_tokens": ["."], "_index_": 113, "end": 615, "partofspeech": "Z", "root": "."}], [{"lemma": "just", "form": "", "ending": "0", "clitic": "", "start": 616, "root_tokens": ["just"], "_index_": 114, "end": 620, "partofspeech": "D", "root": "just"}, {"lemma": "just", "form": "", "ending": "0", "clitic": "", "start": 616, "root_tokens": ["just"], "_index_": 114, "end": 620, "partofspeech": "I", "root": "just"}], [{"lemma": "müüma", "form": "Pers Prt Ind Sg 3 Aff", "ending": "s", "clitic": "", "start": 621, "root_tokens": ["müü"], "_index_": 115, "end": 625, "partofspeech": "V", "root": "müü"}], [{"lemma": "Spartak", "form": "Sg Nom", "ending": "0", "clitic": "", "start": 626, "root_tokens": ["Spartak"], "_index_": 116, "end": 633, "partofspeech": "H", "root": "Spartak"}], [{"lemma": "tema", "form": "Sg Gen", "ending": "0", "clitic": "", "start": 634, "root_tokens": ["tema"], "_index_": 117, "end": 636, "partofspeech": "P", "root": "tema"}], [{"lemma": "maha", "form": "", "ending": "0", "clitic": "", "start": 637, "root_tokens": ["maha"], "_index_": 118, "end": 641, "partofspeech": "D", "root": "maha"}], [{"lemma": ".", "form": "", "ending": "", "clitic": "", "start": 641, "root_tokens": ["."], "_index_": 119, "end": 642, "partofspeech": "Z", "root": "."}], [{"lemma": "R22gitakse", "form": "Sg Nom", "ending": "0", "clitic": "", "start": 642, "root_tokens": ["R22gitakse"], "_index_": 120, "end": 652, "partofspeech": "H", "root": "R22gitakse"}], [{"lemma": ",", "form": "", "ending": "", "clitic": "", "start": 653, "root_tokens": [","], "_index_": 121, "end": 654, "partofspeech": "Z", "root": ","}], [{"lemma": "et", "form": "", "ending": "0", "clitic": "", "start": 655, "root_tokens": ["et"], "_index_": 122, "end": 657, "partofspeech": "J", "root": "et"}], [{"lemma": "tema", "form": "Sg Gen", "ending": "0", "clitic": "", "start": 658, "root_tokens": ["tema"], "_index_": 123, "end": 662, "partofspeech": "P", "root": "tema"}], [{"lemma": "transfer", "form": "Sg Nom", "ending": "0", "clitic": "", "start": 663, "root_tokens": ["transfer"], "_index_": 124, "end": 671, "partofspeech": "S", "root": "transfer"}], [{"lemma": "olema", "form": "Pers Prt Ind Sg 3 Aff", "ending": "i", "clitic": "", "start": 672, "root_tokens": ["ole"], "_index_": 125, "end": 675, "partofspeech": "V", "root": "ole"}], [{"lemma": "üks", "form": "Sg Nom", "ending": "0", "clitic": "", "start": 676, "root_tokens": ["üks"], "_index_": 126, "end": 679, "partofspeech": "N", "root": "üks"}, {"lemma": "üks", "form": "Sg Nom", "ending": "0", "clitic": "", "start": 676, "root_tokens": ["üks"], "_index_": 126, "end": 679, "partofspeech": "P", "root": "üks"}], [{"lemma": "kallemai", "form": "Pl Nom", "ending": "d", "clitic": "", "start": 680, "root_tokens": ["kalle", "mai"], "_index_": 127, "end": 689, "partofspeech": "S", "root": "kalle_mai"}], [{"lemma": "Venemaa", "form": "Sg Gen", "ending": "0", "clitic": "", "start": 690, "root_tokens": ["Vene", "maa"], "_index_": 128, "end": 697, "partofspeech": "H", "root": "Vene_maa"}], [{"lemma": "liiga", "form": "Sg Ine", "ending": "s", "clitic": "", "start": 698, "root_tokens": ["liiga"], "_index_": 129, "end": 704, "partofspeech": "S", "root": "liiga"}], [{"lemma": "(", "form": "", "ending": "", "clitic": "", "start": 705, "root_tokens": ["("], "_index_": 130, "end": 706, "partofspeech": "Z", "root": "("}], [{"lemma": "siseturg", "form": "Sg Ade", "ending": "l", "clitic": "", "start": 707, "root_tokens": ["sise", "turg"], "_index_": 131, "end": 716, "partofspeech": "S", "root": "sise_turg"}], [{"lemma": ")", "form": "", "ending": "", "clitic": "", "start": 717, "root_tokens": [")"], "_index_": 132, "end": 718, "partofspeech": "Z", "root": ")"}], [{"lemma": ".", "form": "", "ending": "", "clitic": "", "start": 719, "root_tokens": ["."], "_index_": 133, "end": 720, "partofspeech": "Z", "root": "."}], [{"lemma": "no", "form": "", "ending": "0", "clitic": "", "start": 722, "root_tokens": ["no"], "_index_": 134, "end": 724, "partofspeech": "I", "root": "no"}], [{"lemma": "kohe", "form": "", "ending": "0", "clitic": "", "start": 725, "root_tokens": ["kohe"], "_index_": 135, "end": 729, "partofspeech": "D", "root": "kohe"}], [{"lemma": "mitte", "form": "", "ending": "0", "clitic": "", "start": 730, "root_tokens": ["mitte"], "_index_": 136, "end": 735, "partofspeech": "D", "root": "mitte"}], [{"lemma": "ei", "form": "Neg", "ending": "0", "clitic": "", "start": 736, "root_tokens": ["ei"], "_index_": 137, "end": 738, "partofspeech": "V", "root": "ei"}], [{"lemma": "teadma", "form": "Pers Prs Ind Neg", "ending": "0", "clitic": "", "start": 739, "root_tokens": ["tead"], "_index_": 138, "end": 742, "partofspeech": "V", "root": "tead"}], [{"lemma": ",", "form": "", "ending": "", "clitic": "", "start": 743, "root_tokens": [","], "_index_": 139, "end": 744, "partofspeech": "Z", "root": ","}], [{"lemma": "kes", "form": "Pl Nom", "ending": "0", "clitic": "", "start": 745, "root_tokens": ["kes"], "_index_": 140, "end": 748, "partofspeech": "P", "root": "kes"}, {"lemma": "kes", "form": "Sg Nom", "ending": "0", "clitic": "", "start": 745, "root_tokens": ["kes"], "_index_": 140, "end": 748, "partofspeech": "P", "root": "kes"}], [{"lemma": "see", "form": "Sg Nom", "ending": "0", "clitic": "", "start": 749, "root_tokens": ["see"], "_index_": 141, "end": 752, "partofspeech": "P", "root": "see"}], [{"lemma": "mees", "form": "Sg Nom", "ending": "0", "clitic": "", "start": 753, "root_tokens": ["mees"], "_index_": 142, "end": 757, "partofspeech": "S", "root": "mees"}], [{"lemma": "olema", "form": "Pers Prs Ind Sg 3 Aff", "ending": "0", "clitic": "", "start": 758, "root_tokens": ["ole"], "_index_": 143, "end": 760, "partofspeech": "V", "root": "ole"}, {"lemma": "olema", "form": "Pers Prs Ind Pl 3 Aff", "ending": "0", "clitic": "", "start": 758, "root_tokens": ["ole"], "_index_": 143, "end": 760, "partofspeech": "V", "root": "ole"}], [{"lemma": "kes", "form": "Pl Nom", "ending": "0", "clitic": "", "start": 762, "root_tokens": ["kes"], "_index_": 144, "end": 765, "partofspeech": "P", "root": "kes"}, {"lemma": "kes", "form": "Sg Nom", "ending": "0", "clitic": "", "start": 762, "root_tokens": ["kes"], "_index_": 144, "end": 765, "partofspeech": "P", "root": "kes"}], [{"lemma": "esimene", "form": "Sg Ess", "ending": "na", "clitic": "", "start": 766, "root_tokens": ["esimene"], "_index_": 145, "end": 775, "partofspeech": "O", "root": "esimene"}], [{"lemma": "postitama", "form": "Pers Prs Ind Sg 3 Aff", "ending": "b", "clitic": "", "start": 776, "root_tokens": ["postita"], "_index_": 146, "end": 784, "partofspeech": "V", "root": "postita"}], [{"lemma": ",", "form": "", "ending": "", "clitic": "", "start": 785, "root_tokens": [","], "_index_": 147, "end": 786, "partofspeech": "Z", "root": ","}], [{"lemma": "v6ib", "form": "?", "ending": "0", "clitic": "", "start": 787, "root_tokens": ["v6ib"], "_index_": 148, "end": 791, "partofspeech": "Y", "root": "v6ib"}], [{"lemma": "ka", "form": "", "ending": "0", "clitic": "", "start": 792, "root_tokens": ["ka"], "_index_": 149, "end": 794, "partofspeech": "D", "root": "ka"}], [{"lemma": "uus", "form": "Sg Gen", "ending": "0", "clitic": "", "start": 795, "root_tokens": ["uus"], "_index_": 150, "end": 798, "partofspeech": "A", "root": "uus"}], [{"lemma": "pilt", "form": "Sg Gen", "ending": "0", "clitic": "", "start": 799, "root_tokens": ["pilt"], "_index_": 151, "end": 804, "partofspeech": "S", "root": "pilt"}], [{"lemma": "panema", "form": "Inf", "ending": "a", "clitic": "", "start": 805, "root_tokens": ["pane"], "_index_": 152, "end": 810, "partofspeech": "V", "root": "pane"}], [{"lemma": ".", "form": "", "ending": "", "clitic": "", "start": 811, "root_tokens": ["."], "_index_": 153, "end": 812, "partofspeech": "Z", "root": "."}], [{"lemma": "samedov", "form": "Sg Nom", "ending": "0", "clitic": "", "start": 814, "root_tokens": ["samedov"], "_index_": 154, "end": 821, "partofspeech": "S", "root": "samedov"}], [{"lemma": "venemaa", "form": "", "ending": "0", "clitic": "", "start": 823, "root_tokens": ["vene", "maa"], "_index_": 155, "end": 830, "partofspeech": "G", "root": "vene_maa"}], [{"lemma": "ok", "form": "?", "ending": "0", "clitic": "", "start": 832, "root_tokens": ["ok"], "_index_": 156, "end": 834, "partofspeech": "Y", "root": "ok"}], [{"lemma": "mina", "form": "Sg Nom", "ending": "0", "clitic": "", "start": 835, "root_tokens": ["mina"], "_index_": 157, "end": 837, "partofspeech": "P", "root": "mina"}], [{"lemma": "panema", "form": "Pers Prs Ind Sg 1 Aff", "ending": "n", "clitic": "", "start": 838, "root_tokens": ["pane"], "_index_": 158, "end": 843, "partofspeech": "V", "root": "pane"}], [{"lemma": "siis", "form": "", "ending": "0", "clitic": "", "start": 844, "root_tokens": ["siis"], "_index_": 159, "end": 848, "partofspeech": "D", "root": "siis"}], [{"lemma": "uus", "form": "Sg Gen", "ending": "0", "clitic": "", "start": 849, "root_tokens": ["uus"], "_index_": 160, "end": 852, "partofspeech": "A", "root": "uus"}], [{"lemma": "kehv", "form": "Sg Nom", "ending": "0", "clitic": "", "start": 854, "root_tokens": ["kehv"], "_index_": 161, "end": 858, "partofspeech": "A", "root": "kehv"}], [{"lemma": "pilt", "form": "Sg Nom", "ending": "0", "clitic": "", "start": 859, "root_tokens": ["pilt"], "_index_": 162, "end": 863, "partofspeech": "S", "root": "pilt"}], [{"lemma": ".", "form": "", "ending": "", "clitic": "", "start": 864, "root_tokens": ["."], "_index_": 163, "end": 865, "partofspeech": "Z", "root": "."}], [{"lemma": "John", "form": "Sg Nom", "ending": "0", "clitic": "", "start": 867, "root_tokens": ["John"], "_index_": 164, "end": 871, "partofspeech": "H", "root": "John"}], [{"lemma": "Hartson", "form": "Sg Nom", "ending": "0", "clitic": "", "start": 872, "root_tokens": ["Hartson"], "_index_": 165, "end": 879, "partofspeech": "H", "root": "Hartson"}], [{"lemma": "Celtic", "form": "Sg Nom", "ending": "0", "clitic": "", "start": 881, "root_tokens": ["Celtic"], "_index_": 166, "end": 887, "partofspeech": "H", "root": "Celtic"}], [{"lemma": "Wales", "form": "Sg Nom", "ending": "0", "clitic": "", "start": 889, "root_tokens": ["Wales"], "_index_": 167, "end": 894, "partofspeech": "H", "root": "Wales"}], [{"lemma": "jne", "form": "?", "ending": "0", "clitic": "", "start": 896, "root_tokens": ["jne"], "_index_": 168, "end": 899, "partofspeech": "Y", "root": "jne"}], [{"lemma": "vist", "form": "", "ending": "0", "clitic": "", "start": 901, "root_tokens": ["vist"], "_index_": 169, "end": 905, "partofspeech": "D", "root": "vist"}], [{"lemma": "sry", "form": "?", "ending": "0", "clitic": "", "start": 907, "root_tokens": ["sry"], "_index_": 170, "end": 910, "partofspeech": "Y", "root": "sry"}], [{"lemma": "et", "form": "", "ending": "0", "clitic": "", "start": 911, "root_tokens": ["et"], "_index_": 171, "end": 913, "partofspeech": "J", "root": "et"}], [{"lemma": "selline", "form": "Sg Nom", "ending": "0", "clitic": "", "start": 914, "root_tokens": ["selline"], "_index_": 172, "end": 921, "partofspeech": "P", "root": "selline"}], [{"lemma": "tulema", "form": "Pers Prt Ind Sg 3 Aff", "ending": "i", "clitic": "", "start": 922, "root_tokens": ["tule"], "_index_": 173, "end": 926, "partofspeech": "V", "root": "tule"}], [{"lemma": "aga", "form": "", "ending": "0", "clitic": "", "start": 927, "root_tokens": ["aga"], "_index_": 174, "end": 930, "partofspeech": "J", "root": "aga"}], [{"lemma": "õige", "form": "Sg Nom", "ending": "0", "clitic": "", "start": 931, "root_tokens": ["õige"], "_index_": 175, "end": 935, "partofspeech": "A", "root": "õige"}], [{"lemma": "vastus", "form": "Sg Nom", "ending": "0", "clitic": "", "start": 936, "root_tokens": ["vastus"], "_index_": 176, "end": 942, "partofspeech": "S", "root": "vastus"}], [{"lemma": "olema", "form": "Pers Prs Ind Sg 3 Aff", "ending": "0", "clitic": "", "start": 943, "root_tokens": ["ole"], "_index_": 177, "end": 945, "partofspeech": "V", "root": "ole"}, {"lemma": "olema", "form": "Pers Prs Ind Pl 3 Aff", "ending": "0", "clitic": "", "start": 943, "root_tokens": ["ole"], "_index_": 177, "end": 945, "partofspeech": "V", "root": "ole"}], [{"lemma": "jay-jay", "form": "Sg Gen", "ending": "0", "clitic": "", "start": 947, "root_tokens": ["jay", "jay"], "_index_": 178, "end": 954, "partofspeech": "S", "root": "jay-jay"}], [{"lemma": "okocha", "form": "Sg Nom", "ending": "0", "clitic": "", "start": 955, "root_tokens": ["okocha"], "_index_": 179, "end": 961, "partofspeech": "S", "root": "okocha"}], [{"lemma": "nigeeria", "form": "", "ending": "0", "clitic": "", "start": 963, "root_tokens": ["nigeeria"], "_index_": 180, "end": 971, "partofspeech": "G", "root": "nigeeria"}], [{"lemma": "bolton", "form": "Sg Nom", "ending": "0", "clitic": "", "start": 973, "root_tokens": ["bolton"], "_index_": 181, "end": 979, "partofspeech": "S", "root": "bolton"}], [{"lemma": "olema", "form": "Pers Prs Ind Sg 3 Aff", "ending": "0", "clitic": "", "start": 981, "root_tokens": ["ole"], "_index_": 182, "end": 983, "partofspeech": "V", "root": "ole"}, {"lemma": "olema", "form": "Pers Prs Ind Pl 3 Aff", "ending": "0", "clitic": "", "start": 981, "root_tokens": ["ole"], "_index_": 182, "end": 983, "partofspeech": "V", "root": "ole"}], [{"lemma": "?", "form": "", "ending": "", "clitic": "", "start": 984, "root_tokens": ["?"], "_index_": 183, "end": 985, "partofspeech": "Z", "root": "?"}], [{"lemma": "mina", "form": "Sg Gen", "ending": "0", "clitic": "", "start": 986, "root_tokens": ["mina"], "_index_": 184, "end": 990, "partofspeech": "P", "root": "mina"}], [{"lemma": "andmed", "form": "Pl Ade", "ending": "tel", "clitic": "", "start": 991, "root_tokens": ["andmed"], "_index_": 185, "end": 999, "partofspeech": "S", "root": "andmed"}], [{"lemma": "mitte", "form": "", "ending": "0", "clitic": "", "start": 1000, "root_tokens": ["mitte"], "_index_": 186, "end": 1005, "partofspeech": "D", "root": "mitte"}], [{"lemma": ".", "form": "", "ending": "", "clitic": "", "start": 1006, "root_tokens": ["."], "_index_": 187, "end": 1007, "partofspeech": "Z", "root": "."}], [{"lemma": "Aghahowa", "form": "Sg Nom", "ending": "0", "clitic": "", "start": 1009, "root_tokens": ["Aghahowa"], "_index_": 188, "end": 1017, "partofspeech": "H", "root": "Aghahowa"}], [{"lemma": "Julius", "form": "Sg Nom", "ending": "0", "clitic": "", "start": 1018, "root_tokens": ["Julius"], "_index_": 189, "end": 1024, "partofspeech": "H", "root": "Julius"}], [{"lemma": "Nigeeria", "form": "Sg Gen", "ending": "0", "clitic": "", "start": 1026, "root_tokens": ["Nigeeria"], "_index_": 190, "end": 1034, "partofspeech": "H", "root": "Nigeeria"}], [{"lemma": "Donetsk", "form": "Sg Nom", "ending": "0", "clitic": "", "start": 1036, "root_tokens": ["Donetsk"], "_index_": 191, "end": 1043, "partofspeech": "H", "root": "Donetsk"}], [{"lemma": "šahtar", "form": "Sg Nom", "ending": "0", "clitic": "", "start": 1044, "root_tokens": ["šahtar"], "_index_": 192, "end": 1050, "partofspeech": "S", "root": "šahtar"}]], "parent": "morph_analysis", "name": "gt_morph_analysis", "_base": "words", "ambiguous": true, "enveloping": null, "attributes": ["lemma", "root", "root_tokens", "ending", "clitic", "form", "partofspeech"]}, {"spans": [], "parent": null, "name": "syntax_ignore", "_base": "syntax_ignore", "ambiguous": false, "enveloping": "words", "attributes": ["type"]}, {"spans": [{"fix_types": [], "_index_": [0, 1]}, {"fix_types": [], "_index_": [2, 3]}, {"fix_types": [], "_index_": [4, 5]}, {"fix_types": ["double_newline_ending"], "_index_": [6, 7, 8, 9, 10]}, {"fix_types": [], "_index_": [11, 12]}, {"fix_types": ["double_newline_ending"], "_index_": [13, 14]}, {"fix_types": ["double_newline_ending"], "_index_": [15, 16, 17, 18, 19]}, {"fix_types": ["double_newline_ending"], "_index_": [20, 21, 22, 23, 24, 25, 26, 27, 28, 29]}, {"fix_types": ["double_newline_ending"], "_index_": [30]}, {"fix_types": [], "_index_": [31, 32, 33]}, {"fix_types": ["double_newline_ending"], "_index_": [34]}, {"fix_types": ["double_newline_ending"], "_index_": [35]}, {"fix_types": [], "_index_": [36, 37, 38, 39, 40, 41, 42, 43]}, {"fix_types": [], "_index_": [44, 45, 46, 47, 48, 49, 50, 51, 52, 53, 54, 55, 56]}, {"fix_types": [], "_index_": [57, 58]}, {"fix_types": ["double_newline_ending"], "_index_": [59, 60, 61, 62, 63, 64, 65, 66, 67, 68, 69, 70]}, {"fix_types": ["double_newline_ending"], "_index_": [71, 72]}, {"fix_types": ["double_newline_ending"], "_index_": [73, 74]}, {"fix_types": ["double_newline_ending"], "_index_": [75, 76, 77, 78, 79, 80, 81, 82, 83, 84]}, {"fix_types": [], "_index_": [85, 86, 87]}, {"fix_types": [], "_index_": [88, 89]}, {"fix_types": [], "_index_": [90, 91, 92]}, {"fix_types": [], "_index_": [93, 94, 95, 96, 97, 98, 99]}, {"fix_types": [], "_index_": [100, 101, 102, 103, 104, 105, 106]}, {"fix_types": [], "_index_": [107, 108, 109, 110, 111]}, {"fix_types": [], "_index_": [112, 113]}, {"fix_types": [], "_index_": [114, 115, 116, 117, 118, 119]}, {"fix_types": [], "_index_": [120, 121, 122, 123, 124, 125, 126, 127, 128, 129, 130, 131, 132, 133]}, {"fix_types": ["double_newline_ending"], "_index_": [134, 135, 136, 137, 138, 139, 140, 141, 142, 143]}, {"fix_types": [], "_index_": [144, 145, 146, 147, 148, 149, 150, 151, 152, 153]}, {"fix_types": ["double_newline_ending"], "_index_": [154]}, {"fix_types": ["double_newline_ending"], "_index_": [155]}, {"fix_types": ["double_newline_ending"], "_index_": [156, 157, 158, 159, 160]}, {"fix_types": [], "_index_": [161, 162, 163]}, {"fix_types": ["double_newline_ending"], "_index_": [164, 165]}, {"fix_types": ["double_newline_ending"], "_index_": [166]}, {"fix_types": ["double_newline_ending"], "_index_": [167]}, {"fix_types": ["double_newline_ending"], "_index_": [168]}, {"fix_types": ["double_newline_ending"], "_index_": [169]}, {"fix_types": ["double_newline_ending"], "_index_": [170, 171, 172, 173, 174, 175, 176, 177]}, {"fix_types": ["double_newline_ending"], "_index_": [178, 179]}, {"fix_types": ["double_newline_ending"], "_index_": [180]}, {"fix_types": ["double_newline_ending"], "_index_": [181]}, {"fix_types": [], "_index_": [182, 183]}, {"fix_types": [], "_index_": [184, 185, 186, 187]}, {"fix_types": ["double_newline_ending"], "_index_": [188, 189]}, {"fix_types": ["double_newline_ending"], "_index_": [190]}, {"fix_types": [], "_index_": [191, 192]}], "parent": null, "name": "sentences", "_base": "sentences", "ambiguous": false, "enveloping": "words", "attributes": ["fix_types"]}, {"spans": [{"_index_": [0, 1, 2]}, {"_index_": [3]}, {"_index_": [4]}, {"_index_": [5]}, {"_index_": [6]}, {"_index_": [7]}, {"_index_": [8]}, {"_index_": [9]}, {"_index_": [10]}, {"_index_": [11]}, {"_index_": [12]}, {"_index_": [13]}, {"_index_": [14]}, {"_index_": [15]}, {"_index_": [16]}, {"_index_": [17]}, {"_index_": [18]}, {"_index_": [19]}, {"_index_": [20]}, {"_index_": [21, 22, 23]}, {"_index_": [24]}, {"_index_": [25, 26, 27]}, {"_index_": [28]}, {"_index_": [29]}, {"_index_": [30]}, {"_index_": [31]}, {"_index_": [32]}, {"_index_": [33]}, {"_index_": [34]}, {"_index_": [35]}, {"_index_": [36]}, {"_index_": [37]}, {"_index_": [38]}, {"_index_": [39]}, {"_index_": [40]}, {"_index_": [41]}, {"_index_": [42]}, {"_index_": [43, 44]}, {"_index_": [45]}, {"_index_": [46]}, {"_index_": [47]}], "parent": null, "name": "paragraphs", "_base": "paragraphs", "ambiguous": false, "enveloping": "sentences", "attributes": []}]}