{"layers": [{"enveloping": null, "attributes": ["normalized_form"], "name": "words", "parent": null, "_base": "words", "ambiguous": false, "spans": [{"start": 0, "normalized_form": null, "end": 3}, {"start": 4, "normalized_form": null, "end": 10}, {"start": 11, "normalized_form": null, "end": 17}, {"start": 18, "normalized_form": null, "end": 27}, {"start": 28, "normalized_form": null, "end": 35}, {"start": 36, "normalized_form": null, "end": 41}, {"start": 43, "normalized_form": null, "end": 51}, {"start": 52, "normalized_form": null, "end": 56}, {"start": 57, "normalized_form": null, "end": 62}, {"start": 63, "normalized_form": null, "end": 70}, {"start": 71, "normalized_form": null, "end": 77}, {"start": 78, "normalized_form": null, "end": 85}, {"start": 86, "normalized_form": null, "end": 97}, {"start": 98, "normalized_form": null, "end": 107}, {"start": 108, "normalized_form": null, "end": 115}, {"start": 116, "normalized_form": null, "end": 117}, {"start": 119, "normalized_form": null, "end": 125}, {"start": 126, "normalized_form": null, "end": 134}, {"start": 135, "normalized_form": null, "end": 139}, {"start": 140, "normalized_form": null, "end": 150}, {"start": 151, "normalized_form": null, "end": 152}, {"start": 153, "normalized_form": null, "end": 156}, {"start": 157, "normalized_form": null, "end": 171}, {"start": 172, "normalized_form": null, "end": 177}, {"start": 178, "normalized_form": null, "end": 181}, {"start": 182, "normalized_form": null, "end": 183}, {"start": 185, "normalized_form": null, "end": 192}, {"start": 193, "normalized_form": null, "end": 197}, {"start": 198, "normalized_form": null, "end": 202}, {"start": 203, "normalized_form": null, "end": 207}, {"start": 208, "normalized_form": null, "end": 213}, {"start": 214, "normalized_form": null, "end": 215}, {"start": 216, "normalized_form": null, "end": 224}, {"start": 225, "normalized_form": null, "end": 233}, {"start": 234, "normalized_form": null, "end": 238}, {"start": 239, "normalized_form": null, "end": 243}, {"start": 244, "normalized_form": null, "end": 252}, {"start": 253, "normalized_form": null, "end": 258}, {"start": 259, "normalized_form": null, "end": 266}, {"start": 267, "normalized_form": null, "end": 273}, {"start": 274, "normalized_form": null, "end": 282}, {"start": 283, "normalized_form": null, "end": 288}, {"start": 289, "normalized_form": null, "end": 290}, {"start": 291, "normalized_form": null, "end": 300}, {"start": 301, "normalized_form": null, "end": 305}, {"start": 306, "normalized_form": null, "end": 317}, {"start": 318, "normalized_form": null, "end": 325}, {"start": 326, "normalized_form": null, "end": 328}, {"start": 329, "normalized_form": null, "end": 334}, {"start": 335, "normalized_form": null, "end": 338}, {"start": 339, "normalized_form": null, "end": 340}, {"start": 342, "normalized_form": null, "end": 347}, {"start": 348, "normalized_form": null, "end": 354}, {"start": 355, "normalized_form": null, "end": 364}, {"start": 365, "normalized_form": null, "end": 371}, {"start": 372, "normalized_form": null, "end": 377}, {"start": 378, "normalized_form": null, "end": 379}, {"start": 380, "normalized_form": null, "end": 385}, {"start": 386, "normalized_form": null, "end": 390}, {"start": 391, "normalized_form": null, "end": 398}, {"start": 399, "normalized_form": null, "end": 403}, {"start": 404, "normalized_form": "bodybuilding.com", "end": 420}, {"start": 421, "normalized_form": null, "end": 427}, {"start": 428, "normalized_form": null, "end": 432}, {"start": 433, "normalized_form": null, "end": 436}, {"start": 437, "normalized_form": null, "end": 441}, {"start": 442, "normalized_form": null, "end": 445}, {"start": 446, "normalized_form": null, "end": 459}, {"start": 460, "normalized_form": null, "end": 462}, {"start": 463, "normalized_form": null, "end": 471}, {"start": 472, "normalized_form": null, "end": 474}, {"start": 475, "normalized_form": null, "end": 480}, {"start": 481, "normalized_form": null, "end": 488}, {"start": 489, "normalized_form": null, "end": 490}, {"start": 492, "normalized_form": null, "end": 497}, {"start": 498, "normalized_form": null, "end": 506}, {"start": 507, "normalized_form": null, "end": 516}, {"start": 517, "normalized_form": null, "end": 520}, {"start": 521, "normalized_form": null, "end": 530}, {"start": 531, "normalized_form": null, "end": 536}, {"start": 537, "normalized_form": null, "end": 538}]}, {"enveloping": "words", "attributes": ["fix_types"], "name": "sentences", "parent": null, "_base": "sentences", "ambiguous": false, "spans": [{"fix_types": ["double_newline_ending"], "_index_": [0, 1, 2, 3, 4, 5]}, {"fix_types": [], "_index_": [6, 7, 8, 9, 10, 11, 12, 13, 14, 15]}, {"fix_types": [], "_index_": [16, 17, 18, 19, 20, 21, 22, 23, 24, 25]}, {"fix_types": [], "_index_": [26, 27, 28, 29, 30, 31, 32, 33, 34, 35, 36, 37, 38, 39, 40, 41, 42, 43, 44, 45, 46, 47, 48, 49, 50]}, {"fix_types": [], "_index_": [51, 52, 53, 54, 55, 56, 57, 58, 59, 60, 61, 62, 63, 64, 65, 66, 67, 68, 69, 70, 71, 72, 73]}, {"fix_types": [], "_index_": [74, 75, 76, 77, 78, 79, 80]}]}, {"enveloping": "sentences", "attributes": [], "name": "paragraphs", "parent": null, "_base": "paragraphs", "ambiguous": false, "spans": [{"_index_": [0]}, {"_index_": [1]}, {"_index_": [2]}, {"_index_": [3]}, {"_index_": [4]}, {"_index_": [5]}]}, {"enveloping": "words", "attributes": ["type"], "name": "syntax_ignore", "parent": null, "_base": "syntax_ignore", "ambiguous": false, "spans": []}, {"enveloping": null, "attributes": ["lemma", "root", "root_tokens", "ending", "clitic", "form", "partofspeech"], "name": "morph_analysis", "parent": "words", "_base": "words", "ambiguous": true, "spans": [[{"root_tokens": ["7th"], "form": "?", "clitic": "", "ending": "0", "end": 3, "root": "7th", "_index_": 0, "partofspeech": "Y", "start": 0, "lemma": "7th"}], [{"root_tokens": ["Annual"], "form": "sg n", "clitic": "", "ending": "0", "end": 10, "root": "Annual", "_index_": 1, "partofspeech": "H", "start": 4, "lemma": "Annual"}], [{"root_tokens": ["Arnold"], "form": "sg n", "clitic": "", "ending": "0", "end": 17, "root": "Arnold", "_index_": 2, "partofspeech": "H", "start": 11, "lemma": "Arnold"}], [{"root_tokens": ["Strongman"], "form": "sg n", "clitic": "", "ending": "0", "end": 27, "root": "Strongman", "_index_": 3, "partofspeech": "H", "start": 18, "lemma": "Strongman"}], [{"root_tokens": ["Classic"], "form": "sg n", "clitic": "", "ending": "0", "end": 35, "root": "Classic", "_index_": 4, "partofspeech": "H", "start": 28, "lemma": "Classic"}], [{"root_tokens": ["title"], "form": "sg n", "clitic": "", "ending": "0", "end": 41, "root": "title", "_index_": 5, "partofspeech": "S", "start": 36, "lemma": "title"}], [{"root_tokens": ["Kellegi"], "form": "sg ad", "clitic": "", "ending": "l", "end": 51, "root": "Kellegi", "_index_": 6, "partofspeech": "H", "start": 43, "lemma": "Kellegi"}, {"root_tokens": ["Kelleg"], "form": "sg ad", "clitic": "", "ending": "l", "end": 51, "root": "Kelleg", "_index_": 6, "partofspeech": "H", "start": 43, "lemma": "Kelleg"}], [{"root_tokens": ["täna"], "form": "", "clitic": "", "ending": "0", "end": 56, "root": "täna", "_index_": 7, "partofspeech": "D", "start": 52, "lemma": "täna"}], [{"root_tokens": ["öösel"], "form": "", "clitic": "", "ending": "0", "end": 62, "root": "öösel", "_index_": 8, "partofspeech": "D", "start": 57, "lemma": "öösel"}], [{"root_tokens": ["kuskilt"], "form": "", "clitic": "", "ending": "0", "end": 70, "root": "kuskilt", "_index_": 9, "partofspeech": "D", "start": 63, "lemma": "kuskilt"}], [{"root_tokens": ["Arnold"], "form": "sg n", "clitic": "", "ending": "0", "end": 77, "root": "Arnold", "_index_": 10, "partofspeech": "H", "start": 71, "lemma": "Arnold"}], [{"root_tokens": ["Classic"], "form": "sg n", "clitic": "", "ending": "0", "end": 85, "root": "Classic", "_index_": 11, "partofspeech": "H", "start": 78, "lemma": "Classic"}], [{"root_tokens": ["strongmanŽ"], "form": "sg g", "clitic": "", "ending": "0", "end": 97, "root": "strongmanŽ", "_index_": 12, "partofspeech": "S", "start": 86, "lemma": "strongmanŽ"}, {"root_tokens": ["strongmanŽi"], "form": "sg g", "clitic": "", "ending": "0", "end": 97, "root": "strongmanŽi", "_index_": 12, "partofspeech": "S", "start": 86, "lemma": "strongmanŽi"}], [{"root_tokens": ["õnnestus"], "form": "sg g", "clitic": "", "ending": "0", "end": 107, "root": "õnnes=tus", "_index_": 13, "partofspeech": "S", "start": 98, "lemma": "õnnestus"}], [{"root_tokens": ["vaata"], "form": "da", "clitic": "", "ending": "ta", "end": 115, "root": "vaata", "_index_": 14, "partofspeech": "V", "start": 108, "lemma": "vaatama"}], [{"root_tokens": ["?"], "form": "", "clitic": "", "ending": "", "end": 117, "root": "?", "_index_": 15, "partofspeech": "Z", "start": 116, "lemma": "?"}], [{"root_tokens": ["Andrus"], "form": "sg n", "clitic": "", "ending": "0", "end": 125, "root": "Andrus", "_index_": 16, "partofspeech": "H", "start": 119, "lemma": "Andrus"}], [{"root_tokens": ["Muru", "mets"], "form": "sg n", "clitic": "", "ending": "0", "end": 134, "root": "Muru_mets", "_index_": 17, "partofspeech": "H", "start": 126, "lemma": "Murumets"}, {"root_tokens": ["Murumets"], "form": "sg n", "clitic": "", "ending": "0", "end": 134, "root": "Murumets", "_index_": 17, "partofspeech": "H", "start": 126, "lemma": "Murumets"}], [{"root_tokens": ["tule"], "form": "s", "clitic": "", "ending": "i", "end": 139, "root": "tule", "_index_": 18, "partofspeech": "V", "start": 135, "lemma": "tulema"}], [{"root_tokens": ["neljas"], "form": "sg tr", "clitic": "", "ending": "ks", "end": 150, "root": "neljas", "_index_": 19, "partofspeech": "O", "start": 140, "lemma": "neljas"}], [{"root_tokens": [","], "form": "", "clitic": "", "ending": "", "end": 152, "root": ",", "_index_": 20, "partofspeech": "Z", "start": 151, "lemma": ","}], [{"root_tokens": ["saa"], "form": "s", "clitic": "", "ending": "i", "end": 156, "root": "saa", "_index_": 21, "partofspeech": "V", "start": 153, "lemma": "saama"}], [{"root_tokens": ["MuscleTechŽi"], "form": "sg abl", "clitic": "", "ending": "lt", "end": 171, "root": "MuscleTechŽi", "_index_": 22, "partofspeech": "H", "start": 157, "lemma": "MuscleTechŽi"}, {"root_tokens": ["MuscleTechŽ"], "form": "sg abl", "clitic": "", "ending": "lt", "end": 171, "root": "MuscleTechŽ", "_index_": 22, "partofspeech": "H", "start": 157, "lemma": "MuscleTechŽ"}], [{"root_tokens": ["10000"], "form": "?", "clitic": "", "ending": "0", "end": 177, "root": "10000", "_index_": 23, "partofspeech": "N", "start": 172, "lemma": "10000"}], [{"root_tokens": ["USD"], "form": "?", "clitic": "", "ending": "0", "end": 181, "root": "USD", "_index_": 24, "partofspeech": "Y", "start": 178, "lemma": "USD"}], [{"root_tokens": ["."], "form": "", "clitic": "", "ending": "", "end": 183, "root": ".", "_index_": 25, "partofspeech": "Z", "start": 182, "lemma": "."}], [{"root_tokens": ["esi", "koht"], "form": "sg n", "clitic": "", "ending": "0", "end": 192, "root": "esi_koht", "_index_": 26, "partofspeech": "S", "start": 185, "lemma": "esikoht"}], [{"root_tokens": ["nagu"], "form": "", "clitic": "", "ending": "0", "end": 197, "root": "nagu", "_index_": 27, "partofspeech": "D", "start": 193, "lemma": "nagu"}, {"root_tokens": ["nagu"], "form": "", "clitic": "", "ending": "0", "end": 197, "root": "nagu", "_index_": 27, "partofspeech": "J", "start": 193, "lemma": "nagu"}], [{"root_tokens": ["ikka"], "form": "", "clitic": "", "ending": "0", "end": 202, "root": "ikka", "_index_": 28, "partofspeech": "D", "start": 198, "lemma": "ikka"}], [{"root_tokens": ["mine"], "form": "s", "clitic": "", "ending": "s", "end": 207, "root": "mine", "_index_": 29, "partofspeech": "V", "start": 203, "lemma": "minema"}], [{"root_tokens": ["Leedu"], "form": "adt", "clitic": "", "ending": "0", "end": 213, "root": "Leedu", "_index_": 30, "partofspeech": "H", "start": 208, "lemma": "Leedu"}], [{"root_tokens": [","], "form": "", "clitic": "", "ending": "", "end": 215, "root": ",", "_index_": 31, "partofspeech": "Z", "start": 214, "lemma": ","}], [{"root_tokens": ["Zydrunas"], "form": "sg n", "clitic": "", "ending": "0", "end": 224, "root": "Zydrunas", "_index_": 32, "partofspeech": "H", "start": 216, "lemma": "Zydrunas"}], [{"root_tokens": ["Savickas"], "form": "sg n", "clitic": "", "ending": "0", "end": 233, "root": "Savickas", "_index_": 33, "partofspeech": "H", "start": 225, "lemma": "Savickas"}], [{"root_tokens": ["pane"], "form": "s", "clitic": "", "ending": "i", "end": 238, "root": "pane", "_index_": 34, "partofspeech": "V", "start": 234, "lemma": "panema"}], [{"root_tokens": ["juba"], "form": "", "clitic": "", "ending": "0", "end": 243, "root": "juba", "_index_": 35, "partofspeech": "D", "start": 239, "lemma": "juba"}], [{"root_tokens": ["kuues"], "form": "sg p", "clitic": "", "ending": "t", "end": 252, "root": "kuues", "_index_": 36, "partofspeech": "O", "start": 244, "lemma": "kuues"}], [{"root_tokens": ["kord"], "form": "sg p", "clitic": "", "ending": "0", "end": 258, "root": "kord", "_index_": 37, "partofspeech": "S", "start": 253, "lemma": "kord"}], [{"root_tokens": ["järjest"], "form": "", "clitic": "", "ending": "0", "end": 266, "root": "järjest", "_index_": 38, "partofspeech": "D", "start": 259, "lemma": "järjest"}], [{"root_tokens": ["Arnold"], "form": "sg n", "clitic": "", "ending": "0", "end": 273, "root": "Arnold", "_index_": 39, "partofspeech": "H", "start": 267, "lemma": "Arnold"}], [{"root_tokens": ["Classicu"], "form": "sg n", "clitic": "", "ending": "0", "end": 282, "root": "Classicu", "_index_": 40, "partofspeech": "H", "start": 274, "lemma": "Classicu"}], [{"root_tokens": ["kinni"], "form": "", "clitic": "", "ending": "0", "end": 288, "root": "kinni", "_index_": 41, "partofspeech": "D", "start": 283, "lemma": "kinni"}], [{"root_tokens": [","], "form": "", "clitic": "", "ending": "", "end": 290, "root": ",", "_index_": 42, "partofspeech": "Z", "start": 289, "lemma": ","}], [{"root_tokens": ["au", "hind"], "form": "sg tr", "clitic": "", "ending": "ks", "end": 300, "root": "au_hind", "_index_": 43, "partofspeech": "S", "start": 291, "lemma": "auhind"}], [{"root_tokens": ["siis"], "form": "", "clitic": "", "ending": "0", "end": 305, "root": "siis", "_index_": 44, "partofspeech": "D", "start": 301, "lemma": "siis"}], [{"root_tokens": ["järje", "kordne"], "form": "sg g", "clitic": "", "ending": "0", "end": 317, "root": "järje_kordne", "_index_": 45, "partofspeech": "A", "start": 306, "lemma": "järjekordne"}], [{"root_tokens": ["hum", "meri"], "form": "sg n", "clitic": "", "ending": "0", "end": 325, "root": "hum_meri", "_index_": 46, "partofspeech": "S", "start": 318, "lemma": "hummeri"}], [{"root_tokens": ["ja"], "form": "", "clitic": "", "ending": "0", "end": 328, "root": "ja", "_index_": 47, "partofspeech": "J", "start": 326, "lemma": "ja"}], [{"root_tokens": ["40000"], "form": "?", "clitic": "", "ending": "0", "end": 334, "root": "40000", "_index_": 48, "partofspeech": "N", "start": 329, "lemma": "40000"}], [{"root_tokens": ["USD"], "form": "?", "clitic": "", "ending": "0", "end": 338, "root": "USD", "_index_": 49, "partofspeech": "Y", "start": 335, "lemma": "USD"}], [{"root_tokens": ["."], "form": "", "clitic": "", "ending": "", "end": 340, "root": ".", "_index_": 50, "partofspeech": "Z", "start": 339, "lemma": "."}], [{"root_tokens": ["keegi"], "form": "sg n", "clitic": "", "ending": "0", "end": 347, "root": "keegi", "_index_": 51, "partofspeech": "P", "start": 342, "lemma": "keegi"}], [{"root_tokens": ["net"], "form": "sg el", "clitic": "", "ending": "st", "end": 354, "root": "net", "_index_": 52, "partofspeech": "S", "start": 348, "lemma": "net"}], [{"root_tokens": ["võistlus"], "form": "sg g", "clitic": "", "ending": "0", "end": 364, "root": "võistlus", "_index_": 53, "partofspeech": "S", "start": 355, "lemma": "võistlus"}], [{"root_tokens": ["replay"], "form": "sg n", "clitic": "", "ending": "0", "end": 371, "root": "replay", "_index_": 54, "partofspeech": "S", "start": 365, "lemma": "replay"}], [{"root_tokens": ["leid"], "form": "b", "clitic": "", "ending": "b", "end": 377, "root": "leid", "_index_": 55, "partofspeech": "V", "start": 372, "lemma": "leidma"}], [{"root_tokens": [","], "form": "", "clitic": "", "ending": "", "end": 379, "root": ",", "_index_": 56, "partofspeech": "Z", "start": 378, "lemma": ","}], [{"root_tokens": ["ole"], "form": "ks", "clitic": "", "ending": "ks", "end": 385, "root": "ole", "_index_": 57, "partofspeech": "V", "start": 380, "lemma": "olema"}], [{"root_tokens": ["väga"], "form": "", "clitic": "", "ending": "0", "end": 390, "root": "väga", "_index_": 58, "partofspeech": "D", "start": 386, "lemma": "väga"}], [{"root_tokens": ["tänulik"], "form": "sg n", "clitic": "", "ending": "0", "end": 398, "root": "tänulik", "_index_": 59, "partofspeech": "A", "start": 391, "lemma": "tänulik"}], [{"root_tokens": ["...."], "form": "", "clitic": "", "ending": "", "end": 403, "root": "....", "_index_": 60, "partofspeech": "Z", "start": 399, "lemma": "...."}], [{"root_tokens": ["bodybuilding.com"], "form": "sg n", "clitic": "", "ending": "0", "end": 420, "root": "bodybuilding.com", "_index_": 61, "partofspeech": "H", "start": 404, "lemma": "bodybuilding.com"}], [{"root_tokens": ["kand"], "form": "s", "clitic": "", "ending": "is", "end": 427, "root": "kand", "_index_": 62, "partofspeech": "V", "start": 421, "lemma": "kandma"}], [{"root_tokens": ["otse"], "form": "", "clitic": "", "ending": "0", "end": 432, "root": "otse", "_index_": 63, "partofspeech": "D", "start": 428, "lemma": "otse"}], [{"root_tokens": ["üle"], "form": "", "clitic": "", "ending": "0", "end": 436, "root": "üle", "_index_": 64, "partofspeech": "D", "start": 433, "lemma": "üle"}], [{"root_tokens": ["see"], "form": "sg p", "clitic": "", "ending": "da", "end": 441, "root": "see", "_index_": 65, "partofspeech": "P", "start": 437, "lemma": "see"}], [{"root_tokens": ["aga"], "form": "", "clitic": "", "ending": "0", "end": 445, "root": "aga", "_index_": 66, "partofspeech": "J", "start": 442, "lemma": "aga"}], [{"root_tokens": ["strongmanŽi"], "form": "sg all", "clitic": "", "ending": "le", "end": 459, "root": "strongmanŽi", "_index_": 67, "partofspeech": "S", "start": 446, "lemma": "strongmanŽi"}, {"root_tokens": ["strongmanŽ"], "form": "sg all", "clitic": "", "ending": "le", "end": 459, "root": "strongmanŽ", "_index_": 67, "partofspeech": "S", "start": 446, "lemma": "strongmanŽ"}], [{"root_tokens": ["ei"], "form": "neg", "clitic": "", "ending": "0", "end": 462, "root": "ei", "_index_": 68, "partofspeech": "V", "start": 460, "lemma": "ei"}], [{"root_tokens": ["sattunud"], "form": "", "clitic": "", "ending": "0", "end": 471, "root": "sattu=nud", "_index_": 69, "partofspeech": "A", "start": 463, "lemma": "sattunud"}, {"root_tokens": ["sattunud"], "form": "sg n", "clitic": "", "ending": "0", "end": 471, "root": "sattu=nud", "_index_": 69, "partofspeech": "A", "start": 463, "lemma": "sattunud"}, {"root_tokens": ["sattunud"], "form": "pl n", "clitic": "", "ending": "d", "end": 471, "root": "sattu=nud", "_index_": 69, "partofspeech": "A", "start": 463, "lemma": "sattunud"}, {"root_tokens": ["sattu"], "form": "nud", "clitic": "", "ending": "nud", "end": 471, "root": "sattu", "_index_": 69, "partofspeech": "V", "start": 463, "lemma": "sattuma"}], [{"root_tokens": ["mina"], "form": "sg n", "clitic": "", "ending": "0", "end": 474, "root": "mina", "_index_": 70, "partofspeech": "P", "start": 472, "lemma": "mina"}], [{"root_tokens": ["peale"], "form": "", "clitic": "", "ending": "0", "end": 480, "root": "peale", "_index_": 71, "partofspeech": "K", "start": 475, "lemma": "peale"}], [{"root_tokens": ["kahjuks"], "form": "", "clitic": "", "ending": "0", "end": 488, "root": "kahjuks", "_index_": 72, "partofspeech": "D", "start": 481, "lemma": "kahjuks"}], [{"root_tokens": ["!"], "form": "", "clitic": "", "ending": "", "end": 490, "root": "!", "_index_": 73, "partofspeech": "Z", "start": 489, "lemma": "!"}], [{"root_tokens": ["väike"], "form": "sg n", "clitic": "", "ending": "0", "end": 497, "root": "väike", "_index_": 74, "partofspeech": "A", "start": 492, "lemma": "väike"}], [{"root_tokens": ["üle", "vaade"], "form": "sg n", "clitic": "", "ending": "0", "end": 506, "root": "üle_vaade", "_index_": 75, "partofspeech": "S", "start": 498, "lemma": "ülevaade"}], [{"root_tokens": ["koha", "pealt"], "form": "", "clitic": "", "ending": "0", "end": 516, "root": "koha_pealt", "_index_": 76, "partofspeech": "D", "start": 507, "lemma": "kohapealt"}], [{"root_tokens": ["ott"], "form": "sg n", "clitic": "", "ending": "0", "end": 520, "root": "ott", "_index_": 77, "partofspeech": "S", "start": 517, "lemma": "ott"}], [{"root_tokens": ["kiivi", "kask"], "form": "sg g", "clitic": "", "ending": "0", "end": 530, "root": "kiivi_kask", "_index_": 78, "partofspeech": "S", "start": 521, "lemma": "kiivikask"}], [{"root_tokens": ["poolt"], "form": "", "clitic": "", "ending": "0", "end": 536, "root": "poolt", "_index_": 79, "partofspeech": "K", "start": 531, "lemma": "poolt"}], [{"root_tokens": ["."], "form": "", "clitic": "", "ending": "", "end": 538, "root": ".", "_index_": 80, "partofspeech": "Z", "start": 537, "lemma": "."}]]}, {"enveloping": null, "attributes": ["lemma", "root", "root_tokens", "ending", "clitic", "form", "partofspeech"], "name": "gt_morph_analysis", "parent": "morph_analysis", "_base": "words", "ambiguous": true, "spans": [[{"root_tokens": ["7th"], "form": "?", "clitic": "", "ending": "0", "end": 3, "root": "7th", "_index_": 0, "partofspeech": "Y", "start": 0, "lemma": "7th"}], [{"root_tokens": ["Annual"], "form": "Sg Nom", "clitic": "", "ending": "0", "end": 10, "root": "Annual", "_index_": 1, "partofspeech": "H", "start": 4, "lemma": "Annual"}], [{"root_tokens": ["Arnold"], "form": "Sg Nom", "clitic": "", "ending": "0", "end": 17, "root": "Arnold", "_index_": 2, "partofspeech": "H", "start": 11, "lemma": "Arnold"}], [{"root_tokens": ["Strongman"], "form": "Sg Nom", "clitic": "", "ending": "0", "end": 27, "root": "Strongman", "_index_": 3, "partofspeech": "H", "start": 18, "lemma": "Strongman"}], [{"root_tokens": ["Classic"], "form": "Sg Nom", "clitic": "", "ending": "0", "end": 35, "root": "Classic", "_index_": 4, "partofspeech": "H", "start": 28, "lemma": "Classic"}], [{"root_tokens": ["title"], "form": "Sg Nom", "clitic": "", "ending": "0", "end": 41, "root": "title", "_index_": 5, "partofspeech": "S", "start": 36, "lemma": "title"}], [{"root_tokens": ["Kellegi"], "form": "Sg Ade", "clitic": "", "ending": "l", "end": 51, "root": "Kellegi", "_index_": 6, "partofspeech": "H", "start": 43, "lemma": "Kellegi"}, {"root_tokens": ["Kelleg"], "form": "Sg Ade", "clitic": "", "ending": "l", "end": 51, "root": "Kelleg", "_index_": 6, "partofspeech": "H", "start": 43, "lemma": "Kelleg"}], [{"root_tokens": ["täna"], "form": "", "clitic": "", "ending": "0", "end": 56, "root": "täna", "_index_": 7, "partofspeech": "D", "start": 52, "lemma": "täna"}], [{"root_tokens": ["öösel"], "form": "", "clitic": "", "ending": "0", "end": 62, "root": "öösel", "_index_": 8, "partofspeech": "D", "start": 57, "lemma": "öösel"}], [{"root_tokens": ["kuskilt"], "form": "", "clitic": "", "ending": "0", "end": 70, "root": "kuskilt", "_index_": 9, "partofspeech": "D", "start": 63, "lemma": "kuskilt"}], [{"root_tokens": ["Arnold"], "form": "Sg Nom", "clitic": "", "ending": "0", "end": 77, "root": "Arnold", "_index_": 10, "partofspeech": "H", "start": 71, "lemma": "Arnold"}], [{"root_tokens": ["Classic"], "form": "Sg Nom", "clitic": "", "ending": "0", "end": 85, "root": "Classic", "_index_": 11, "partofspeech": "H", "start": 78, "lemma": "Classic"}], [{"root_tokens": ["strongmanŽ"], "form": "Sg Gen", "clitic": "", "ending": "0", "end": 97, "root": "strongmanŽ", "_index_": 12, "partofspeech": "S", "start": 86, "lemma": "strongmanŽ"}, {"root_tokens": ["strongmanŽi"], "form": "Sg Gen", "clitic": "", "ending": "0", "end": 97, "root": "strongmanŽi", "_index_": 12, "partofspeech": "S", "start": 86, "lemma": "strongmanŽi"}], [{"root_tokens": ["õnnestus"], "form": "Sg Gen", "clitic": "", "ending": "0", "end": 107, "root": "õnnes=tus", "_index_": 13, "partofspeech": "S", "start": 98, "lemma": "õnnestus"}], [{"root_tokens": ["vaata"], "form": "Inf", "clitic": "", "ending": "ta", "end": 115, "root": "vaata", "_index_": 14, "partofspeech": "V", "start": 108, "lemma": "vaatama"}], [{"root_tokens": ["?"], "form": "", "clitic": "", "ending": "", "end": 117, "root": "?", "_index_": 15, "partofspeech": "Z", "start": 116, "lemma": "?"}], [{"root_tokens": ["Andrus"], "form": "Sg Nom", "clitic": "", "ending": "0", "end": 125, "root": "Andrus", "_index_": 16, "partofspeech": "H", "start": 119, "lemma": "Andrus"}], [{"root_tokens": ["Muru", "mets"], "form": "Sg Nom", "clitic": "", "ending": "0", "end": 134, "root": "Muru_mets", "_index_": 17, "partofspeech": "H", "start": 126, "lemma": "Murumets"}, {"root_tokens": ["Murumets"], "form": "Sg Nom", "clitic": "", "ending": "0", "end": 134, "root": "Murumets", "_index_": 17, "partofspeech": "H", "start": 126, "lemma": "Murumets"}], [{"root_tokens": ["tule"], "form": "Pers Prt Ind Sg 3 Aff", "clitic": "", "ending": "i", "end": 139, "root": "tule", "_index_": 18, "partofspeech": "V", "start": 135, "lemma": "tulema"}], [{"root_tokens": ["neljas"], "form": "Sg Tra", "clitic": "", "ending": "ks", "end": 150, "root": "neljas", "_index_": 19, "partofspeech": "O", "start": 140, "lemma": "neljas"}], [{"root_tokens": [","], "form": "", "clitic": "", "ending": "", "end": 152, "root": ",", "_index_": 20, "partofspeech": "Z", "start": 151, "lemma": ","}], [{"root_tokens": ["saa"], "form": "Pers Prt Ind Sg 3 Aff", "clitic": "", "ending": "i", "end": 156, "root": "saa", "_index_": 21, "partofspeech": "V", "start": 153, "lemma": "saama"}], [{"root_tokens": ["MuscleTechŽi"], "form": "Sg Abl", "clitic": "", "ending": "lt", "end": 171, "root": "MuscleTechŽi", "_index_": 22, "partofspeech": "H", "start": 157, "lemma": "MuscleTechŽi"}, {"root_tokens": ["MuscleTechŽ"], "form": "Sg Abl", "clitic": "", "ending": "lt", "end": 171, "root": "MuscleTechŽ", "_index_": 22, "partofspeech": "H", "start": 157, "lemma": "MuscleTechŽ"}], [{"root_tokens": ["10000"], "form": "?", "clitic": "", "ending": "0", "end": 177, "root": "10000", "_index_": 23, "partofspeech": "N", "start": 172, "lemma": "10000"}], [{"root_tokens": ["USD"], "form": "?", "clitic": "", "ending": "0", "end": 181, "root": "USD", "_index_": 24, "partofspeech": "Y", "start": 178, "lemma": "USD"}], [{"root_tokens": ["."], "form": "", "clitic": "", "ending": "", "end": 183, "root": ".", "_index_": 25, "partofspeech": "Z", "start": 182, "lemma": "."}], [{"root_tokens": ["esi", "koht"], "form": "Sg Nom", "clitic": "", "ending": "0", "end": 192, "root": "esi_koht", "_index_": 26, "partofspeech": "S", "start": 185, "lemma": "esikoht"}], [{"root_tokens": ["nagu"], "form": "", "clitic": "", "ending": "0", "end": 197, "root": "nagu", "_index_": 27, "partofspeech": "D", "start": 193, "lemma": "nagu"}, {"root_tokens": ["nagu"], "form": "", "clitic": "", "ending": "0", "end": 197, "root": "nagu", "_index_": 27, "partofspeech": "J", "start": 193, "lemma": "nagu"}], [{"root_tokens": ["ikka"], "form": "", "clitic": "", "ending": "0", "end": 202, "root": "ikka", "_index_": 28, "partofspeech": "D", "start": 198, "lemma": "ikka"}], [{"root_tokens": ["mine"], "form": "Pers Prt Ind Sg 3 Aff", "clitic": "", "ending": "s", "end": 207, "root": "mine", "_index_": 29, "partofspeech": "V", "start": 203, "lemma": "minema"}], [{"root_tokens": ["Leedu"], "form": "Sg Ill", "clitic": "", "ending": "0", "end": 213, "root": "Leedu", "_index_": 30, "partofspeech": "H", "start": 208, "lemma": "Leedu"}], [{"root_tokens": [","], "form": "", "clitic": "", "ending": "", "end": 215, "root": ",", "_index_": 31, "partofspeech": "Z", "start": 214, "lemma": ","}], [{"root_tokens": ["Zydrunas"], "form": "Sg Nom", "clitic": "", "ending": "0", "end": 224, "root": "Zydrunas", "_index_": 32, "partofspeech": "H", "start": 216, "lemma": "Zydrunas"}], [{"root_tokens": ["Savickas"], "form": "Sg Nom", "clitic": "", "ending": "0", "end": 233, "root": "Savickas", "_index_": 33, "partofspeech": "H", "start": 225, "lemma": "Savickas"}], [{"root_tokens": ["pane"], "form": "Pers Prt Ind Sg 3 Aff", "clitic": "", "ending": "i", "end": 238, "root": "pane", "_index_": 34, "partofspeech": "V", "start": 234, "lemma": "panema"}], [{"root_tokens": ["juba"], "form": "", "clitic": "", "ending": "0", "end": 243, "root": "juba", "_index_": 35, "partofspeech": "D", "start": 239, "lemma": "juba"}], [{"root_tokens": ["kuues"], "form": "Sg Par", "clitic": "", "ending": "t", "end": 252, "root": "kuues", "_index_": 36, "partofspeech": "O", "start": 244, "lemma": "kuues"}], [{"root_tokens": ["kord"], "form": "Sg Par", "clitic": "", "ending": "0", "end": 258, "root": "kord", "_index_": 37, "partofspeech": "S", "start": 253, "lemma": "kord"}], [{"root_tokens": ["järjest"], "form": "", "clitic": "", "ending": "0", "end": 266, "root": "järjest", "_index_": 38, "partofspeech": "D", "start": 259, "lemma": "järjest"}], [{"root_tokens": ["Arnold"], "form": "Sg Nom", "clitic": "", "ending": "0", "end": 273, "root": "Arnold", "_index_": 39, "partofspeech": "H", "start": 267, "lemma": "Arnold"}], [{"root_tokens": ["Classicu"], "form": "Sg Nom", "clitic": "", "ending": "0", "end": 282, "root": "Classicu", "_index_": 40, "partofspeech": "H", "start": 274, "lemma": "Classicu"}], [{"root_tokens": ["kinni"], "form": "", "clitic": "", "ending": "0", "end": 288, "root": "kinni", "_index_": 41, "partofspeech": "D", "start": 283, "lemma": "kinni"}], [{"root_tokens": [","], "form": "", "clitic": "", "ending": "", "end": 290, "root": ",", "_index_": 42, "partofspeech": "Z", "start": 289, "lemma": ","}], [{"root_tokens": ["au", "hind"], "form": "Sg Tra", "clitic": "", "ending": "ks", "end": 300, "root": "au_hind", "_index_": 43, "partofspeech": "S", "start": 291, "lemma": "auhind"}], [{"root_tokens": ["siis"], "form": "", "clitic": "", "ending": "0", "end": 305, "root": "siis", "_index_": 44, "partofspeech": "D", "start": 301, "lemma": "siis"}], [{"root_tokens": ["järje", "kordne"], "form": "Sg Gen", "clitic": "", "ending": "0", "end": 317, "root": "järje_kordne", "_index_": 45, "partofspeech": "A", "start": 306, "lemma": "järjekordne"}], [{"root_tokens": ["hum", "meri"], "form": "Sg Nom", "clitic": "", "ending": "0", "end": 325, "root": "hum_meri", "_index_": 46, "partofspeech": "S", "start": 318, "lemma": "hummeri"}], [{"root_tokens": ["ja"], "form": "", "clitic": "", "ending": "0", "end": 328, "root": "ja", "_index_": 47, "partofspeech": "J", "start": 326, "lemma": "ja"}], [{"root_tokens": ["40000"], "form": "?", "clitic": "", "ending": "0", "end": 334, "root": "40000", "_index_": 48, "partofspeech": "N", "start": 329, "lemma": "40000"}], [{"root_tokens": ["USD"], "form": "?", "clitic": "", "ending": "0", "end": 338, "root": "USD", "_index_": 49, "partofspeech": "Y", "start": 335, "lemma": "USD"}], [{"root_tokens": ["."], "form": "", "clitic": "", "ending": "", "end": 340, "root": ".", "_index_": 50, "partofspeech": "Z", "start": 339, "lemma": "."}], [{"root_tokens": ["keegi"], "form": "Sg Nom", "clitic": "", "ending": "0", "end": 347, "root": "keegi", "_index_": 51, "partofspeech": "P", "start": 342, "lemma": "keegi"}], [{"root_tokens": ["net"], "form": "Sg Ela", "clitic": "", "ending": "st", "end": 354, "root": "net", "_index_": 52, "partofspeech": "S", "start": 348, "lemma": "net"}], [{"root_tokens": ["võistlus"], "form": "Sg Gen", "clitic": "", "ending": "0", "end": 364, "root": "võistlus", "_index_": 53, "partofspeech": "S", "start": 355, "lemma": "võistlus"}], [{"root_tokens": ["replay"], "form": "Sg Nom", "clitic": "", "ending": "0", "end": 371, "root": "replay", "_index_": 54, "partofspeech": "S", "start": 365, "lemma": "replay"}], [{"root_tokens": ["leid"], "form": "Pers Prs Ind Sg 3 Aff", "clitic": "", "ending": "b", "end": 377, "root": "leid", "_index_": 55, "partofspeech": "V", "start": 372, "lemma": "leidma"}], [{"root_tokens": [","], "form": "", "clitic": "", "ending": "", "end": 379, "root": ",", "_index_": 56, "partofspeech": "Z", "start": 378, "lemma": ","}], [{"root_tokens": ["ole"], "form": "Pers Prs Cond", "clitic": "", "ending": "ks", "end": 385, "root": "ole", "_index_": 57, "partofspeech": "V", "start": 380, "lemma": "olema"}], [{"root_tokens": ["väga"], "form": "", "clitic": "", "ending": "0", "end": 390, "root": "väga", "_index_": 58, "partofspeech": "D", "start": 386, "lemma": "väga"}], [{"root_tokens": ["tänulik"], "form": "Sg Nom", "clitic": "", "ending": "0", "end": 398, "root": "tänulik", "_index_": 59, "partofspeech": "A", "start": 391, "lemma": "tänulik"}], [{"root_tokens": ["...."], "form": "", "clitic": "", "ending": "", "end": 403, "root": "....", "_index_": 60, "partofspeech": "Z", "start": 399, "lemma": "...."}], [{"root_tokens": ["bodybuilding.com"], "form": "Sg Nom", "clitic": "", "ending": "0", "end": 420, "root": "bodybuilding.com", "_index_": 61, "partofspeech": "H", "start": 404, "lemma": "bodybuilding.com"}], [{"root_tokens": ["kand"], "form": "Pers Prt Ind Sg 3 Aff", "clitic": "", "ending": "is", "end": 427, "root": "kand", "_index_": 62, "partofspeech": "V", "start": 421, "lemma": "kandma"}], [{"root_tokens": ["otse"], "form": "", "clitic": "", "ending": "0", "end": 432, "root": "otse", "_index_": 63, "partofspeech": "D", "start": 428, "lemma": "otse"}], [{"root_tokens": ["üle"], "form": "", "clitic": "", "ending": "0", "end": 436, "root": "üle", "_index_": 64, "partofspeech": "D", "start": 433, "lemma": "üle"}], [{"root_tokens": ["see"], "form": "Sg Par", "clitic": "", "ending": "da", "end": 441, "root": "see", "_index_": 65, "partofspeech": "P", "start": 437, "lemma": "see"}], [{"root_tokens": ["aga"], "form": "", "clitic": "", "ending": "0", "end": 445, "root": "aga", "_index_": 66, "partofspeech": "J", "start": 442, "lemma": "aga"}], [{"root_tokens": ["strongmanŽi"], "form": "Sg All", "clitic": "", "ending": "le", "end": 459, "root": "strongmanŽi", "_index_": 67, "partofspeech": "S", "start": 446, "lemma": "strongmanŽi"}, {"root_tokens": ["strongmanŽ"], "form": "Sg All", "clitic": "", "ending": "le", "end": 459, "root": "strongmanŽ", "_index_": 67, "partofspeech": "S", "start": 446, "lemma": "strongmanŽ"}], [{"root_tokens": ["ei"], "form": "Neg", "clitic": "", "ending": "0", "end": 462, "root": "ei", "_index_": 68, "partofspeech": "V", "start": 460, "lemma": "ei"}], [{"root_tokens": ["sattunud"], "form": "", "clitic": "", "ending": "0", "end": 471, "root": "sattu=nud", "_index_": 69, "partofspeech": "A", "start": 463, "lemma": "sattunud"}, {"root_tokens": ["sattunud"], "form": "Sg Nom", "clitic": "", "ending": "0", "end": 471, "root": "sattu=nud", "_index_": 69, "partofspeech": "A", "start": 463, "lemma": "sattunud"}, {"root_tokens": ["sattunud"], "form": "Pl Nom", "clitic": "", "ending": "d", "end": 471, "root": "sattu=nud", "_index_": 69, "partofspeech": "A", "start": 463, "lemma": "sattunud"}, {"root_tokens": ["sattu"], "form": "Pers Prt Ind Neg", "clitic": "", "ending": "nud", "end": 471, "root": "sattu", "_index_": 69, "partofspeech": "V", "start": 463, "lemma": "sattuma"}], [{"root_tokens": ["mina"], "form": "Sg Nom", "clitic": "", "ending": "0", "end": 474, "root": "mina", "_index_": 70, "partofspeech": "P", "start": 472, "lemma": "mina"}], [{"root_tokens": ["peale"], "form": "", "clitic": "", "ending": "0", "end": 480, "root": "peale", "_index_": 71, "partofspeech": "K", "start": 475, "lemma": "peale"}], [{"root_tokens": ["kahjuks"], "form": "", "clitic": "", "ending": "0", "end": 488, "root": "kahjuks", "_index_": 72, "partofspeech": "D", "start": 481, "lemma": "kahjuks"}], [{"root_tokens": ["!"], "form": "", "clitic": "", "ending": "", "end": 490, "root": "!", "_index_": 73, "partofspeech": "Z", "start": 489, "lemma": "!"}], [{"root_tokens": ["väike"], "form": "Sg Nom", "clitic": "", "ending": "0", "end": 497, "root": "väike", "_index_": 74, "partofspeech": "A", "start": 492, "lemma": "väike"}], [{"root_tokens": ["üle", "vaade"], "form": "Sg Nom", "clitic": "", "ending": "0", "end": 506, "root": "üle_vaade", "_index_": 75, "partofspeech": "S", "start": 498, "lemma": "ülevaade"}], [{"root_tokens": ["koha", "pealt"], "form": "", "clitic": "", "ending": "0", "end": 516, "root": "koha_pealt", "_index_": 76, "partofspeech": "D", "start": 507, "lemma": "kohapealt"}], [{"root_tokens": ["ott"], "form": "Sg Nom", "clitic": "", "ending": "0", "end": 520, "root": "ott", "_index_": 77, "partofspeech": "S", "start": 517, "lemma": "ott"}], [{"root_tokens": ["kiivi", "kask"], "form": "Sg Gen", "clitic": "", "ending": "0", "end": 530, "root": "kiivi_kask", "_index_": 78, "partofspeech": "S", "start": 521, "lemma": "kiivikask"}], [{"root_tokens": ["poolt"], "form": "", "clitic": "", "ending": "0", "end": 536, "root": "poolt", "_index_": 79, "partofspeech": "K", "start": 531, "lemma": "poolt"}], [{"root_tokens": ["."], "form": "", "clitic": "", "ending": "", "end": 538, "root": ".", "_index_": 80, "partofspeech": "Z", "start": 537, "lemma": "."}]]}, {"enveloping": null, "attributes": [], "name": "tokens", "parent": null, "_base": "tokens", "ambiguous": false, "spans": [{"start": 0, "end": 3}, {"start": 4, "end": 10}, {"start": 11, "end": 17}, {"start": 18, "end": 27}, {"start": 28, "end": 35}, {"start": 36, "end": 41}, {"start": 43, "end": 51}, {"start": 52, "end": 56}, {"start": 57, "end": 62}, {"start": 63, "end": 70}, {"start": 71, "end": 77}, {"start": 78, "end": 85}, {"start": 86, "end": 97}, {"start": 98, "end": 107}, {"start": 108, "end": 115}, {"start": 116, "end": 117}, {"start": 119, "end": 125}, {"start": 126, "end": 134}, {"start": 135, "end": 139}, {"start": 140, "end": 150}, {"start": 151, "end": 152}, {"start": 153, "end": 156}, {"start": 157, "end": 171}, {"start": 172, "end": 177}, {"start": 178, "end": 181}, {"start": 182, "end": 183}, {"start": 185, "end": 192}, {"start": 193, "end": 197}, {"start": 198, "end": 202}, {"start": 203, "end": 207}, {"start": 208, "end": 213}, {"start": 214, "end": 215}, {"start": 216, "end": 224}, {"start": 225, "end": 233}, {"start": 234, "end": 238}, {"start": 239, "end": 243}, {"start": 244, "end": 252}, {"start": 253, "end": 258}, {"start": 259, "end": 266}, {"start": 267, "end": 273}, {"start": 274, "end": 282}, {"start": 283, "end": 288}, {"start": 289, "end": 290}, {"start": 291, "end": 300}, {"start": 301, "end": 305}, {"start": 306, "end": 317}, {"start": 318, "end": 325}, {"start": 326, "end": 328}, {"start": 329, "end": 334}, {"start": 335, "end": 338}, {"start": 339, "end": 340}, {"start": 342, "end": 347}, {"start": 348, "end": 354}, {"start": 355, "end": 364}, {"start": 365, "end": 371}, {"start": 372, "end": 377}, {"start": 378, "end": 379}, {"start": 380, "end": 385}, {"start": 386, "end": 390}, {"start": 391, "end": 398}, {"start": 399, "end": 403}, {"start": 404, "end": 416}, {"start": 416, "end": 417}, {"start": 417, "end": 420}, {"start": 421, "end": 427}, {"start": 428, "end": 432}, {"start": 433, "end": 436}, {"start": 437, "end": 441}, {"start": 442, "end": 445}, {"start": 446, "end": 459}, {"start": 460, "end": 462}, {"start": 463, "end": 471}, {"start": 472, "end": 474}, {"start": 475, "end": 480}, {"start": 481, "end": 488}, {"start": 489, "end": 490}, {"start": 492, "end": 497}, {"start": 498, "end": 506}, {"start": 507, "end": 516}, {"start": 517, "end": 520}, {"start": 521, "end": 530}, {"start": 531, "end": 536}, {"start": 537, "end": 538}]}, {"enveloping": "tokens", "attributes": ["type", "normalized"], "name": "compound_tokens", "parent": null, "_base": "compound_tokens", "ambiguous": false, "spans": [{"_index_": [61, 62, 63], "type": ["www_address_short"], "normalized": "bodybuilding.com"}]}], "meta": {"subcorpus": "netifoorum", "type": "teema", "title": "7th Annual Arnold Strongman Classic title - 01. leht ( Planet Foorumid - Kultuur ja kunst - Kultuur - Sport )", "alamfoorum": "Sport"}, "text": "7th Annual Arnold Strongman Classic title\n\nKellegil täna öösel kuskilt Arnold Classic strongmanŽi õnnestuse vaadata ?\n\nAndrus Murumets tuli neljandaks , sai MuscleTechŽilt 10000 USD .\n\nEsikoht nagu ikka läks Leetu , Zydrunas Savickas pani juba kuuendat korda järjest Arnold Classicu kinni , auhinnaks siis järjekordse hummeri ja 40000 USD .\n\nKeegi netist võistluse replay leiab , oleks väga tänulik ....\nbodybuilding.com kandis otse üle seda aga strongmanŽile ei sattunud ma peale kahjuks !\n\nväike ülevaade kohapealt Ott Kiivikase poolt ."}