{"layers": [{"enveloping": null, "attributes": ["normalized_form"], "name": "words", "parent": null, "_base": "words", "ambiguous": false, "spans": [{"start": 0, "normalized_form": null, "end": 7}, {"start": 8, "normalized_form": null, "end": 12}, {"start": 13, "normalized_form": null, "end": 16}, {"start": 18, "normalized_form": null, "end": 25}, {"start": 26, "normalized_form": null, "end": 29}, {"start": 30, "normalized_form": null, "end": 35}, {"start": 36, "normalized_form": null, "end": 38}, {"start": 39, "normalized_form": null, "end": 45}, {"start": 46, "normalized_form": null, "end": 47}]}, {"enveloping": "words", "attributes": ["fix_types"], "name": "sentences", "parent": null, "_base": "sentences", "ambiguous": false, "spans": [{"fix_types": ["double_newline_ending"], "_index_": [0, 1, 2]}, {"fix_types": [], "_index_": [3, 4, 5, 6, 7, 8]}]}, {"enveloping": "sentences", "attributes": [], "name": "paragraphs", "parent": null, "_base": "paragraphs", "ambiguous": false, "spans": [{"_index_": [0]}, {"_index_": [1]}]}, {"enveloping": "words", "attributes": ["type"], "name": "syntax_ignore", "parent": null, "_base": "syntax_ignore", "ambiguous": false, "spans": []}, {"enveloping": null, "attributes": ["lemma", "root", "root_tokens", "ending", "clitic", "form", "partofspeech"], "name": "morph_analysis", "parent": "words", "_base": "words", "ambiguous": true, "spans": [[{"root_tokens": ["hääleta"], "form": "o", "clitic": "", "ending": "0", "end": 7, "root": "hääleta", "_index_": 0, "partofspeech": "V", "start": 0, "lemma": "hääletama"}], [{"root_tokens": ["nüüd"], "form": "", "clitic": "", "ending": "0", "end": 12, "root": "nüüd", "_index_": 1, "partofspeech": "D", "start": 8, "lemma": "nüüd"}], [{"root_tokens": ["!!!"], "form": "", "clitic": "", "ending": "", "end": 16, "root": "!!!", "_index_": 2, "partofspeech": "Z", "start": 13, "lemma": "!!!"}], [{"root_tokens": ["surnu"], "form": "pl g", "clitic": "", "ending": "te", "end": 25, "root": "surnu", "_index_": 3, "partofspeech": "S", "start": 18, "lemma": "surnu"}], [{"root_tokens": ["üle"], "form": "", "clitic": "", "ending": "0", "end": 29, "root": "üle", "_index_": 4, "partofspeech": "K", "start": 26, "lemma": "üle"}], [{"root_tokens": ["nali"], "form": "sg p", "clitic": "", "ending": "0", "end": 35, "root": "nali", "_index_": 5, "partofspeech": "S", "start": 30, "lemma": "nali"}], [{"root_tokens": ["ei"], "form": "neg", "clitic": "", "ending": "0", "end": 38, "root": "ei", "_index_": 6, "partofspeech": "V", "start": 36, "lemma": "ei"}], [{"root_tokens": ["viska"], "form": "da", "clitic": "", "ending": "ta", "end": 45, "root": "viska", "_index_": 7, "partofspeech": "V", "start": 39, "lemma": "viskama"}], [{"root_tokens": ["."], "form": "", "clitic": "", "ending": "", "end": 47, "root": ".", "_index_": 8, "partofspeech": "Z", "start": 46, "lemma": "."}]]}, {"enveloping": null, "attributes": ["lemma", "root", "root_tokens", "ending", "clitic", "form", "partofspeech"], "name": "gt_morph_analysis", "parent": "morph_analysis", "_base": "words", "ambiguous": true, "spans": [[{"root_tokens": ["hääleta"], "form": "Pers Prs Imprt Sg 2", "clitic": "", "ending": "0", "end": 7, "root": "hääleta", "_index_": 0, "partofspeech": "V", "start": 0, "lemma": "hääletama"}], [{"root_tokens": ["nüüd"], "form": "", "clitic": "", "ending": "0", "end": 12, "root": "nüüd", "_index_": 1, "partofspeech": "D", "start": 8, "lemma": "nüüd"}], [{"root_tokens": ["!!!"], "form": "", "clitic": "", "ending": "", "end": 16, "root": "!!!", "_index_": 2, "partofspeech": "Z", "start": 13, "lemma": "!!!"}], [{"root_tokens": ["surnu"], "form": "Pl Gen", "clitic": "", "ending": "te", "end": 25, "root": "surnu", "_index_": 3, "partofspeech": "S", "start": 18, "lemma": "surnu"}], [{"root_tokens": ["üle"], "form": "", "clitic": "", "ending": "0", "end": 29, "root": "üle", "_index_": 4, "partofspeech": "K", "start": 26, "lemma": "üle"}], [{"root_tokens": ["nali"], "form": "Sg Par", "clitic": "", "ending": "0", "end": 35, "root": "nali", "_index_": 5, "partofspeech": "S", "start": 30, "lemma": "nali"}], [{"root_tokens": ["ei"], "form": "Neg", "clitic": "", "ending": "0", "end": 38, "root": "ei", "_index_": 6, "partofspeech": "V", "start": 36, "lemma": "ei"}], [{"root_tokens": ["viska"], "form": "Inf", "clitic": "", "ending": "ta", "end": 45, "root": "viska", "_index_": 7, "partofspeech": "V", "start": 39, "lemma": "viskama"}], [{"root_tokens": ["."], "form": "", "clitic": "", "ending": "", "end": 47, "root": ".", "_index_": 8, "partofspeech": "Z", "start": 46, "lemma": "."}]]}, {"enveloping": null, "attributes": [], "name": "tokens", "parent": null, "_base": "tokens", "ambiguous": false, "spans": [{"start": 0, "end": 7}, {"start": 8, "end": 12}, {"start": 13, "end": 16}, {"start": 18, "end": 25}, {"start": 26, "end": 29}, {"start": 30, "end": 35}, {"start": 36, "end": 38}, {"start": 39, "end": 45}, {"start": 46, "end": 47}]}, {"enveloping": "tokens", "attributes": ["type", "normalized"], "name": "compound_tokens", "parent": null, "_base": "compound_tokens", "ambiguous": false, "spans": []}], "meta": {"subcorpus": "netifoorum", "type": "teema", "title": "MN ! - 01. leht ( Planet Foorumid - Varia - Südamelt ära )", "alamfoorum": "Südamelt_ära"}, "text": "HÄÄLETA NÜÜD !!!\n\nsurnute üle nalja ei visata ."}