{"layers": [{"enveloping": null, "attributes": ["normalized_form"], "name": "words", "parent": null, "_base": "words", "ambiguous": false, "spans": [{"start": 0, "normalized_form": null, "end": 6}, {"start": 7, "normalized_form": null, "end": 15}, {"start": 16, "normalized_form": null, "end": 18}, {"start": 19, "normalized_form": null, "end": 20}, {"start": 22, "normalized_form": null, "end": 31}, {"start": 33, "normalized_form": null, "end": 38}, {"start": 39, "normalized_form": null, "end": 45}, {"start": 46, "normalized_form": null, "end": 49}, {"start": 50, "normalized_form": null, "end": 51}, {"start": 52, "normalized_form": null, "end": 56}, {"start": 57, "normalized_form": null, "end": 64}, {"start": 65, "normalized_form": null, "end": 69}, {"start": 70, "normalized_form": null, "end": 74}, {"start": 75, "normalized_form": null, "end": 76}, {"start": 78, "normalized_form": null, "end": 84}, {"start": 85, "normalized_form": null, "end": 92}, {"start": 93, "normalized_form": null, "end": 94}, {"start": 95, "normalized_form": null, "end": 97}, {"start": 98, "normalized_form": null, "end": 100}, {"start": 101, "normalized_form": null, "end": 108}, {"start": 109, "normalized_form": null, "end": 112}, {"start": 113, "normalized_form": null, "end": 114}, {"start": 115, "normalized_form": null, "end": 117}, {"start": 118, "normalized_form": null, "end": 126}, {"start": 127, "normalized_form": null, "end": 132}, {"start": 133, "normalized_form": null, "end": 138}, {"start": 139, "normalized_form": null, "end": 146}, {"start": 147, "normalized_form": null, "end": 148}, {"start": 150, "normalized_form": null, "end": 158}, {"start": 159, "normalized_form": null, "end": 160}, {"start": 161, "normalized_form": null, "end": 165}, {"start": 166, "normalized_form": null, "end": 169}, {"start": 170, "normalized_form": null, "end": 174}, {"start": 175, "normalized_form": null, "end": 183}, {"start": 184, "normalized_form": null, "end": 188}, {"start": 189, "normalized_form": null, "end": 190}, {"start": 192, "normalized_form": null, "end": 200}, {"start": 201, "normalized_form": null, "end": 202}, {"start": 204, "normalized_form": null, "end": 206}, {"start": 208, "normalized_form": null, "end": 209}, {"start": 209, "normalized_form": null, "end": 219}, {"start": 220, "normalized_form": null, "end": 231}, {"start": 232, "normalized_form": null, "end": 233}, {"start": 235, "normalized_form": null, "end": 239}, {"start": 241, "normalized_form": null, "end": 245}, {"start": 246, "normalized_form": null, "end": 252}, {"start": 253, "normalized_form": null, "end": 254}, {"start": 255, "normalized_form": null, "end": 261}, {"start": 262, "normalized_form": null, "end": 264}, {"start": 265, "normalized_form": null, "end": 269}, {"start": 270, "normalized_form": null, "end": 272}, {"start": 273, "normalized_form": null, "end": 279}, {"start": 280, "normalized_form": null, "end": 286}, {"start": 287, "normalized_form": null, "end": 290}, {"start": 291, "normalized_form": null, "end": 302}, {"start": 303, "normalized_form": null, "end": 309}, {"start": 311, "normalized_form": null, "end": 315}, {"start": 316, "normalized_form": null, "end": 320}, {"start": 321, "normalized_form": null, "end": 325}, {"start": 326, "normalized_form": null, "end": 329}, {"start": 331, "normalized_form": null, "end": 335}, {"start": 336, "normalized_form": null, "end": 342}, {"start": 344, "normalized_form": null, "end": 347}, {"start": 348, "normalized_form": null, "end": 350}, {"start": 351, "normalized_form": null, "end": 355}, {"start": 357, "normalized_form": null, "end": 360}, {"start": 362, "normalized_form": null, "end": 366}, {"start": 368, "normalized_form": null, "end": 372}, {"start": 373, "normalized_form": null, "end": 379}, {"start": 380, "normalized_form": null, "end": 386}, {"start": 387, "normalized_form": null, "end": 393}, {"start": 394, "normalized_form": null, "end": 395}, {"start": 397, "normalized_form": null, "end": 398}, {"start": 399, "normalized_form": null, "end": 401}, {"start": 402, "normalized_form": null, "end": 407}, {"start": 408, "normalized_form": null, "end": 410}, {"start": 411, "normalized_form": null, "end": 417}, {"start": 418, "normalized_form": null, "end": 419}, {"start": 420, "normalized_form": null, "end": 422}, {"start": 423, "normalized_form": null, "end": 429}, {"start": 430, "normalized_form": null, "end": 435}, {"start": 436, "normalized_form": null, "end": 437}, {"start": 439, "normalized_form": null, "end": 446}, {"start": 447, "normalized_form": null, "end": 459}, {"start": 460, "normalized_form": null, "end": 463}, {"start": 464, "normalized_form": null, "end": 470}, {"start": 471, "normalized_form": null, "end": 482}, {"start": 484, "normalized_form": null, "end": 487}, {"start": 488, "normalized_form": null, "end": 490}, {"start": 491, "normalized_form": null, "end": 493}, {"start": 494, "normalized_form": null, "end": 499}, {"start": 500, "normalized_form": null, "end": 511}, {"start": 512, "normalized_form": null, "end": 516}, {"start": 518, "normalized_form": null, "end": 521}, {"start": 523, "normalized_form": null, "end": 526}, {"start": 528, "normalized_form": null, "end": 535}, {"start": 537, "normalized_form": null, "end": 544}, {"start": 545, "normalized_form": null, "end": 550}, {"start": 552, "normalized_form": null, "end": 555}, {"start": 556, "normalized_form": null, "end": 559}, {"start": 560, "normalized_form": null, "end": 564}, {"start": 565, "normalized_form": null, "end": 567}, {"start": 568, "normalized_form": null, "end": 569}, {"start": 570, "normalized_form": null, "end": 574}, {"start": 575, "normalized_form": null, "end": 579}, {"start": 580, "normalized_form": null, "end": 584}, {"start": 585, "normalized_form": null, "end": 595}, {"start": 596, "normalized_form": null, "end": 603}, {"start": 604, "normalized_form": null, "end": 605}, {"start": 606, "normalized_form": null, "end": 609}, {"start": 610, "normalized_form": null, "end": 613}, {"start": 614, "normalized_form": null, "end": 618}, {"start": 619, "normalized_form": null, "end": 621}, {"start": 622, "normalized_form": null, "end": 623}, {"start": 624, "normalized_form": null, "end": 628}, {"start": 629, "normalized_form": null, "end": 633}, {"start": 634, "normalized_form": null, "end": 639}, {"start": 640, "normalized_form": null, "end": 643}, {"start": 644, "normalized_form": null, "end": 645}, {"start": 647, "normalized_form": null, "end": 653}, {"start": 654, "normalized_form": null, "end": 659}, {"start": 661, "normalized_form": null, "end": 667}, {"start": 668, "normalized_form": null, "end": 672}, {"start": 673, "normalized_form": null, "end": 677}, {"start": 678, "normalized_form": null, "end": 683}, {"start": 684, "normalized_form": null, "end": 689}, {"start": 690, "normalized_form": null, "end": 695}, {"start": 696, "normalized_form": null, "end": 706}, {"start": 707, "normalized_form": null, "end": 708}, {"start": 710, "normalized_form": null, "end": 724}, {"start": 726, "normalized_form": null, "end": 732}, {"start": 733, "normalized_form": null, "end": 739}]}, {"enveloping": "words", "attributes": ["fix_types"], "name": "sentences", "parent": null, "_base": "sentences", "ambiguous": false, "spans": [{"fix_types": [], "_index_": [0, 1, 2, 3]}, {"fix_types": ["double_newline_ending"], "_index_": [4]}, {"fix_types": ["abbrev_common"], "_index_": [5, 6, 7, 8, 9, 10, 11, 12, 13]}, {"fix_types": [], "_index_": [14, 15, 16, 17, 18, 19, 20, 21, 22, 23, 24, 25, 26, 27]}, {"fix_types": [], "_index_": [28, 29, 30, 31, 32, 33, 34, 35]}, {"fix_types": ["double_newline_ending", "repeated_ending_punct"], "_index_": [36, 37, 38]}, {"fix_types": [], "_index_": [39, 40, 41, 42]}, {"fix_types": ["double_newline_ending"], "_index_": [43]}, {"fix_types": ["double_newline_ending"], "_index_": [44, 45, 46, 47, 48, 49, 50, 51, 52, 53, 54, 55]}, {"fix_types": ["double_newline_ending"], "_index_": [56, 57, 58, 59]}, {"fix_types": ["double_newline_ending"], "_index_": [60, 61]}, {"fix_types": ["double_newline_ending"], "_index_": [62, 63, 64]}, {"fix_types": ["double_newline_ending"], "_index_": [65]}, {"fix_types": ["double_newline_ending"], "_index_": [66]}, {"fix_types": [], "_index_": [67, 68, 69, 70, 71]}, {"fix_types": ["double_newline_ending"], "_index_": [72, 73, 74, 75, 76, 77, 78, 79, 80, 81]}, {"fix_types": ["double_newline_ending"], "_index_": [82, 83, 84, 85, 86]}, {"fix_types": ["double_newline_ending"], "_index_": [87, 88, 89, 90, 91, 92]}, {"fix_types": ["double_newline_ending", "double_newline_ending", "repeated_ending_punct"], "_index_": [93, 94]}, {"fix_types": ["double_newline_ending"], "_index_": [95]}, {"fix_types": ["double_newline_ending"], "_index_": [96, 97]}, {"fix_types": [], "_index_": [98, 99, 100, 101, 102, 103, 104, 105, 106, 107, 108, 109, 110, 111, 112, 113, 114, 115, 116, 117, 118]}, {"fix_types": ["double_newline_ending"], "_index_": [119, 120]}, {"fix_types": ["double_newline_ending"], "_index_": [121, 122, 123, 124, 125, 126, 127, 128]}, {"fix_types": ["double_newline_ending"], "_index_": [129]}, {"fix_types": [], "_index_": [130, 131]}]}, {"enveloping": "sentences", "attributes": [], "name": "paragraphs", "parent": null, "_base": "paragraphs", "ambiguous": false, "spans": [{"_index_": [0]}, {"_index_": [1]}, {"_index_": [2]}, {"_index_": [3]}, {"_index_": [4]}, {"_index_": [5]}, {"_index_": [6]}, {"_index_": [7]}, {"_index_": [8]}, {"_index_": [9]}, {"_index_": [10]}, {"_index_": [11]}, {"_index_": [12]}, {"_index_": [13]}, {"_index_": [14]}, {"_index_": [15]}, {"_index_": [16]}, {"_index_": [17]}, {"_index_": [18]}, {"_index_": [19]}, {"_index_": [20]}, {"_index_": [21]}, {"_index_": [22]}, {"_index_": [23]}, {"_index_": [24]}, {"_index_": [25]}]}, {"enveloping": "words", "attributes": ["type"], "name": "syntax_ignore", "parent": null, "_base": "syntax_ignore", "ambiguous": false, "spans": []}, {"enveloping": null, "attributes": ["lemma", "root", "root_tokens", "ending", "clitic", "form", "partofspeech"], "name": "morph_analysis", "parent": "words", "_base": "words", "ambiguous": true, "spans": [[{"root_tokens": ["natuke"], "form": "", "clitic": "", "ending": "0", "end": 6, "root": "natuke", "_index_": 0, "partofspeech": "D", "start": 0, "lemma": "natuke"}], [{"root_tokens": ["tuuni"], "form": "sin", "clitic": "", "ending": "sin", "end": 15, "root": "tuuni", "_index_": 1, "partofspeech": "V", "start": 7, "lemma": "tuunima"}], [{"root_tokens": ["ka"], "form": "", "clitic": "", "ending": "0", "end": 18, "root": "ka", "_index_": 2, "partofspeech": "D", "start": 16, "lemma": "ka"}], [{"root_tokens": ["."], "form": "", "clitic": "", "ending": "", "end": 20, "root": ".", "_index_": 3, "partofspeech": "Z", "start": 19, "lemma": "."}], [{"root_tokens": ["haard", "koor"], "form": "sg n", "clitic": "", "ending": "0", "end": 31, "root": "haard_koor", "_index_": 4, "partofspeech": "S", "start": 22, "lemma": "haardkoor"}], [{"root_tokens": ["nädal"], "form": "sg n", "clitic": "", "ending": "0", "end": 38, "root": "nädal", "_index_": 5, "partofspeech": "S", "start": 33, "lemma": "nädal"}], [{"root_tokens": ["tagasi"], "form": "", "clitic": "", "ending": "0", "end": 45, "root": "tagasi", "_index_": 6, "partofspeech": "D", "start": 39, "lemma": "tagasi"}], [{"root_tokens": ["vms"], "form": "?", "clitic": "", "ending": "0", "end": 49, "root": "vms", "_index_": 7, "partofspeech": "Y", "start": 46, "lemma": "vms"}], [{"root_tokens": ["."], "form": "", "clitic": "", "ending": "", "end": 51, "root": ".", "_index_": 8, "partofspeech": "Z", "start": 50, "lemma": "."}], [{"root_tokens": ["nüüd"], "form": "", "clitic": "", "ending": "0", "end": 56, "root": "nüüd", "_index_": 9, "partofspeech": "D", "start": 52, "lemma": "nüüd"}], [{"root_tokens": ["juuksur"], "form": "sg n", "clitic": "", "ending": "0", "end": 64, "root": "juuksur", "_index_": 10, "partofspeech": "S", "start": 57, "lemma": "juuksur"}], [{"root_tokens": ["tege"], "form": "s", "clitic": "", "ending": "i", "end": 69, "root": "tege", "_index_": 11, "partofspeech": "V", "start": 65, "lemma": "tegema"}], [{"root_tokens": ["jama"], "form": "sg n", "clitic": "", "ending": "0", "end": 74, "root": "jama", "_index_": 12, "partofspeech": "S", "start": 70, "lemma": "jama"}], [{"root_tokens": ["."], "form": "", "clitic": "", "ending": "", "end": 76, "root": ".", "_index_": 13, "partofspeech": "Z", "start": 75, "lemma": "."}], [{"root_tokens": ["lõika"], "form": "s", "clitic": "", "ending": "s", "end": 84, "root": "lõika", "_index_": 14, "partofspeech": "V", "start": 78, "lemma": "lõikama"}], [{"root_tokens": ["valesti"], "form": "", "clitic": "", "ending": "0", "end": 92, "root": "valesti", "_index_": 15, "partofspeech": "D", "start": 85, "lemma": "valesti"}], [{"root_tokens": [","], "form": "", "clitic": "", "ending": "", "end": 94, "root": ",", "_index_": 16, "partofspeech": "Z", "start": 93, "lemma": ","}], [{"root_tokens": ["mina"], "form": "sg n", "clitic": "", "ending": "0", "end": 97, "root": "mina", "_index_": 17, "partofspeech": "P", "start": 95, "lemma": "mina"}], [{"root_tokens": ["ei"], "form": "neg", "clitic": "", "ending": "0", "end": 100, "root": "ei", "_index_": 18, "partofspeech": "V", "start": 98, "lemma": "ei"}], [{"root_tokens": ["tahtnud"], "form": "", "clitic": "", "ending": "0", "end": 108, "root": "taht=nud", "_index_": 19, "partofspeech": "A", "start": 101, "lemma": "tahtnud"}, {"root_tokens": ["tahtnud"], "form": "sg n", "clitic": "", "ending": "0", "end": 108, "root": "taht=nud", "_index_": 19, "partofspeech": "A", "start": 101, "lemma": "tahtnud"}, {"root_tokens": ["tahtnud"], "form": "pl n", "clitic": "", "ending": "d", "end": 108, "root": "taht=nud", "_index_": 19, "partofspeech": "A", "start": 101, "lemma": "tahtnud"}, {"root_tokens": ["taht"], "form": "nud", "clitic": "", "ending": "nud", "end": 108, "root": "taht", "_index_": 19, "partofspeech": "V", "start": 101, "lemma": "tahtma"}], [{"root_tokens": ["nii"], "form": "", "clitic": "", "ending": "0", "end": 112, "root": "nii", "_index_": 20, "partofspeech": "D", "start": 109, "lemma": "nii"}], [{"root_tokens": [","], "form": "", "clitic": "", "ending": "", "end": 114, "root": ",", "_index_": 21, "partofspeech": "Z", "start": 113, "lemma": ","}], [{"root_tokens": ["mina"], "form": "sg n", "clitic": "", "ending": "0", "end": 117, "root": "mina", "_index_": 22, "partofspeech": "P", "start": 115, "lemma": "mina"}], [{"root_tokens": ["käski"], "form": "sin", "clitic": "", "ending": "sin", "end": 126, "root": "käski", "_index_": 23, "partofspeech": "V", "start": 118, "lemma": "käskima"}], [{"root_tokens": ["teine"], "form": "sg p", "clitic": "", "ending": "t", "end": 132, "root": "teine", "_index_": 24, "partofspeech": "O", "start": 127, "lemma": "teine"}, {"root_tokens": ["teine"], "form": "sg p", "clitic": "", "ending": "t", "end": 132, "root": "teine", "_index_": 24, "partofspeech": "P", "start": 127, "lemma": "teine"}], [{"root_tokens": ["mood"], "form": "sg p", "clitic": "", "ending": "0", "end": 138, "root": "mood", "_index_": 25, "partofspeech": "S", "start": 133, "lemma": "mood"}], [{"root_tokens": ["lõika"], "form": "da", "clitic": "", "ending": "ta", "end": 146, "root": "lõika", "_index_": 26, "partofspeech": "V", "start": 139, "lemma": "lõikama"}], [{"root_tokens": ["."], "form": "", "clitic": "", "ending": "", "end": 148, "root": ".", "_index_": 27, "partofspeech": "Z", "start": 147, "lemma": "."}], [{"root_tokens": ["iga", "tahes"], "form": "", "clitic": "", "ending": "0", "end": 158, "root": "iga_tahes", "_index_": 28, "partofspeech": "D", "start": 150, "lemma": "igatahes"}], [{"root_tokens": [","], "form": "", "clitic": "", "ending": "", "end": 160, "root": ",", "_index_": 29, "partofspeech": "Z", "start": 159, "lemma": ","}], [{"root_tokens": ["enam"], "form": "", "clitic": "", "ending": "0", "end": 165, "root": "enam", "_index_": 30, "partofspeech": "D", "start": 161, "lemma": "enam"}], [{"root_tokens": ["mina"], "form": "sg ad", "clitic": "", "ending": "l", "end": 169, "root": "mina", "_index_": 31, "partofspeech": "P", "start": 166, "lemma": "mina"}], [{"root_tokens": ["see"], "form": "pl p", "clitic": "", "ending": "d", "end": 174, "root": "see", "_index_": 32, "partofspeech": "P", "start": 170, "lemma": "see"}], [{"root_tokens": ["juus"], "form": "pl p", "clitic": "", "ending": "id", "end": 183, "root": "juus", "_index_": 33, "partofspeech": "S", "start": 175, "lemma": "juus"}], [{"root_tokens": ["ole"], "form": "neg o", "clitic": "", "ending": "0", "end": 188, "root": "ole", "_index_": 34, "partofspeech": "V", "start": 184, "lemma": "olema"}], [{"root_tokens": ["."], "form": "", "clitic": "", "ending": "", "end": 190, "root": ".", "_index_": 35, "partofspeech": "Z", "start": 189, "lemma": "."}], [{"root_tokens": ["blondiin"], "form": "sg n", "clitic": "", "ending": "0", "end": 200, "root": "blondiin", "_index_": 36, "partofspeech": "S", "start": 192, "lemma": "blondiin"}], [{"root_tokens": ["?"], "form": "", "clitic": "", "ending": "", "end": 202, "root": "?", "_index_": 37, "partofspeech": "Z", "start": 201, "lemma": "?"}], [{"root_tokens": ["!"], "form": "", "clitic": "", "ending": "", "end": 206, "root": "!", "_index_": 38, "partofspeech": "Z", "start": 204, "lemma": "!"}], [{"root_tokens": ["+"], "form": "", "clitic": "", "ending": "", "end": 209, "root": "+", "_index_": 39, "partofspeech": "Z", "start": 208, "lemma": "+"}], [{"root_tokens": ["ekstra", "suur"], "form": "sg n", "clitic": "", "ending": "0", "end": 219, "root": "ekstra_suur", "_index_": 40, "partofspeech": "A", "start": 209, "lemma": "ekstrasuur"}], [{"root_tokens": ["kõrva", "rõngas"], "form": "sg n", "clitic": "", "ending": "0", "end": 231, "root": "kõrva_rõngas", "_index_": 41, "partofspeech": "S", "start": 220, "lemma": "kõrvarõngas"}], [{"root_tokens": ["."], "form": "", "clitic": "", "ending": "", "end": 233, "root": ".", "_index_": 42, "partofspeech": "Z", "start": 232, "lemma": "."}], [{"root_tokens": ["mina"], "form": "sg n", "clitic": "", "ending": "0", "end": 239, "root": "mina", "_index_": 43, "partofspeech": "S", "start": 235, "lemma": "mina"}], [{"root_tokens": ["pane"], "form": "o", "clitic": "", "ending": "0", "end": 245, "root": "pane", "_index_": 44, "partofspeech": "V", "start": 241, "lemma": "panema"}], [{"root_tokens": ["tähele"], "form": "", "clitic": "", "ending": "0", "end": 252, "root": "tähele", "_index_": 45, "partofspeech": "X", "start": 246, "lemma": "tähele"}], [{"root_tokens": [","], "form": "", "clitic": "", "ending": "", "end": 254, "root": ",", "_index_": 46, "partofspeech": "Z", "start": 253, "lemma": ","}], [{"root_tokens": ["keegi"], "form": "sg p", "clitic": "", "ending": "dagi", "end": 261, "root": "keegi", "_index_": 47, "partofspeech": "P", "start": 255, "lemma": "keegi"}], [{"root_tokens": ["ei"], "form": "neg", "clitic": "", "ending": "0", "end": 264, "root": "ei", "_index_": 48, "partofspeech": "V", "start": 262, "lemma": "ei"}], [{"root_tokens": ["kott"], "form": "sg g", "clitic": "", "ending": "0", "end": 269, "root": "kott", "_index_": 49, "partofspeech": "S", "start": 265, "lemma": "kott"}], [{"root_tokens": ["sina"], "form": "sg g", "clitic": "", "ending": "0", "end": 272, "root": "sina", "_index_": 50, "partofspeech": "P", "start": 270, "lemma": "sina"}], [{"root_tokens": ["kurat"], "form": "sg g", "clitic": "", "ending": "0", "end": 279, "root": "kurat", "_index_": 51, "partofspeech": "S", "start": 273, "lemma": "kurat"}], [{"root_tokens": ["kulm"], "form": "pl n", "clitic": "", "ending": "d", "end": 286, "root": "kulm", "_index_": 52, "partofspeech": "S", "start": 280, "lemma": "kulm"}], [{"root_tokens": ["ega"], "form": "", "clitic": "", "ending": "0", "end": 290, "root": "ega", "_index_": 53, "partofspeech": "J", "start": 287, "lemma": "ega"}], [{"root_tokens": ["ninnu", "rõngas"], "form": "pl n", "clitic": "", "ending": "d", "end": 302, "root": "ninnu_rõngas", "_index_": 54, "partofspeech": "S", "start": 291, "lemma": "ninnurõngas"}], [{"root_tokens": ["ekso"], "form": "sg all", "clitic": "", "ending": "le", "end": 309, "root": "ekso", "_index_": 55, "partofspeech": "S", "start": 303, "lemma": "ekso"}], [{"root_tokens": ["pmst"], "form": "?", "clitic": "", "ending": "0", "end": 315, "root": "pmst", "_index_": 56, "partofspeech": "Y", "start": 311, "lemma": "pmst"}], [{"root_tokens": ["siis"], "form": "", "clitic": "", "ending": "0", "end": 320, "root": "siis", "_index_": 57, "partofspeech": "D", "start": 316, "lemma": "siis"}], [{"root_tokens": ["mina"], "form": "sg p", "clitic": "", "ending": "0", "end": 325, "root": "mina", "_index_": 58, "partofspeech": "S", "start": 321, "lemma": "mina"}], [{"root_tokens": ["jah"], "form": "", "clitic": "", "ending": "0", "end": 329, "root": "jah", "_index_": 59, "partofspeech": "D", "start": 326, "lemma": "jah"}], [{"root_tokens": ["mina"], "form": "sg g", "clitic": "", "ending": "0", "end": 335, "root": "mina", "_index_": 60, "partofspeech": "P", "start": 331, "lemma": "mina"}], [{"root_tokens": ["pilt"], "form": "pl n", "clitic": "", "ending": "d", "end": 342, "root": "pilt", "_index_": 61, "partofspeech": "S", "start": 336, "lemma": "pilt"}], [{"root_tokens": ["one"], "form": "sg n", "clitic": "", "ending": "0", "end": 347, "root": "one", "_index_": 62, "partofspeech": "S", "start": 344, "lemma": "one"}], [{"root_tokens": ["ja"], "form": "", "clitic": "", "ending": "0", "end": 350, "root": "ja", "_index_": 63, "partofspeech": "J", "start": 348, "lemma": "ja"}], [{"root_tokens": ["mina"], "form": "sg n", "clitic": "", "ending": "0", "end": 355, "root": "mina", "_index_": 64, "partofspeech": "S", "start": 351, "lemma": "mina"}], [{"root_tokens": ["hõh"], "form": "", "clitic": "", "ending": "0", "end": 360, "root": "hõh", "_index_": 65, "partofspeech": "I", "start": 357, "lemma": "hõh"}], [{"root_tokens": ["tere"], "form": "", "clitic": "", "ending": "0", "end": 366, "root": "tere", "_index_": 66, "partofspeech": "I", "start": 362, "lemma": "tere"}], [{"root_tokens": ["siin"], "form": "", "clitic": "", "ending": "0", "end": 372, "root": "siin", "_index_": 67, "partofspeech": "D", "start": 368, "lemma": "siin"}], [{"root_tokens": ["ainult"], "form": "", "clitic": "", "ending": "0", "end": 379, "root": "ainult", "_index_": 68, "partofspeech": "D", "start": 373, "lemma": "ainult"}], [{"root_tokens": ["sensud"], "form": "sg n", "clitic": "", "ending": "0", "end": 386, "root": "sensud", "_index_": 69, "partofspeech": "S", "start": 380, "lemma": "sensud"}, {"root_tokens": ["sensu"], "form": "pl n", "clitic": "", "ending": "d", "end": 386, "root": "sensu", "_index_": 69, "partofspeech": "S", "start": 380, "lemma": "sensu"}], [{"root_tokens": ["naine"], "form": "pl n", "clitic": "", "ending": "d", "end": 393, "root": "naine", "_index_": 70, "partofspeech": "S", "start": 387, "lemma": "naine"}], [{"root_tokens": ["."], "form": "", "clitic": "", "ending": "", "end": 395, "root": ".", "_index_": 71, "partofspeech": "Z", "start": 394, "lemma": "."}], [{"root_tokens": ["("], "form": "", "clitic": "", "ending": "", "end": 398, "root": "(", "_index_": 72, "partofspeech": "Z", "start": 397, "lemma": "("}], [{"root_tokens": ["ja"], "form": "", "clitic": "", "ending": "0", "end": 401, "root": "ja", "_index_": 73, "partofspeech": "J", "start": 399, "lemma": "ja"}], [{"root_tokens": ["mees"], "form": "pl n", "clitic": "", "ending": "d", "end": 407, "root": "mees", "_index_": 74, "partofspeech": "S", "start": 402, "lemma": "mees"}], [{"root_tokens": ["ka"], "form": "", "clitic": "", "ending": "0", "end": 410, "root": "ka", "_index_": 75, "partofspeech": "D", "start": 408, "lemma": "ka"}], [{"root_tokens": ["sensud"], "form": "sg n", "clitic": "", "ending": "0", "end": 417, "root": "sensud", "_index_": 76, "partofspeech": "S", "start": 411, "lemma": "sensud"}, {"root_tokens": ["sensu"], "form": "pl n", "clitic": "", "ending": "d", "end": 417, "root": "sensu", "_index_": 76, "partofspeech": "S", "start": 411, "lemma": "sensu"}], [{"root_tokens": ["-"], "form": "", "clitic": "", "ending": "", "end": 419, "root": "-", "_index_": 77, "partofspeech": "Z", "start": 418, "lemma": "-"}], [{"root_tokens": ["et"], "form": "", "clitic": "", "ending": "0", "end": 422, "root": "et", "_index_": 78, "partofspeech": "J", "start": 420, "lemma": "et"}], [{"root_tokens": ["võrdne"], "form": "sg n", "clitic": "", "ending": "0", "end": 429, "root": "võrdne", "_index_": 79, "partofspeech": "A", "start": 423, "lemma": "võrdne"}], [{"root_tokens": ["ole"], "form": "ks", "clitic": "", "ending": "ks", "end": 435, "root": "ole", "_index_": 80, "partofspeech": "V", "start": 430, "lemma": "olema"}], [{"root_tokens": [")"], "form": "", "clitic": "", "ending": "", "end": 437, "root": ")", "_index_": 81, "partofspeech": "Z", "start": 436, "lemma": ")"}], [{"root_tokens": ["viimane"], "form": "sg n", "clitic": "", "ending": "0", "end": 446, "root": "viimane", "_index_": 82, "partofspeech": "A", "start": 439, "lemma": "viimane"}], [{"root_tokens": ["pildistamine"], "form": "sg n", "clitic": "", "ending": "0", "end": 459, "root": "pildistamine", "_index_": 83, "partofspeech": "S", "start": 447, "lemma": "pildistamine"}], [{"root_tokens": ["kah"], "form": "", "clitic": "", "ending": "0", "end": 463, "root": "kah", "_index_": 84, "partofspeech": "D", "start": 460, "lemma": "kah"}], [{"root_tokens": ["see"], "form": "sg ad", "clitic": "", "ending": "l", "end": 470, "root": "see", "_index_": 85, "partofspeech": "P", "start": 464, "lemma": "see"}], [{"root_tokens": ["foto", "graaf"], "form": "sg ad", "clitic": "", "ending": "l", "end": 482, "root": "foto_graaf", "_index_": 86, "partofspeech": "S", "start": 471, "lemma": "fotograaf"}], [{"root_tokens": ["mina"], "form": "sg ad", "clitic": "", "ending": "l", "end": 487, "root": "mina", "_index_": 87, "partofspeech": "P", "start": 484, "lemma": "mina"}], [{"root_tokens": ["ole"], "form": "b", "clitic": "", "ending": "0", "end": 490, "root": "ole", "_index_": 88, "partofspeech": "V", "start": 488, "lemma": "olema"}, {"root_tokens": ["ole"], "form": "vad", "clitic": "", "ending": "0", "end": 490, "root": "ole", "_index_": 88, "partofspeech": "V", "start": 488, "lemma": "olema"}], [{"root_tokens": ["ka"], "form": "", "clitic": "", "ending": "0", "end": 493, "root": "ka", "_index_": 89, "partofspeech": "D", "start": 491, "lemma": "ka"}], [{"root_tokens": ["kodu"], "form": "sg in", "clitic": "", "ending": "s", "end": 499, "root": "kodu", "_index_": 90, "partofspeech": "S", "start": 494, "lemma": "kodu"}], [{"root_tokens": ["külg", "korv"], "form": "sg kom", "clitic": "", "ending": "ga", "end": 511, "root": "külg_korv", "_index_": 91, "partofspeech": "S", "start": 500, "lemma": "külgkorv"}], [{"root_tokens": ["Jawa"], "form": "sg n", "clitic": "", "ending": "0", "end": 516, "root": "Jawa", "_index_": 92, "partofspeech": "H", "start": 512, "lemma": "Jawa"}], [{"root_tokens": ["..."], "form": "", "clitic": "", "ending": "", "end": 521, "root": "...", "_index_": 93, "partofspeech": "Z", "start": 518, "lemma": "..."}], [{"root_tokens": ["..."], "form": "", "clitic": "", "ending": "", "end": 526, "root": "...", "_index_": 94, "partofspeech": "Z", "start": 523, "lemma": "..."}], [{"root_tokens": ["praam"], "form": "sg ad", "clitic": "", "ending": "l", "end": 535, "root": "praam", "_index_": 95, "partofspeech": "S", "start": 528, "lemma": "praam"}], [{"root_tokens": ["praam"], "form": "sg ad", "clitic": "", "ending": "l", "end": 544, "root": "praam", "_index_": 96, "partofspeech": "S", "start": 537, "lemma": "praam"}], [{"root_tokens": ["ole"], "form": "des", "clitic": "", "ending": "es", "end": 550, "root": "ole", "_index_": 97, "partofspeech": "V", "start": 545, "lemma": "olema"}], [{"root_tokens": ["kui"], "form": "", "clitic": "", "ending": "0", "end": 555, "root": "kui", "_index_": 98, "partofspeech": "D", "start": 552, "lemma": "kui"}, {"root_tokens": ["kui"], "form": "", "clitic": "", "ending": "0", "end": 555, "root": "kui", "_index_": 98, "partofspeech": "J", "start": 552, "lemma": "kui"}], [{"root_tokens": ["sina"], "form": "sg ad", "clitic": "", "ending": "l", "end": 559, "root": "sina", "_index_": 99, "partofspeech": "P", "start": 556, "lemma": "sina"}], [{"root_tokens": ["kõva"], "form": "sg n", "clitic": "", "ending": "0", "end": 564, "root": "kõva", "_index_": 100, "partofspeech": "A", "start": 560, "lemma": "kõva"}], [{"root_tokens": ["ole"], "form": "b", "clitic": "", "ending": "0", "end": 567, "root": "ole", "_index_": 101, "partofspeech": "V", "start": 565, "lemma": "olema"}, {"root_tokens": ["ole"], "form": "vad", "clitic": "", "ending": "0", "end": 567, "root": "ole", "_index_": 101, "partofspeech": "V", "start": 565, "lemma": "olema"}], [{"root_tokens": [","], "form": "", "clitic": "", "ending": "", "end": 569, "root": ",", "_index_": 102, "partofspeech": "Z", "start": 568, "lemma": ","}], [{"root_tokens": ["siis"], "form": "", "clitic": "", "ending": "0", "end": 574, "root": "siis", "_index_": 103, "partofspeech": "J", "start": 570, "lemma": "siis"}], [{"root_tokens": ["püüd"], "form": "o", "clitic": "", "ending": "0", "end": 579, "root": "püüd", "_index_": 104, "partofspeech": "V", "start": 575, "lemma": "püüdma"}], [{"root_tokens": ["see"], "form": "sg p", "clitic": "", "ending": "da", "end": 584, "root": "see", "_index_": 105, "partofspeech": "P", "start": 580, "lemma": "see"}], [{"root_tokens": ["teine"], "form": "pl all", "clitic": "gi", "ending": "tele", "end": 595, "root": "teine", "_index_": 106, "partofspeech": "O", "start": 585, "lemma": "teine"}, {"root_tokens": ["teine"], "form": "pl all", "clitic": "gi", "ending": "tele", "end": 595, "root": "teine", "_index_": 106, "partofspeech": "P", "start": 585, "lemma": "teine"}], [{"root_tokens": ["näita"], "form": "da", "clitic": "", "ending": "ta", "end": 603, "root": "näita", "_index_": 107, "partofspeech": "V", "start": 596, "lemma": "näitama"}], [{"root_tokens": [","], "form": "", "clitic": "", "ending": "", "end": 605, "root": ",", "_index_": 108, "partofspeech": "Z", "start": 604, "lemma": ","}], [{"root_tokens": ["kui"], "form": "", "clitic": "", "ending": "0", "end": 609, "root": "kui", "_index_": 109, "partofspeech": "D", "start": 606, "lemma": "kui"}, {"root_tokens": ["kui"], "form": "", "clitic": "", "ending": "0", "end": 609, "root": "kui", "_index_": 109, "partofspeech": "J", "start": 606, "lemma": "kui"}], [{"root_tokens": ["sina"], "form": "sg ad", "clitic": "", "ending": "l", "end": 613, "root": "sina", "_index_": 110, "partofspeech": "P", "start": 610, "lemma": "sina"}], [{"root_tokens": ["kõva"], "form": "sg n", "clitic": "", "ending": "0", "end": 618, "root": "kõva", "_index_": 111, "partofspeech": "A", "start": 614, "lemma": "kõva"}], [{"root_tokens": ["ole"], "form": "b", "clitic": "", "ending": "0", "end": 621, "root": "ole", "_index_": 112, "partofspeech": "V", "start": 619, "lemma": "olema"}, {"root_tokens": ["ole"], "form": "vad", "clitic": "", "ending": "0", "end": 621, "root": "ole", "_index_": 112, "partofspeech": "V", "start": 619, "lemma": "olema"}], [{"root_tokens": [","], "form": "", "clitic": "", "ending": "", "end": 623, "root": ",", "_index_": 113, "partofspeech": "Z", "start": 622, "lemma": ","}], [{"root_tokens": ["siis"], "form": "", "clitic": "", "ending": "0", "end": 628, "root": "siis", "_index_": 114, "partofspeech": "J", "start": 624, "lemma": "siis"}], [{"root_tokens": ["käsi"], "form": "sg n", "clitic": "", "ending": "0", "end": 633, "root": "käsi", "_index_": 115, "partofspeech": "S", "start": 629, "lemma": "käsi"}], [{"root_tokens": ["kokku"], "form": "", "clitic": "", "ending": "0", "end": 639, "root": "kokku", "_index_": 116, "partofspeech": "D", "start": 634, "lemma": "kokku"}], [{"root_tokens": ["löö"], "form": "o", "clitic": "", "ending": "0", "end": 643, "root": "löö", "_index_": 117, "partofspeech": "V", "start": 640, "lemma": "lööma"}], [{"root_tokens": ["!"], "form": "", "clitic": "", "ending": "", "end": 645, "root": "!", "_index_": 118, "partofspeech": "Z", "start": 644, "lemma": "!"}], [{"root_tokens": ["laev"], "form": "sg ad", "clitic": "", "ending": "l", "end": 653, "root": "laev", "_index_": 119, "partofspeech": "S", "start": 647, "lemma": "laev"}], [{"root_tokens": ["ole"], "form": "des", "clitic": "", "ending": "es", "end": 659, "root": "ole", "_index_": 120, "partofspeech": "V", "start": 654, "lemma": "olema"}], [{"root_tokens": ["täitsa"], "form": "", "clitic": "", "ending": "0", "end": 667, "root": "täitsa", "_index_": 121, "partofspeech": "D", "start": 661, "lemma": "täitsa"}], [{"root_tokens": ["poti"], "form": "sg g", "clitic": "", "ending": "0", "end": 672, "root": "poti", "_index_": 122, "partofspeech": "S", "start": 668, "lemma": "poti"}, {"root_tokens": ["pott"], "form": "sg g", "clitic": "", "ending": "0", "end": 672, "root": "pott", "_index_": 122, "partofspeech": "S", "start": 668, "lemma": "pott"}], [{"root_tokens": ["peal"], "form": "", "clitic": "", "ending": "0", "end": 677, "root": "peal", "_index_": 123, "partofspeech": "K", "start": 673, "lemma": "peal"}], [{"root_tokens": ["purk"], "form": "sg g", "clitic": "", "ending": "0", "end": 683, "root": "purk", "_index_": 124, "partofspeech": "S", "start": 678, "lemma": "purk"}], [{"root_tokens": ["sisse"], "form": "", "clitic": "", "ending": "0", "end": 689, "root": "sisse", "_index_": 125, "partofspeech": "K", "start": 684, "lemma": "sisse"}], [{"root_tokens": ["pilt"], "form": "sg p", "clitic": "", "ending": "0", "end": 695, "root": "pilt", "_index_": 126, "partofspeech": "S", "start": 690, "lemma": "pilt"}], [{"root_tokens": ["kanguta"], "form": "mas", "clitic": "", "ending": "mas", "end": 706, "root": "kanguta", "_index_": 127, "partofspeech": "V", "start": 696, "lemma": "kangutama"}], [{"root_tokens": [":"], "form": "", "clitic": "", "ending": "", "end": 708, "root": ":", "_index_": 128, "partofspeech": "Z", "start": 707, "lemma": ":"}], [{"root_tokens": ["punkt", "koma", "punkt"], "form": "sg n", "clitic": "", "ending": "0", "end": 724, "root": "punkt_koma_punkt", "_index_": 129, "partofspeech": "S", "start": 710, "lemma": "punktkomapunkt"}], [{"root_tokens": ["ise"], "form": "sg kom", "clitic": "", "ending": "ga", "end": 732, "root": "ise", "_index_": 130, "partofspeech": "P", "start": 726, "lemma": "ise"}], [{"root_tokens": ["vann"], "form": "sg in", "clitic": "", "ending": "s", "end": 739, "root": "vann", "_index_": 131, "partofspeech": "S", "start": 733, "lemma": "vann"}]]}, {"enveloping": null, "attributes": ["lemma", "root", "root_tokens", "ending", "clitic", "form", "partofspeech"], "name": "gt_morph_analysis", "parent": "morph_analysis", "_base": "words", "ambiguous": true, "spans": [[{"root_tokens": ["natuke"], "form": "", "clitic": "", "ending": "0", "end": 6, "root": "natuke", "_index_": 0, "partofspeech": "D", "start": 0, "lemma": "natuke"}], [{"root_tokens": ["tuuni"], "form": "Pers Prt Ind Sg 1 Aff", "clitic": "", "ending": "sin", "end": 15, "root": "tuuni", "_index_": 1, "partofspeech": "V", "start": 7, "lemma": "tuunima"}], [{"root_tokens": ["ka"], "form": "", "clitic": "", "ending": "0", "end": 18, "root": "ka", "_index_": 2, "partofspeech": "D", "start": 16, "lemma": "ka"}], [{"root_tokens": ["."], "form": "", "clitic": "", "ending": "", "end": 20, "root": ".", "_index_": 3, "partofspeech": "Z", "start": 19, "lemma": "."}], [{"root_tokens": ["haard", "koor"], "form": "Sg Nom", "clitic": "", "ending": "0", "end": 31, "root": "haard_koor", "_index_": 4, "partofspeech": "S", "start": 22, "lemma": "haardkoor"}], [{"root_tokens": ["nädal"], "form": "Sg Nom", "clitic": "", "ending": "0", "end": 38, "root": "nädal", "_index_": 5, "partofspeech": "S", "start": 33, "lemma": "nädal"}], [{"root_tokens": ["tagasi"], "form": "", "clitic": "", "ending": "0", "end": 45, "root": "tagasi", "_index_": 6, "partofspeech": "D", "start": 39, "lemma": "tagasi"}], [{"root_tokens": ["vms"], "form": "?", "clitic": "", "ending": "0", "end": 49, "root": "vms", "_index_": 7, "partofspeech": "Y", "start": 46, "lemma": "vms"}], [{"root_tokens": ["."], "form": "", "clitic": "", "ending": "", "end": 51, "root": ".", "_index_": 8, "partofspeech": "Z", "start": 50, "lemma": "."}], [{"root_tokens": ["nüüd"], "form": "", "clitic": "", "ending": "0", "end": 56, "root": "nüüd", "_index_": 9, "partofspeech": "D", "start": 52, "lemma": "nüüd"}], [{"root_tokens": ["juuksur"], "form": "Sg Nom", "clitic": "", "ending": "0", "end": 64, "root": "juuksur", "_index_": 10, "partofspeech": "S", "start": 57, "lemma": "juuksur"}], [{"root_tokens": ["tege"], "form": "Pers Prt Ind Sg 3 Aff", "clitic": "", "ending": "i", "end": 69, "root": "tege", "_index_": 11, "partofspeech": "V", "start": 65, "lemma": "tegema"}], [{"root_tokens": ["jama"], "form": "Sg Nom", "clitic": "", "ending": "0", "end": 74, "root": "jama", "_index_": 12, "partofspeech": "S", "start": 70, "lemma": "jama"}], [{"root_tokens": ["."], "form": "", "clitic": "", "ending": "", "end": 76, "root": ".", "_index_": 13, "partofspeech": "Z", "start": 75, "lemma": "."}], [{"root_tokens": ["lõika"], "form": "Pers Prt Ind Sg 3 Aff", "clitic": "", "ending": "s", "end": 84, "root": "lõika", "_index_": 14, "partofspeech": "V", "start": 78, "lemma": "lõikama"}], [{"root_tokens": ["valesti"], "form": "", "clitic": "", "ending": "0", "end": 92, "root": "valesti", "_index_": 15, "partofspeech": "D", "start": 85, "lemma": "valesti"}], [{"root_tokens": [","], "form": "", "clitic": "", "ending": "", "end": 94, "root": ",", "_index_": 16, "partofspeech": "Z", "start": 93, "lemma": ","}], [{"root_tokens": ["mina"], "form": "Sg Nom", "clitic": "", "ending": "0", "end": 97, "root": "mina", "_index_": 17, "partofspeech": "P", "start": 95, "lemma": "mina"}], [{"root_tokens": ["ei"], "form": "Neg", "clitic": "", "ending": "0", "end": 100, "root": "ei", "_index_": 18, "partofspeech": "V", "start": 98, "lemma": "ei"}], [{"root_tokens": ["tahtnud"], "form": "", "clitic": "", "ending": "0", "end": 108, "root": "taht=nud", "_index_": 19, "partofspeech": "A", "start": 101, "lemma": "tahtnud"}, {"root_tokens": ["tahtnud"], "form": "Sg Nom", "clitic": "", "ending": "0", "end": 108, "root": "taht=nud", "_index_": 19, "partofspeech": "A", "start": 101, "lemma": "tahtnud"}, {"root_tokens": ["tahtnud"], "form": "Pl Nom", "clitic": "", "ending": "d", "end": 108, "root": "taht=nud", "_index_": 19, "partofspeech": "A", "start": 101, "lemma": "tahtnud"}, {"root_tokens": ["taht"], "form": "Pers Prt Ind Neg", "clitic": "", "ending": "nud", "end": 108, "root": "taht", "_index_": 19, "partofspeech": "V", "start": 101, "lemma": "tahtma"}], [{"root_tokens": ["nii"], "form": "", "clitic": "", "ending": "0", "end": 112, "root": "nii", "_index_": 20, "partofspeech": "D", "start": 109, "lemma": "nii"}], [{"root_tokens": [","], "form": "", "clitic": "", "ending": "", "end": 114, "root": ",", "_index_": 21, "partofspeech": "Z", "start": 113, "lemma": ","}], [{"root_tokens": ["mina"], "form": "Sg Nom", "clitic": "", "ending": "0", "end": 117, "root": "mina", "_index_": 22, "partofspeech": "P", "start": 115, "lemma": "mina"}], [{"root_tokens": ["käski"], "form": "Pers Prt Ind Sg 1 Aff", "clitic": "", "ending": "sin", "end": 126, "root": "käski", "_index_": 23, "partofspeech": "V", "start": 118, "lemma": "käskima"}], [{"root_tokens": ["teine"], "form": "Sg Par", "clitic": "", "ending": "t", "end": 132, "root": "teine", "_index_": 24, "partofspeech": "O", "start": 127, "lemma": "teine"}, {"root_tokens": ["teine"], "form": "Sg Par", "clitic": "", "ending": "t", "end": 132, "root": "teine", "_index_": 24, "partofspeech": "P", "start": 127, "lemma": "teine"}], [{"root_tokens": ["mood"], "form": "Sg Par", "clitic": "", "ending": "0", "end": 138, "root": "mood", "_index_": 25, "partofspeech": "S", "start": 133, "lemma": "mood"}], [{"root_tokens": ["lõika"], "form": "Inf", "clitic": "", "ending": "ta", "end": 146, "root": "lõika", "_index_": 26, "partofspeech": "V", "start": 139, "lemma": "lõikama"}], [{"root_tokens": ["."], "form": "", "clitic": "", "ending": "", "end": 148, "root": ".", "_index_": 27, "partofspeech": "Z", "start": 147, "lemma": "."}], [{"root_tokens": ["iga", "tahes"], "form": "", "clitic": "", "ending": "0", "end": 158, "root": "iga_tahes", "_index_": 28, "partofspeech": "D", "start": 150, "lemma": "igatahes"}], [{"root_tokens": [","], "form": "", "clitic": "", "ending": "", "end": 160, "root": ",", "_index_": 29, "partofspeech": "Z", "start": 159, "lemma": ","}], [{"root_tokens": ["enam"], "form": "", "clitic": "", "ending": "0", "end": 165, "root": "enam", "_index_": 30, "partofspeech": "D", "start": 161, "lemma": "enam"}], [{"root_tokens": ["mina"], "form": "Sg Ade", "clitic": "", "ending": "l", "end": 169, "root": "mina", "_index_": 31, "partofspeech": "P", "start": 166, "lemma": "mina"}], [{"root_tokens": ["see"], "form": "Pl Par", "clitic": "", "ending": "d", "end": 174, "root": "see", "_index_": 32, "partofspeech": "P", "start": 170, "lemma": "see"}], [{"root_tokens": ["juus"], "form": "Pl Par", "clitic": "", "ending": "id", "end": 183, "root": "juus", "_index_": 33, "partofspeech": "S", "start": 175, "lemma": "juus"}], [{"root_tokens": ["ole"], "form": "Pers Prs Ind Neg", "clitic": "", "ending": "0", "end": 188, "root": "ole", "_index_": 34, "partofspeech": "V", "start": 184, "lemma": "olema"}], [{"root_tokens": ["."], "form": "", "clitic": "", "ending": "", "end": 190, "root": ".", "_index_": 35, "partofspeech": "Z", "start": 189, "lemma": "."}], [{"root_tokens": ["blondiin"], "form": "Sg Nom", "clitic": "", "ending": "0", "end": 200, "root": "blondiin", "_index_": 36, "partofspeech": "S", "start": 192, "lemma": "blondiin"}], [{"root_tokens": ["?"], "form": "", "clitic": "", "ending": "", "end": 202, "root": "?", "_index_": 37, "partofspeech": "Z", "start": 201, "lemma": "?"}], [{"root_tokens": ["!"], "form": "", "clitic": "", "ending": "", "end": 206, "root": "!", "_index_": 38, "partofspeech": "Z", "start": 204, "lemma": "!"}], [{"root_tokens": ["+"], "form": "", "clitic": "", "ending": "", "end": 209, "root": "+", "_index_": 39, "partofspeech": "Z", "start": 208, "lemma": "+"}], [{"root_tokens": ["ekstra", "suur"], "form": "Sg Nom", "clitic": "", "ending": "0", "end": 219, "root": "ekstra_suur", "_index_": 40, "partofspeech": "A", "start": 209, "lemma": "ekstrasuur"}], [{"root_tokens": ["kõrva", "rõngas"], "form": "Sg Nom", "clitic": "", "ending": "0", "end": 231, "root": "kõrva_rõngas", "_index_": 41, "partofspeech": "S", "start": 220, "lemma": "kõrvarõngas"}], [{"root_tokens": ["."], "form": "", "clitic": "", "ending": "", "end": 233, "root": ".", "_index_": 42, "partofspeech": "Z", "start": 232, "lemma": "."}], [{"root_tokens": ["mina"], "form": "Sg Nom", "clitic": "", "ending": "0", "end": 239, "root": "mina", "_index_": 43, "partofspeech": "S", "start": 235, "lemma": "mina"}], [{"root_tokens": ["pane"], "form": "Pers Prs Imprt Sg 2", "clitic": "", "ending": "0", "end": 245, "root": "pane", "_index_": 44, "partofspeech": "V", "start": 241, "lemma": "panema"}], [{"root_tokens": ["tähele"], "form": "", "clitic": "", "ending": "0", "end": 252, "root": "tähele", "_index_": 45, "partofspeech": "X", "start": 246, "lemma": "tähele"}], [{"root_tokens": [","], "form": "", "clitic": "", "ending": "", "end": 254, "root": ",", "_index_": 46, "partofspeech": "Z", "start": 253, "lemma": ","}], [{"root_tokens": ["keegi"], "form": "Sg Par", "clitic": "", "ending": "dagi", "end": 261, "root": "keegi", "_index_": 47, "partofspeech": "P", "start": 255, "lemma": "keegi"}], [{"root_tokens": ["ei"], "form": "Neg", "clitic": "", "ending": "0", "end": 264, "root": "ei", "_index_": 48, "partofspeech": "V", "start": 262, "lemma": "ei"}], [{"root_tokens": ["kott"], "form": "Sg Gen", "clitic": "", "ending": "0", "end": 269, "root": "kott", "_index_": 49, "partofspeech": "S", "start": 265, "lemma": "kott"}], [{"root_tokens": ["sina"], "form": "Sg Gen", "clitic": "", "ending": "0", "end": 272, "root": "sina", "_index_": 50, "partofspeech": "P", "start": 270, "lemma": "sina"}], [{"root_tokens": ["kurat"], "form": "Sg Gen", "clitic": "", "ending": "0", "end": 279, "root": "kurat", "_index_": 51, "partofspeech": "S", "start": 273, "lemma": "kurat"}], [{"root_tokens": ["kulm"], "form": "Pl Nom", "clitic": "", "ending": "d", "end": 286, "root": "kulm", "_index_": 52, "partofspeech": "S", "start": 280, "lemma": "kulm"}], [{"root_tokens": ["ega"], "form": "", "clitic": "", "ending": "0", "end": 290, "root": "ega", "_index_": 53, "partofspeech": "J", "start": 287, "lemma": "ega"}], [{"root_tokens": ["ninnu", "rõngas"], "form": "Pl Nom", "clitic": "", "ending": "d", "end": 302, "root": "ninnu_rõngas", "_index_": 54, "partofspeech": "S", "start": 291, "lemma": "ninnurõngas"}], [{"root_tokens": ["ekso"], "form": "Sg All", "clitic": "", "ending": "le", "end": 309, "root": "ekso", "_index_": 55, "partofspeech": "S", "start": 303, "lemma": "ekso"}], [{"root_tokens": ["pmst"], "form": "?", "clitic": "", "ending": "0", "end": 315, "root": "pmst", "_index_": 56, "partofspeech": "Y", "start": 311, "lemma": "pmst"}], [{"root_tokens": ["siis"], "form": "", "clitic": "", "ending": "0", "end": 320, "root": "siis", "_index_": 57, "partofspeech": "D", "start": 316, "lemma": "siis"}], [{"root_tokens": ["mina"], "form": "Sg Par", "clitic": "", "ending": "0", "end": 325, "root": "mina", "_index_": 58, "partofspeech": "S", "start": 321, "lemma": "mina"}], [{"root_tokens": ["jah"], "form": "", "clitic": "", "ending": "0", "end": 329, "root": "jah", "_index_": 59, "partofspeech": "D", "start": 326, "lemma": "jah"}], [{"root_tokens": ["mina"], "form": "Sg Gen", "clitic": "", "ending": "0", "end": 335, "root": "mina", "_index_": 60, "partofspeech": "P", "start": 331, "lemma": "mina"}], [{"root_tokens": ["pilt"], "form": "Pl Nom", "clitic": "", "ending": "d", "end": 342, "root": "pilt", "_index_": 61, "partofspeech": "S", "start": 336, "lemma": "pilt"}], [{"root_tokens": ["one"], "form": "Sg Nom", "clitic": "", "ending": "0", "end": 347, "root": "one", "_index_": 62, "partofspeech": "S", "start": 344, "lemma": "one"}], [{"root_tokens": ["ja"], "form": "", "clitic": "", "ending": "0", "end": 350, "root": "ja", "_index_": 63, "partofspeech": "J", "start": 348, "lemma": "ja"}], [{"root_tokens": ["mina"], "form": "Sg Nom", "clitic": "", "ending": "0", "end": 355, "root": "mina", "_index_": 64, "partofspeech": "S", "start": 351, "lemma": "mina"}], [{"root_tokens": ["hõh"], "form": "", "clitic": "", "ending": "0", "end": 360, "root": "hõh", "_index_": 65, "partofspeech": "I", "start": 357, "lemma": "hõh"}], [{"root_tokens": ["tere"], "form": "", "clitic": "", "ending": "0", "end": 366, "root": "tere", "_index_": 66, "partofspeech": "I", "start": 362, "lemma": "tere"}], [{"root_tokens": ["siin"], "form": "", "clitic": "", "ending": "0", "end": 372, "root": "siin", "_index_": 67, "partofspeech": "D", "start": 368, "lemma": "siin"}], [{"root_tokens": ["ainult"], "form": "", "clitic": "", "ending": "0", "end": 379, "root": "ainult", "_index_": 68, "partofspeech": "D", "start": 373, "lemma": "ainult"}], [{"root_tokens": ["sensud"], "form": "Sg Nom", "clitic": "", "ending": "0", "end": 386, "root": "sensud", "_index_": 69, "partofspeech": "S", "start": 380, "lemma": "sensud"}, {"root_tokens": ["sensu"], "form": "Pl Nom", "clitic": "", "ending": "d", "end": 386, "root": "sensu", "_index_": 69, "partofspeech": "S", "start": 380, "lemma": "sensu"}], [{"root_tokens": ["naine"], "form": "Pl Nom", "clitic": "", "ending": "d", "end": 393, "root": "naine", "_index_": 70, "partofspeech": "S", "start": 387, "lemma": "naine"}], [{"root_tokens": ["."], "form": "", "clitic": "", "ending": "", "end": 395, "root": ".", "_index_": 71, "partofspeech": "Z", "start": 394, "lemma": "."}], [{"root_tokens": ["("], "form": "", "clitic": "", "ending": "", "end": 398, "root": "(", "_index_": 72, "partofspeech": "Z", "start": 397, "lemma": "("}], [{"root_tokens": ["ja"], "form": "", "clitic": "", "ending": "0", "end": 401, "root": "ja", "_index_": 73, "partofspeech": "J", "start": 399, "lemma": "ja"}], [{"root_tokens": ["mees"], "form": "Pl Nom", "clitic": "", "ending": "d", "end": 407, "root": "mees", "_index_": 74, "partofspeech": "S", "start": 402, "lemma": "mees"}], [{"root_tokens": ["ka"], "form": "", "clitic": "", "ending": "0", "end": 410, "root": "ka", "_index_": 75, "partofspeech": "D", "start": 408, "lemma": "ka"}], [{"root_tokens": ["sensud"], "form": "Sg Nom", "clitic": "", "ending": "0", "end": 417, "root": "sensud", "_index_": 76, "partofspeech": "S", "start": 411, "lemma": "sensud"}, {"root_tokens": ["sensu"], "form": "Pl Nom", "clitic": "", "ending": "d", "end": 417, "root": "sensu", "_index_": 76, "partofspeech": "S", "start": 411, "lemma": "sensu"}], [{"root_tokens": ["-"], "form": "", "clitic": "", "ending": "", "end": 419, "root": "-", "_index_": 77, "partofspeech": "Z", "start": 418, "lemma": "-"}], [{"root_tokens": ["et"], "form": "", "clitic": "", "ending": "0", "end": 422, "root": "et", "_index_": 78, "partofspeech": "J", "start": 420, "lemma": "et"}], [{"root_tokens": ["võrdne"], "form": "Sg Nom", "clitic": "", "ending": "0", "end": 429, "root": "võrdne", "_index_": 79, "partofspeech": "A", "start": 423, "lemma": "võrdne"}], [{"root_tokens": ["ole"], "form": "Pers Prs Cond", "clitic": "", "ending": "ks", "end": 435, "root": "ole", "_index_": 80, "partofspeech": "V", "start": 430, "lemma": "olema"}], [{"root_tokens": [")"], "form": "", "clitic": "", "ending": "", "end": 437, "root": ")", "_index_": 81, "partofspeech": "Z", "start": 436, "lemma": ")"}], [{"root_tokens": ["viimane"], "form": "Sg Nom", "clitic": "", "ending": "0", "end": 446, "root": "viimane", "_index_": 82, "partofspeech": "A", "start": 439, "lemma": "viimane"}], [{"root_tokens": ["pildistamine"], "form": "Sg Nom", "clitic": "", "ending": "0", "end": 459, "root": "pildistamine", "_index_": 83, "partofspeech": "S", "start": 447, "lemma": "pildistamine"}], [{"root_tokens": ["kah"], "form": "", "clitic": "", "ending": "0", "end": 463, "root": "kah", "_index_": 84, "partofspeech": "D", "start": 460, "lemma": "kah"}], [{"root_tokens": ["see"], "form": "Sg Ade", "clitic": "", "ending": "l", "end": 470, "root": "see", "_index_": 85, "partofspeech": "P", "start": 464, "lemma": "see"}], [{"root_tokens": ["foto", "graaf"], "form": "Sg Ade", "clitic": "", "ending": "l", "end": 482, "root": "foto_graaf", "_index_": 86, "partofspeech": "S", "start": 471, "lemma": "fotograaf"}], [{"root_tokens": ["mina"], "form": "Sg Ade", "clitic": "", "ending": "l", "end": 487, "root": "mina", "_index_": 87, "partofspeech": "P", "start": 484, "lemma": "mina"}], [{"root_tokens": ["ole"], "form": "Pers Prs Ind Sg 3 Aff", "clitic": "", "ending": "0", "end": 490, "root": "ole", "_index_": 88, "partofspeech": "V", "start": 488, "lemma": "olema"}, {"root_tokens": ["ole"], "form": "Pers Prs Ind Pl 3 Aff", "clitic": "", "ending": "0", "end": 490, "root": "ole", "_index_": 88, "partofspeech": "V", "start": 488, "lemma": "olema"}], [{"root_tokens": ["ka"], "form": "", "clitic": "", "ending": "0", "end": 493, "root": "ka", "_index_": 89, "partofspeech": "D", "start": 491, "lemma": "ka"}], [{"root_tokens": ["kodu"], "form": "Sg Ine", "clitic": "", "ending": "s", "end": 499, "root": "kodu", "_index_": 90, "partofspeech": "S", "start": 494, "lemma": "kodu"}], [{"root_tokens": ["külg", "korv"], "form": "Sg Com", "clitic": "", "ending": "ga", "end": 511, "root": "külg_korv", "_index_": 91, "partofspeech": "S", "start": 500, "lemma": "külgkorv"}], [{"root_tokens": ["Jawa"], "form": "Sg Nom", "clitic": "", "ending": "0", "end": 516, "root": "Jawa", "_index_": 92, "partofspeech": "H", "start": 512, "lemma": "Jawa"}], [{"root_tokens": ["..."], "form": "", "clitic": "", "ending": "", "end": 521, "root": "...", "_index_": 93, "partofspeech": "Z", "start": 518, "lemma": "..."}], [{"root_tokens": ["..."], "form": "", "clitic": "", "ending": "", "end": 526, "root": "...", "_index_": 94, "partofspeech": "Z", "start": 523, "lemma": "..."}], [{"root_tokens": ["praam"], "form": "Sg Ade", "clitic": "", "ending": "l", "end": 535, "root": "praam", "_index_": 95, "partofspeech": "S", "start": 528, "lemma": "praam"}], [{"root_tokens": ["praam"], "form": "Sg Ade", "clitic": "", "ending": "l", "end": 544, "root": "praam", "_index_": 96, "partofspeech": "S", "start": 537, "lemma": "praam"}], [{"root_tokens": ["ole"], "form": "Ger", "clitic": "", "ending": "es", "end": 550, "root": "ole", "_index_": 97, "partofspeech": "V", "start": 545, "lemma": "olema"}], [{"root_tokens": ["kui"], "form": "", "clitic": "", "ending": "0", "end": 555, "root": "kui", "_index_": 98, "partofspeech": "D", "start": 552, "lemma": "kui"}, {"root_tokens": ["kui"], "form": "", "clitic": "", "ending": "0", "end": 555, "root": "kui", "_index_": 98, "partofspeech": "J", "start": 552, "lemma": "kui"}], [{"root_tokens": ["sina"], "form": "Sg Ade", "clitic": "", "ending": "l", "end": 559, "root": "sina", "_index_": 99, "partofspeech": "P", "start": 556, "lemma": "sina"}], [{"root_tokens": ["kõva"], "form": "Sg Nom", "clitic": "", "ending": "0", "end": 564, "root": "kõva", "_index_": 100, "partofspeech": "A", "start": 560, "lemma": "kõva"}], [{"root_tokens": ["ole"], "form": "Pers Prs Ind Sg 3 Aff", "clitic": "", "ending": "0", "end": 567, "root": "ole", "_index_": 101, "partofspeech": "V", "start": 565, "lemma": "olema"}, {"root_tokens": ["ole"], "form": "Pers Prs Ind Pl 3 Aff", "clitic": "", "ending": "0", "end": 567, "root": "ole", "_index_": 101, "partofspeech": "V", "start": 565, "lemma": "olema"}], [{"root_tokens": [","], "form": "", "clitic": "", "ending": "", "end": 569, "root": ",", "_index_": 102, "partofspeech": "Z", "start": 568, "lemma": ","}], [{"root_tokens": ["siis"], "form": "", "clitic": "", "ending": "0", "end": 574, "root": "siis", "_index_": 103, "partofspeech": "J", "start": 570, "lemma": "siis"}], [{"root_tokens": ["püüd"], "form": "Pers Prs Imprt Sg 2", "clitic": "", "ending": "0", "end": 579, "root": "püüd", "_index_": 104, "partofspeech": "V", "start": 575, "lemma": "püüdma"}], [{"root_tokens": ["see"], "form": "Sg Par", "clitic": "", "ending": "da", "end": 584, "root": "see", "_index_": 105, "partofspeech": "P", "start": 580, "lemma": "see"}], [{"root_tokens": ["teine"], "form": "Pl All", "clitic": "gi", "ending": "tele", "end": 595, "root": "teine", "_index_": 106, "partofspeech": "O", "start": 585, "lemma": "teine"}, {"root_tokens": ["teine"], "form": "Pl All", "clitic": "gi", "ending": "tele", "end": 595, "root": "teine", "_index_": 106, "partofspeech": "P", "start": 585, "lemma": "teine"}], [{"root_tokens": ["näita"], "form": "Inf", "clitic": "", "ending": "ta", "end": 603, "root": "näita", "_index_": 107, "partofspeech": "V", "start": 596, "lemma": "näitama"}], [{"root_tokens": [","], "form": "", "clitic": "", "ending": "", "end": 605, "root": ",", "_index_": 108, "partofspeech": "Z", "start": 604, "lemma": ","}], [{"root_tokens": ["kui"], "form": "", "clitic": "", "ending": "0", "end": 609, "root": "kui", "_index_": 109, "partofspeech": "D", "start": 606, "lemma": "kui"}, {"root_tokens": ["kui"], "form": "", "clitic": "", "ending": "0", "end": 609, "root": "kui", "_index_": 109, "partofspeech": "J", "start": 606, "lemma": "kui"}], [{"root_tokens": ["sina"], "form": "Sg Ade", "clitic": "", "ending": "l", "end": 613, "root": "sina", "_index_": 110, "partofspeech": "P", "start": 610, "lemma": "sina"}], [{"root_tokens": ["kõva"], "form": "Sg Nom", "clitic": "", "ending": "0", "end": 618, "root": "kõva", "_index_": 111, "partofspeech": "A", "start": 614, "lemma": "kõva"}], [{"root_tokens": ["ole"], "form": "Pers Prs Ind Sg 3 Aff", "clitic": "", "ending": "0", "end": 621, "root": "ole", "_index_": 112, "partofspeech": "V", "start": 619, "lemma": "olema"}, {"root_tokens": ["ole"], "form": "Pers Prs Ind Pl 3 Aff", "clitic": "", "ending": "0", "end": 621, "root": "ole", "_index_": 112, "partofspeech": "V", "start": 619, "lemma": "olema"}], [{"root_tokens": [","], "form": "", "clitic": "", "ending": "", "end": 623, "root": ",", "_index_": 113, "partofspeech": "Z", "start": 622, "lemma": ","}], [{"root_tokens": ["siis"], "form": "", "clitic": "", "ending": "0", "end": 628, "root": "siis", "_index_": 114, "partofspeech": "J", "start": 624, "lemma": "siis"}], [{"root_tokens": ["käsi"], "form": "Sg Nom", "clitic": "", "ending": "0", "end": 633, "root": "käsi", "_index_": 115, "partofspeech": "S", "start": 629, "lemma": "käsi"}], [{"root_tokens": ["kokku"], "form": "", "clitic": "", "ending": "0", "end": 639, "root": "kokku", "_index_": 116, "partofspeech": "D", "start": 634, "lemma": "kokku"}], [{"root_tokens": ["löö"], "form": "Pers Prs Imprt Sg 2", "clitic": "", "ending": "0", "end": 643, "root": "löö", "_index_": 117, "partofspeech": "V", "start": 640, "lemma": "lööma"}], [{"root_tokens": ["!"], "form": "", "clitic": "", "ending": "", "end": 645, "root": "!", "_index_": 118, "partofspeech": "Z", "start": 644, "lemma": "!"}], [{"root_tokens": ["laev"], "form": "Sg Ade", "clitic": "", "ending": "l", "end": 653, "root": "laev", "_index_": 119, "partofspeech": "S", "start": 647, "lemma": "laev"}], [{"root_tokens": ["ole"], "form": "Ger", "clitic": "", "ending": "es", "end": 659, "root": "ole", "_index_": 120, "partofspeech": "V", "start": 654, "lemma": "olema"}], [{"root_tokens": ["täitsa"], "form": "", "clitic": "", "ending": "0", "end": 667, "root": "täitsa", "_index_": 121, "partofspeech": "D", "start": 661, "lemma": "täitsa"}], [{"root_tokens": ["poti"], "form": "Sg Gen", "clitic": "", "ending": "0", "end": 672, "root": "poti", "_index_": 122, "partofspeech": "S", "start": 668, "lemma": "poti"}, {"root_tokens": ["pott"], "form": "Sg Gen", "clitic": "", "ending": "0", "end": 672, "root": "pott", "_index_": 122, "partofspeech": "S", "start": 668, "lemma": "pott"}], [{"root_tokens": ["peal"], "form": "", "clitic": "", "ending": "0", "end": 677, "root": "peal", "_index_": 123, "partofspeech": "K", "start": 673, "lemma": "peal"}], [{"root_tokens": ["purk"], "form": "Sg Gen", "clitic": "", "ending": "0", "end": 683, "root": "purk", "_index_": 124, "partofspeech": "S", "start": 678, "lemma": "purk"}], [{"root_tokens": ["sisse"], "form": "", "clitic": "", "ending": "0", "end": 689, "root": "sisse", "_index_": 125, "partofspeech": "K", "start": 684, "lemma": "sisse"}], [{"root_tokens": ["pilt"], "form": "Sg Par", "clitic": "", "ending": "0", "end": 695, "root": "pilt", "_index_": 126, "partofspeech": "S", "start": 690, "lemma": "pilt"}], [{"root_tokens": ["kanguta"], "form": "Pers Sup Ine", "clitic": "", "ending": "mas", "end": 706, "root": "kanguta", "_index_": 127, "partofspeech": "V", "start": 696, "lemma": "kangutama"}], [{"root_tokens": [":"], "form": "", "clitic": "", "ending": "", "end": 708, "root": ":", "_index_": 128, "partofspeech": "Z", "start": 707, "lemma": ":"}], [{"root_tokens": ["punkt", "koma", "punkt"], "form": "Sg Nom", "clitic": "", "ending": "0", "end": 724, "root": "punkt_koma_punkt", "_index_": 129, "partofspeech": "S", "start": 710, "lemma": "punktkomapunkt"}], [{"root_tokens": ["ise"], "form": "Sg Com", "clitic": "", "ending": "ga", "end": 732, "root": "ise", "_index_": 130, "partofspeech": "P", "start": 726, "lemma": "ise"}], [{"root_tokens": ["vann"], "form": "Sg Ine", "clitic": "", "ending": "s", "end": 739, "root": "vann", "_index_": 131, "partofspeech": "S", "start": 733, "lemma": "vann"}]]}, {"enveloping": null, "attributes": [], "name": "tokens", "parent": null, "_base": "tokens", "ambiguous": false, "spans": [{"start": 0, "end": 6}, {"start": 7, "end": 15}, {"start": 16, "end": 18}, {"start": 19, "end": 20}, {"start": 22, "end": 31}, {"start": 33, "end": 38}, {"start": 39, "end": 45}, {"start": 46, "end": 49}, {"start": 50, "end": 51}, {"start": 52, "end": 56}, {"start": 57, "end": 64}, {"start": 65, "end": 69}, {"start": 70, "end": 74}, {"start": 75, "end": 76}, {"start": 78, "end": 84}, {"start": 85, "end": 92}, {"start": 93, "end": 94}, {"start": 95, "end": 97}, {"start": 98, "end": 100}, {"start": 101, "end": 108}, {"start": 109, "end": 112}, {"start": 113, "end": 114}, {"start": 115, "end": 117}, {"start": 118, "end": 126}, {"start": 127, "end": 132}, {"start": 133, "end": 138}, {"start": 139, "end": 146}, {"start": 147, "end": 148}, {"start": 150, "end": 158}, {"start": 159, "end": 160}, {"start": 161, "end": 165}, {"start": 166, "end": 169}, {"start": 170, "end": 174}, {"start": 175, "end": 183}, {"start": 184, "end": 188}, {"start": 189, "end": 190}, {"start": 192, "end": 200}, {"start": 201, "end": 202}, {"start": 204, "end": 206}, {"start": 208, "end": 209}, {"start": 209, "end": 219}, {"start": 220, "end": 231}, {"start": 232, "end": 233}, {"start": 235, "end": 239}, {"start": 241, "end": 245}, {"start": 246, "end": 252}, {"start": 253, "end": 254}, {"start": 255, "end": 261}, {"start": 262, "end": 264}, {"start": 265, "end": 269}, {"start": 270, "end": 272}, {"start": 273, "end": 279}, {"start": 280, "end": 286}, {"start": 287, "end": 290}, {"start": 291, "end": 302}, {"start": 303, "end": 309}, {"start": 311, "end": 315}, {"start": 316, "end": 320}, {"start": 321, "end": 325}, {"start": 326, "end": 329}, {"start": 331, "end": 335}, {"start": 336, "end": 342}, {"start": 344, "end": 347}, {"start": 348, "end": 350}, {"start": 351, "end": 355}, {"start": 357, "end": 360}, {"start": 362, "end": 366}, {"start": 368, "end": 372}, {"start": 373, "end": 379}, {"start": 380, "end": 386}, {"start": 387, "end": 393}, {"start": 394, "end": 395}, {"start": 397, "end": 398}, {"start": 399, "end": 401}, {"start": 402, "end": 407}, {"start": 408, "end": 410}, {"start": 411, "end": 417}, {"start": 418, "end": 419}, {"start": 420, "end": 422}, {"start": 423, "end": 429}, {"start": 430, "end": 435}, {"start": 436, "end": 437}, {"start": 439, "end": 446}, {"start": 447, "end": 459}, {"start": 460, "end": 463}, {"start": 464, "end": 470}, {"start": 471, "end": 482}, {"start": 484, "end": 487}, {"start": 488, "end": 490}, {"start": 491, "end": 493}, {"start": 494, "end": 499}, {"start": 500, "end": 511}, {"start": 512, "end": 516}, {"start": 518, "end": 521}, {"start": 523, "end": 526}, {"start": 528, "end": 535}, {"start": 537, "end": 544}, {"start": 545, "end": 550}, {"start": 552, "end": 555}, {"start": 556, "end": 559}, {"start": 560, "end": 564}, {"start": 565, "end": 567}, {"start": 568, "end": 569}, {"start": 570, "end": 574}, {"start": 575, "end": 579}, {"start": 580, "end": 584}, {"start": 585, "end": 595}, {"start": 596, "end": 603}, {"start": 604, "end": 605}, {"start": 606, "end": 609}, {"start": 610, "end": 613}, {"start": 614, "end": 618}, {"start": 619, "end": 621}, {"start": 622, "end": 623}, {"start": 624, "end": 628}, {"start": 629, "end": 633}, {"start": 634, "end": 639}, {"start": 640, "end": 643}, {"start": 644, "end": 645}, {"start": 647, "end": 653}, {"start": 654, "end": 659}, {"start": 661, "end": 667}, {"start": 668, "end": 672}, {"start": 673, "end": 677}, {"start": 678, "end": 683}, {"start": 684, "end": 689}, {"start": 690, "end": 695}, {"start": 696, "end": 706}, {"start": 707, "end": 708}, {"start": 710, "end": 724}, {"start": 726, "end": 732}, {"start": 733, "end": 739}]}, {"enveloping": "tokens", "attributes": ["type", "normalized"], "name": "compound_tokens", "parent": null, "_base": "compound_tokens", "ambiguous": false, "spans": []}], "meta": {"subcorpus": "netifoorum", "type": "teema", "title": "Foorumlaste pildid - 12. leht ( Planet Foorumid - Varia - Südamelt ära )", "alamfoorum": "Südamelt_ära"}, "text": "Natuke tuunisin ka .\n\nhaardkoor\n\nnädal tagasi vms .\nnüüd juuksur tegi jama .\n\nlõikas valesti , ma ei tahtnud nii , ma käskisin teist moodi lõigata .\n\nigatahes , enam mul neid juukseid pole .\n\nBlondiin ?\n\n?!\n\n+ekstrasuur kõrvarõngas .\n\nmina\n\npane tähele , kedagi ei koti su kuradi kulmud ega ninnurõngad eksole\n\npmst siis mina jah\n\nminu pildid\n\none ja mina\n\nhõh\n\nTere\n\nsiin ainult sensud naised .\n\n( ja mehed ka sensud - et võrdne oleks )\n\nViimane pildistamine kah sellel fotograafil\n\nmul on ka kodus külgkorviga Jawa\n\n...\n\n...\n\npraamil\n\npraamil olles\n\nkui sul kõva on , siis püüa seda teistelegi näidata , kui sul kõva on , siis käsi kokku löö !\n\nlaeval olles\n\nTäitsa poti peal purgi sisse pilti kangutamas :\n\npunktkomapunkt\n\nendaga vannis"}