{"meta": {"title": "Pildimäng : Mis loomaga on tegemist ? - 08. leht ( Planet Foorumid - Varia - Südamelt ära )", "subcorpus": "netifoorum", "type": "teema", "alamfoorum": "Südamelt_ära"}, "text": "tiibadega koll ?\n\npff .\nsee on umbes sama täpne nagu öelda ilvese kohta - karvane kaslane ja arvata , et võid uue pildi panna .\n\nnagu öeldud , pff .\n\nNo offence .\n\nMa luban tegelikult kellelgi teisel uue pildi panna .\n\nmis mõttes sina lubad ?\nkuule , sa häirid mind .\n\narvake mu elukas ära ja siis panete uue pildi .\n\ntuvi ?\n\nei .\nelukas on välja surnd , minu teada .\n\nPteranodon ?\n\nei .\n\nvaadake hoolega seda pilti ja mõelge mis on vihjav .\n\nSee ingli skelett 2kki simpsonitest ?\n\nSee kus Lisa leiab selle skeleti ja siis tegelt see oli kaubanduskeskuse reklaamitrikk .\n\nei .\nteadlased arvavad , et see oli olemas .\n\nvihjeid tahate ?\n\nteadlased käigu kuule\n\nArchaeopteryx lithographica\n\nvastus on õige , tubli .\npane uus pilt .\n\nsulgi nägite kivistisel ju ?\ndammit .\n\nSiin on järgmine elukas siis\n\nchupacabra ?\n\nTKV e Täiesti Korrektne Vastus\n\nväike jupp siis sellest loomast\n\nVihjeid anna .\nKas on välja surnud ?\nImetaja ?\n\nvälja surnud\n\nsuht suur imetaja\n\nKas on teada aeg millal välja suri ?\n\nMammut\n\nno liiga palju vihjeid\n\nõige\n\nTegelikult oli juba alguses kahtlus aga okei .\n\nDudubird vms\n\nHmm , täpsemalt .", "layers": [{"_base": "words", "parent": null, "ambiguous": false, "name": "words", "enveloping": null, "spans": [{"start": 0, "end": 9, "normalized_form": null}, {"start": 10, "end": 14, "normalized_form": null}, {"start": 15, "end": 16, "normalized_form": null}, {"start": 18, "end": 21, "normalized_form": null}, {"start": 22, "end": 23, "normalized_form": null}, {"start": 24, "end": 27, "normalized_form": null}, {"start": 28, "end": 30, "normalized_form": null}, {"start": 31, "end": 36, "normalized_form": null}, {"start": 37, "end": 41, "normalized_form": null}, {"start": 42, "end": 47, "normalized_form": null}, {"start": 48, "end": 52, "normalized_form": null}, {"start": 53, "end": 58, "normalized_form": null}, {"start": 59, "end": 65, "normalized_form": null}, {"start": 66, "end": 71, "normalized_form": null}, {"start": 72, "end": 73, "normalized_form": null}, {"start": 74, "end": 81, "normalized_form": null}, {"start": 82, "end": 89, "normalized_form": null}, {"start": 90, "end": 92, "normalized_form": null}, {"start": 93, "end": 99, "normalized_form": null}, {"start": 100, "end": 101, "normalized_form": null}, {"start": 102, "end": 104, "normalized_form": null}, {"start": 105, "end": 109, "normalized_form": null}, {"start": 110, "end": 113, "normalized_form": null}, {"start": 114, "end": 119, "normalized_form": null}, {"start": 120, "end": 125, "normalized_form": null}, {"start": 126, "end": 127, "normalized_form": null}, {"start": 129, "end": 133, "normalized_form": null}, {"start": 134, "end": 140, "normalized_form": null}, {"start": 141, "end": 142, "normalized_form": null}, {"start": 143, "end": 146, "normalized_form": null}, {"start": 147, "end": 148, "normalized_form": null}, {"start": 150, "end": 152, "normalized_form": null}, {"start": 153, "end": 160, "normalized_form": null}, {"start": 161, "end": 162, "normalized_form": null}, {"start": 164, "end": 166, "normalized_form": null}, {"start": 167, "end": 172, "normalized_form": null}, {"start": 173, "end": 183, "normalized_form": null}, {"start": 184, "end": 192, "normalized_form": null}, {"start": 193, "end": 199, "normalized_form": null}, {"start": 200, "end": 203, "normalized_form": null}, {"start": 204, "end": 209, "normalized_form": null}, {"start": 210, "end": 215, "normalized_form": null}, {"start": 216, "end": 217, "normalized_form": null}, {"start": 219, "end": 222, "normalized_form": null}, {"start": 223, "end": 229, "normalized_form": null}, {"start": 230, "end": 234, "normalized_form": null}, {"start": 235, "end": 240, "normalized_form": null}, {"start": 241, "end": 242, "normalized_form": null}, {"start": 243, "end": 248, "normalized_form": null}, {"start": 249, "end": 250, "normalized_form": null}, {"start": 251, "end": 253, "normalized_form": null}, {"start": 254, "end": 260, "normalized_form": null}, {"start": 261, "end": 265, "normalized_form": null}, {"start": 266, "end": 267, "normalized_form": null}, {"start": 269, "end": 275, "normalized_form": null}, {"start": 276, "end": 278, "normalized_form": null}, {"start": 279, "end": 285, "normalized_form": null}, {"start": 286, "end": 289, "normalized_form": null}, {"start": 290, "end": 292, "normalized_form": null}, {"start": 293, "end": 297, "normalized_form": null}, {"start": 298, "end": 304, "normalized_form": null}, {"start": 305, "end": 308, "normalized_form": null}, {"start": 309, "end": 314, "normalized_form": null}, {"start": 315, "end": 316, "normalized_form": null}, {"start": 318, "end": 322, "normalized_form": null}, {"start": 323, "end": 324, "normalized_form": null}, {"start": 326, "end": 328, "normalized_form": null}, {"start": 329, "end": 330, "normalized_form": null}, {"start": 331, "end": 337, "normalized_form": null}, {"start": 338, "end": 340, "normalized_form": null}, {"start": 341, "end": 346, "normalized_form": null}, {"start": 347, "end": 352, "normalized_form": null}, {"start": 353, "end": 354, "normalized_form": null}, {"start": 355, "end": 359, "normalized_form": null}, {"start": 360, "end": 365, "normalized_form": null}, {"start": 366, "end": 367, "normalized_form": null}, {"start": 369, "end": 379, "normalized_form": null}, {"start": 380, "end": 381, "normalized_form": null}, {"start": 383, "end": 385, "normalized_form": null}, {"start": 386, "end": 387, "normalized_form": null}, {"start": 389, "end": 396, "normalized_form": null}, {"start": 397, "end": 404, "normalized_form": null}, {"start": 405, "end": 409, "normalized_form": null}, {"start": 410, "end": 415, "normalized_form": null}, {"start": 416, "end": 418, "normalized_form": null}, {"start": 419, "end": 425, "normalized_form": null}, {"start": 426, "end": 429, "normalized_form": null}, {"start": 430, "end": 432, "normalized_form": null}, {"start": 433, "end": 439, "normalized_form": null}, {"start": 440, "end": 441, "normalized_form": null}, {"start": 443, "end": 446, "normalized_form": null}, {"start": 447, "end": 452, "normalized_form": null}, {"start": 453, "end": 460, "normalized_form": null}, {"start": 461, "end": 465, "normalized_form": null}, {"start": 466, "end": 478, "normalized_form": null}, {"start": 479, "end": 480, "normalized_form": null}, {"start": 482, "end": 485, "normalized_form": null}, {"start": 486, "end": 489, "normalized_form": null}, {"start": 490, "end": 494, "normalized_form": null}, {"start": 495, "end": 500, "normalized_form": null}, {"start": 501, "end": 506, "normalized_form": null}, {"start": 507, "end": 514, "normalized_form": null}, {"start": 515, "end": 517, "normalized_form": null}, {"start": 518, "end": 522, "normalized_form": null}, {"start": 523, "end": 529, "normalized_form": null}, {"start": 530, "end": 533, "normalized_form": null}, {"start": 534, "end": 537, "normalized_form": null}, {"start": 538, "end": 554, "normalized_form": null}, {"start": 555, "end": 568, "normalized_form": null}, {"start": 569, "end": 570, "normalized_form": null}, {"start": 572, "end": 574, "normalized_form": null}, {"start": 575, "end": 576, "normalized_form": null}, {"start": 577, "end": 586, "normalized_form": null}, {"start": 587, "end": 594, "normalized_form": null}, {"start": 595, "end": 596, "normalized_form": null}, {"start": 597, "end": 599, "normalized_form": null}, {"start": 600, "end": 603, "normalized_form": null}, {"start": 604, "end": 607, "normalized_form": null}, {"start": 608, "end": 614, "normalized_form": null}, {"start": 615, "end": 616, "normalized_form": null}, {"start": 618, "end": 625, "normalized_form": null}, {"start": 626, "end": 632, "normalized_form": null}, {"start": 633, "end": 634, "normalized_form": null}, {"start": 636, "end": 645, "normalized_form": null}, {"start": 646, "end": 651, "normalized_form": null}, {"start": 652, "end": 657, "normalized_form": null}, {"start": 659, "end": 672, "normalized_form": null}, {"start": 673, "end": 686, "normalized_form": null}, {"start": 688, "end": 694, "normalized_form": null}, {"start": 695, "end": 697, "normalized_form": null}, {"start": 698, "end": 702, "normalized_form": null}, {"start": 703, "end": 704, "normalized_form": null}, {"start": 705, "end": 710, "normalized_form": null}, {"start": 711, "end": 712, "normalized_form": null}, {"start": 713, "end": 717, "normalized_form": null}, {"start": 718, "end": 721, "normalized_form": null}, {"start": 722, "end": 726, "normalized_form": null}, {"start": 727, "end": 728, "normalized_form": null}, {"start": 730, "end": 735, "normalized_form": null}, {"start": 736, "end": 742, "normalized_form": null}, {"start": 743, "end": 753, "normalized_form": null}, {"start": 754, "end": 756, "normalized_form": null}, {"start": 757, "end": 758, "normalized_form": null}, {"start": 759, "end": 765, "normalized_form": null}, {"start": 766, "end": 767, "normalized_form": null}, {"start": 769, "end": 773, "normalized_form": null}, {"start": 774, "end": 776, "normalized_form": null}, {"start": 777, "end": 785, "normalized_form": null}, {"start": 786, "end": 792, "normalized_form": null}, {"start": 793, "end": 797, "normalized_form": null}, {"start": 799, "end": 809, "normalized_form": null}, {"start": 810, "end": 811, "normalized_form": null}, {"start": 813, "end": 816, "normalized_form": null}, {"start": 817, "end": 818, "normalized_form": null}, {"start": 819, "end": 826, "normalized_form": null}, {"start": 827, "end": 836, "normalized_form": null}, {"start": 837, "end": 843, "normalized_form": null}, {"start": 845, "end": 850, "normalized_form": null}, {"start": 851, "end": 855, "normalized_form": null}, {"start": 856, "end": 860, "normalized_form": null}, {"start": 861, "end": 868, "normalized_form": null}, {"start": 869, "end": 876, "normalized_form": null}, {"start": 878, "end": 885, "normalized_form": null}, {"start": 886, "end": 890, "normalized_form": null}, {"start": 891, "end": 892, "normalized_form": null}, {"start": 893, "end": 896, "normalized_form": null}, {"start": 897, "end": 899, "normalized_form": null}, {"start": 900, "end": 905, "normalized_form": null}, {"start": 906, "end": 912, "normalized_form": null}, {"start": 913, "end": 914, "normalized_form": null}, {"start": 915, "end": 922, "normalized_form": null}, {"start": 923, "end": 924, "normalized_form": null}, {"start": 926, "end": 931, "normalized_form": null}, {"start": 932, "end": 938, "normalized_form": null}, {"start": 940, "end": 944, "normalized_form": null}, {"start": 945, "end": 949, "normalized_form": null}, {"start": 950, "end": 957, "normalized_form": null}, {"start": 959, "end": 962, "normalized_form": null}, {"start": 963, "end": 965, "normalized_form": null}, {"start": 966, "end": 971, "normalized_form": null}, {"start": 972, "end": 975, "normalized_form": null}, {"start": 976, "end": 982, "normalized_form": null}, {"start": 983, "end": 988, "normalized_form": null}, {"start": 989, "end": 993, "normalized_form": null}, {"start": 994, "end": 995, "normalized_form": null}, {"start": 997, "end": 1003, "normalized_form": null}, {"start": 1005, "end": 1007, "normalized_form": null}, {"start": 1008, "end": 1013, "normalized_form": null}, {"start": 1014, "end": 1019, "normalized_form": null}, {"start": 1020, "end": 1027, "normalized_form": null}, {"start": 1029, "end": 1033, "normalized_form": null}, {"start": 1035, "end": 1045, "normalized_form": null}, {"start": 1046, "end": 1049, "normalized_form": null}, {"start": 1050, "end": 1054, "normalized_form": null}, {"start": 1055, "end": 1062, "normalized_form": null}, {"start": 1063, "end": 1070, "normalized_form": null}, {"start": 1071, "end": 1074, "normalized_form": null}, {"start": 1075, "end": 1079, "normalized_form": null}, {"start": 1080, "end": 1081, "normalized_form": null}, {"start": 1083, "end": 1091, "normalized_form": null}, {"start": 1092, "end": 1095, "normalized_form": null}, {"start": 1097, "end": 1100, "normalized_form": null}, {"start": 1101, "end": 1102, "normalized_form": null}, {"start": 1103, "end": 1112, "normalized_form": null}, {"start": 1113, "end": 1114, "normalized_form": null}], "attributes": ["normalized_form"]}, {"_base": "words", "parent": "words", "ambiguous": true, "name": "morph_analysis", "enveloping": null, "spans": [[{"lemma": "tiib", "start": 0, "root": "tiib", "_index_": 0, "end": 9, "clitic": "", "form": "pl kom", "ending": "dega", "partofspeech": "S", "root_tokens": ["tiib"]}], [{"lemma": "koll", "start": 10, "root": "koll", "_index_": 1, "end": 14, "clitic": "", "form": "sg n", "ending": "0", "partofspeech": "S", "root_tokens": ["koll"]}], [{"lemma": "?", "start": 15, "root": "?", "_index_": 2, "end": 16, "clitic": "", "form": "", "ending": "", "partofspeech": "Z", "root_tokens": ["?"]}], [{"lemma": "pff", "start": 18, "root": "pff", "_index_": 3, "end": 21, "clitic": "", "form": "?", "ending": "0", "partofspeech": "Y", "root_tokens": ["pff"]}], [{"lemma": ".", "start": 22, "root": ".", "_index_": 4, "end": 23, "clitic": "", "form": "", "ending": "", "partofspeech": "Z", "root_tokens": ["."]}], [{"lemma": "see", "start": 24, "root": "see", "_index_": 5, "end": 27, "clitic": "", "form": "sg n", "ending": "0", "partofspeech": "P", "root_tokens": ["see"]}], [{"lemma": "olema", "start": 28, "root": "ole", "_index_": 6, "end": 30, "clitic": "", "form": "b", "ending": "0", "partofspeech": "V", "root_tokens": ["ole"]}, {"lemma": "olema", "start": 28, "root": "ole", "_index_": 6, "end": 30, "clitic": "", "form": "vad", "ending": "0", "partofspeech": "V", "root_tokens": ["ole"]}], [{"lemma": "umbes", "start": 31, "root": "umbes", "_index_": 7, "end": 36, "clitic": "", "form": "", "ending": "0", "partofspeech": "D", "root_tokens": ["umbes"]}], [{"lemma": "sama", "start": 37, "root": "sama", "_index_": 8, "end": 41, "clitic": "", "form": "sg n", "ending": "0", "partofspeech": "P", "root_tokens": ["sama"]}], [{"lemma": "täpne", "start": 42, "root": "täpne", "_index_": 9, "end": 47, "clitic": "", "form": "sg n", "ending": "0", "partofspeech": "A", "root_tokens": ["täpne"]}], [{"lemma": "nagu", "start": 48, "root": "nagu", "_index_": 10, "end": 52, "clitic": "", "form": "", "ending": "0", "partofspeech": "D", "root_tokens": ["nagu"]}, {"lemma": "nagu", "start": 48, "root": "nagu", "_index_": 10, "end": 52, "clitic": "", "form": "", "ending": "0", "partofspeech": "J", "root_tokens": ["nagu"]}], [{"lemma": "ütlema", "start": 53, "root": "ütle", "_index_": 11, "end": 58, "clitic": "", "form": "da", "ending": "da", "partofspeech": "V", "root_tokens": ["ütle"]}], [{"lemma": "ilves", "start": 59, "root": "ilves", "_index_": 12, "end": 65, "clitic": "", "form": "sg g", "ending": "0", "partofspeech": "S", "root_tokens": ["ilves"]}], [{"lemma": "kohta", "start": 66, "root": "kohta", "_index_": 13, "end": 71, "clitic": "", "form": "", "ending": "0", "partofspeech": "K", "root_tokens": ["kohta"]}], [{"lemma": "-", "start": 72, "root": "-", "_index_": 14, "end": 73, "clitic": "", "form": "", "ending": "", "partofspeech": "Z", "root_tokens": ["-"]}], [{"lemma": "karvane", "start": 74, "root": "karvane", "_index_": 15, "end": 81, "clitic": "", "form": "sg n", "ending": "0", "partofspeech": "A", "root_tokens": ["karvane"]}], [{"lemma": "kaslane", "start": 82, "root": "kaslane", "_index_": 16, "end": 89, "clitic": "", "form": "sg n", "ending": "0", "partofspeech": "S", "root_tokens": ["kaslane"]}], [{"lemma": "ja", "start": 90, "root": "ja", "_index_": 17, "end": 92, "clitic": "", "form": "", "ending": "0", "partofspeech": "J", "root_tokens": ["ja"]}], [{"lemma": "arvama", "start": 93, "root": "arva", "_index_": 18, "end": 99, "clitic": "", "form": "da", "ending": "ta", "partofspeech": "V", "root_tokens": ["arva"]}], [{"lemma": ",", "start": 100, "root": ",", "_index_": 19, "end": 101, "clitic": "", "form": "", "ending": "", "partofspeech": "Z", "root_tokens": [","]}], [{"lemma": "et", "start": 102, "root": "et", "_index_": 20, "end": 104, "clitic": "", "form": "", "ending": "0", "partofspeech": "J", "root_tokens": ["et"]}], [{"lemma": "võima", "start": 105, "root": "või", "_index_": 21, "end": 109, "clitic": "", "form": "d", "ending": "d", "partofspeech": "V", "root_tokens": ["või"]}], [{"lemma": "uus", "start": 110, "root": "uus", "_index_": 22, "end": 113, "clitic": "", "form": "sg g", "ending": "0", "partofspeech": "A", "root_tokens": ["uus"]}], [{"lemma": "pilt", "start": 114, "root": "pilt", "_index_": 23, "end": 119, "clitic": "", "form": "sg g", "ending": "0", "partofspeech": "S", "root_tokens": ["pilt"]}], [{"lemma": "panema", "start": 120, "root": "pane", "_index_": 24, "end": 125, "clitic": "", "form": "da", "ending": "a", "partofspeech": "V", "root_tokens": ["pane"]}], [{"lemma": ".", "start": 126, "root": ".", "_index_": 25, "end": 127, "clitic": "", "form": "", "ending": "", "partofspeech": "Z", "root_tokens": ["."]}], [{"lemma": "nagu", "start": 129, "root": "nagu", "_index_": 26, "end": 133, "clitic": "", "form": "", "ending": "0", "partofspeech": "D", "root_tokens": ["nagu"]}, {"lemma": "nagu", "start": 129, "root": "nagu", "_index_": 26, "end": 133, "clitic": "", "form": "", "ending": "0", "partofspeech": "J", "root_tokens": ["nagu"]}], [{"lemma": "öeldud", "start": 134, "root": "öeldud", "_index_": 27, "end": 140, "clitic": "", "form": "", "ending": "0", "partofspeech": "A", "root_tokens": ["öeldud"]}, {"lemma": "öeldud", "start": 134, "root": "öeldud", "_index_": 27, "end": 140, "clitic": "", "form": "sg n", "ending": "0", "partofspeech": "A", "root_tokens": ["öeldud"]}, {"lemma": "öeldud", "start": 134, "root": "öeldud", "_index_": 27, "end": 140, "clitic": "", "form": "pl n", "ending": "d", "partofspeech": "A", "root_tokens": ["öeldud"]}, {"lemma": "ütlema", "start": 134, "root": "ütle", "_index_": 27, "end": 140, "clitic": "", "form": "tud", "ending": "dud", "partofspeech": "V", "root_tokens": ["ütle"]}], [{"lemma": ",", "start": 141, "root": ",", "_index_": 28, "end": 142, "clitic": "", "form": "", "ending": "", "partofspeech": "Z", "root_tokens": [","]}], [{"lemma": "pff", "start": 143, "root": "pff", "_index_": 29, "end": 146, "clitic": "", "form": "?", "ending": "0", "partofspeech": "Y", "root_tokens": ["pff"]}], [{"lemma": ".", "start": 147, "root": ".", "_index_": 30, "end": 148, "clitic": "", "form": "", "ending": "", "partofspeech": "Z", "root_tokens": ["."]}], [{"lemma": "no", "start": 150, "root": "no", "_index_": 31, "end": 152, "clitic": "", "form": "", "ending": "0", "partofspeech": "I", "root_tokens": ["no"]}], [{"lemma": "offence", "start": 153, "root": "offence", "_index_": 32, "end": 160, "clitic": "", "form": "sg n", "ending": "0", "partofspeech": "S", "root_tokens": ["offence"]}], [{"lemma": ".", "start": 161, "root": ".", "_index_": 33, "end": 162, "clitic": "", "form": "", "ending": "", "partofspeech": "Z", "root_tokens": ["."]}], [{"lemma": "mina", "start": 164, "root": "mina", "_index_": 34, "end": 166, "clitic": "", "form": "sg n", "ending": "0", "partofspeech": "P", "root_tokens": ["mina"]}], [{"lemma": "lubama", "start": 167, "root": "luba", "_index_": 35, "end": 172, "clitic": "", "form": "n", "ending": "n", "partofspeech": "V", "root_tokens": ["luba"]}], [{"lemma": "tegelikult", "start": 173, "root": "tegelikult", "_index_": 36, "end": 183, "clitic": "", "form": "", "ending": "0", "partofspeech": "D", "root_tokens": ["tegelikult"]}], [{"lemma": "keegi", "start": 184, "root": "keegi", "_index_": 37, "end": 192, "clitic": "", "form": "sg ad", "ending": "lgi", "partofspeech": "P", "root_tokens": ["keegi"]}], [{"lemma": "teine", "start": 193, "root": "teine", "_index_": 38, "end": 199, "clitic": "", "form": "sg ad", "ending": "l", "partofspeech": "O", "root_tokens": ["teine"]}, {"lemma": "teine", "start": 193, "root": "teine", "_index_": 38, "end": 199, "clitic": "", "form": "sg ad", "ending": "l", "partofspeech": "P", "root_tokens": ["teine"]}], [{"lemma": "uus", "start": 200, "root": "uus", "_index_": 39, "end": 203, "clitic": "", "form": "sg g", "ending": "0", "partofspeech": "A", "root_tokens": ["uus"]}], [{"lemma": "pilt", "start": 204, "root": "pilt", "_index_": 40, "end": 209, "clitic": "", "form": "sg g", "ending": "0", "partofspeech": "S", "root_tokens": ["pilt"]}], [{"lemma": "panema", "start": 210, "root": "pane", "_index_": 41, "end": 215, "clitic": "", "form": "da", "ending": "a", "partofspeech": "V", "root_tokens": ["pane"]}], [{"lemma": ".", "start": 216, "root": ".", "_index_": 42, "end": 217, "clitic": "", "form": "", "ending": "", "partofspeech": "Z", "root_tokens": ["."]}], [{"lemma": "mis", "start": 219, "root": "mis", "_index_": 43, "end": 222, "clitic": "", "form": "pl n", "ending": "0", "partofspeech": "P", "root_tokens": ["mis"]}, {"lemma": "mis", "start": 219, "root": "mis", "_index_": 43, "end": 222, "clitic": "", "form": "sg n", "ending": "0", "partofspeech": "P", "root_tokens": ["mis"]}], [{"lemma": "mõte", "start": 223, "root": "mõte", "_index_": 44, "end": 229, "clitic": "", "form": "sg in", "ending": "s", "partofspeech": "S", "root_tokens": ["mõte"]}], [{"lemma": "sina", "start": 230, "root": "sina", "_index_": 45, "end": 234, "clitic": "", "form": "sg n", "ending": "0", "partofspeech": "P", "root_tokens": ["sina"]}], [{"lemma": "lubama", "start": 235, "root": "luba", "_index_": 46, "end": 240, "clitic": "", "form": "d", "ending": "d", "partofspeech": "V", "root_tokens": ["luba"]}], [{"lemma": "?", "start": 241, "root": "?", "_index_": 47, "end": 242, "clitic": "", "form": "", "ending": "", "partofspeech": "Z", "root_tokens": ["?"]}], [{"lemma": "kuulma", "start": 243, "root": "kuul", "_index_": 48, "end": 248, "clitic": "", "form": "o", "ending": "0", "partofspeech": "V", "root_tokens": ["kuul"]}], [{"lemma": ",", "start": 249, "root": ",", "_index_": 49, "end": 250, "clitic": "", "form": "", "ending": "", "partofspeech": "Z", "root_tokens": [","]}], [{"lemma": "sina", "start": 251, "root": "sina", "_index_": 50, "end": 253, "clitic": "", "form": "sg n", "ending": "0", "partofspeech": "P", "root_tokens": ["sina"]}], [{"lemma": "häirima", "start": 254, "root": "häiri", "_index_": 51, "end": 260, "clitic": "", "form": "d", "ending": "d", "partofspeech": "V", "root_tokens": ["häiri"]}], [{"lemma": "mina", "start": 261, "root": "mina", "_index_": 52, "end": 265, "clitic": "", "form": "sg p", "ending": "d", "partofspeech": "P", "root_tokens": ["mina"]}], [{"lemma": ".", "start": 266, "root": ".", "_index_": 53, "end": 267, "clitic": "", "form": "", "ending": "", "partofspeech": "Z", "root_tokens": ["."]}], [{"lemma": "arvama", "start": 269, "root": "arva", "_index_": 54, "end": 275, "clitic": "", "form": "ge", "ending": "ke", "partofspeech": "V", "root_tokens": ["arva"]}], [{"lemma": "mina", "start": 276, "root": "mina", "_index_": 55, "end": 278, "clitic": "", "form": "sg g", "ending": "0", "partofspeech": "P", "root_tokens": ["mina"]}], [{"lemma": "elukas", "start": 279, "root": "elukas", "_index_": 56, "end": 285, "clitic": "", "form": "sg in", "ending": "s", "partofspeech": "S", "root_tokens": ["elukas"]}], [{"lemma": "ära", "start": 286, "root": "ära", "_index_": 57, "end": 289, "clitic": "", "form": "", "ending": "0", "partofspeech": "D", "root_tokens": ["ära"]}], [{"lemma": "ja", "start": 290, "root": "ja", "_index_": 58, "end": 292, "clitic": "", "form": "", "ending": "0", "partofspeech": "J", "root_tokens": ["ja"]}], [{"lemma": "siis", "start": 293, "root": "siis", "_index_": 59, "end": 297, "clitic": "", "form": "", "ending": "0", "partofspeech": "D", "root_tokens": ["siis"]}], [{"lemma": "panema", "start": 298, "root": "pane", "_index_": 60, "end": 304, "clitic": "", "form": "te", "ending": "te", "partofspeech": "V", "root_tokens": ["pane"]}], [{"lemma": "uus", "start": 305, "root": "uus", "_index_": 61, "end": 308, "clitic": "", "form": "sg g", "ending": "0", "partofspeech": "A", "root_tokens": ["uus"]}], [{"lemma": "pilt", "start": 309, "root": "pilt", "_index_": 62, "end": 314, "clitic": "", "form": "sg g", "ending": "0", "partofspeech": "S", "root_tokens": ["pilt"]}], [{"lemma": ".", "start": 315, "root": ".", "_index_": 63, "end": 316, "clitic": "", "form": "", "ending": "", "partofspeech": "Z", "root_tokens": ["."]}], [{"lemma": "tuvi", "start": 318, "root": "tuvi", "_index_": 64, "end": 322, "clitic": "", "form": "sg g", "ending": "0", "partofspeech": "S", "root_tokens": ["tuvi"]}], [{"lemma": "?", "start": 323, "root": "?", "_index_": 65, "end": 324, "clitic": "", "form": "", "ending": "", "partofspeech": "Z", "root_tokens": ["?"]}], [{"lemma": "ei", "start": 326, "root": "ei", "_index_": 66, "end": 328, "clitic": "", "form": "neg", "ending": "0", "partofspeech": "V", "root_tokens": ["ei"]}], [{"lemma": ".", "start": 329, "root": ".", "_index_": 67, "end": 330, "clitic": "", "form": "", "ending": "", "partofspeech": "Z", "root_tokens": ["."]}], [{"lemma": "elukas", "start": 331, "root": "elukas", "_index_": 68, "end": 337, "clitic": "", "form": "sg n", "ending": "0", "partofspeech": "S", "root_tokens": ["elukas"]}], [{"lemma": "olema", "start": 338, "root": "ole", "_index_": 69, "end": 340, "clitic": "", "form": "b", "ending": "0", "partofspeech": "V", "root_tokens": ["ole"]}, {"lemma": "olema", "start": 338, "root": "ole", "_index_": 69, "end": 340, "clitic": "", "form": "vad", "ending": "0", "partofspeech": "V", "root_tokens": ["ole"]}], [{"lemma": "välja", "start": 341, "root": "välja", "_index_": 70, "end": 346, "clitic": "", "form": "", "ending": "0", "partofspeech": "D", "root_tokens": ["välja"]}], [{"lemma": "surnd", "start": 347, "root": "surnd", "_index_": 71, "end": 352, "clitic": "", "form": "sg n", "ending": "0", "partofspeech": "S", "root_tokens": ["surnd"]}], [{"lemma": ",", "start": 353, "root": ",", "_index_": 72, "end": 354, "clitic": "", "form": "", "ending": "", "partofspeech": "Z", "root_tokens": [","]}], [{"lemma": "mina", "start": 355, "root": "mina", "_index_": 73, "end": 359, "clitic": "", "form": "sg g", "ending": "0", "partofspeech": "P", "root_tokens": ["mina"]}], [{"lemma": "teadma", "start": 360, "root": "tead", "_index_": 74, "end": 365, "clitic": "", "form": "da", "ending": "a", "partofspeech": "V", "root_tokens": ["tead"]}], [{"lemma": ".", "start": 366, "root": ".", "_index_": 75, "end": 367, "clitic": "", "form": "", "ending": "", "partofspeech": "Z", "root_tokens": ["."]}], [{"lemma": "Pteranodon", "start": 369, "root": "Pteranodon", "_index_": 76, "end": 379, "clitic": "", "form": "sg n", "ending": "0", "partofspeech": "H", "root_tokens": ["Pteranodon"]}], [{"lemma": "?", "start": 380, "root": "?", "_index_": 77, "end": 381, "clitic": "", "form": "", "ending": "", "partofspeech": "Z", "root_tokens": ["?"]}], [{"lemma": "ei", "start": 383, "root": "ei", "_index_": 78, "end": 385, "clitic": "", "form": "neg", "ending": "0", "partofspeech": "V", "root_tokens": ["ei"]}], [{"lemma": ".", "start": 386, "root": ".", "_index_": 79, "end": 387, "clitic": "", "form": "", "ending": "", "partofspeech": "Z", "root_tokens": ["."]}], [{"lemma": "vaatama", "start": 389, "root": "vaata", "_index_": 80, "end": 396, "clitic": "", "form": "ge", "ending": "ke", "partofspeech": "V", "root_tokens": ["vaata"]}], [{"lemma": "hool", "start": 397, "root": "hool", "_index_": 81, "end": 404, "clitic": "", "form": "sg kom", "ending": "ga", "partofspeech": "S", "root_tokens": ["hool"]}], [{"lemma": "see", "start": 405, "root": "see", "_index_": 82, "end": 409, "clitic": "", "form": "sg p", "ending": "da", "partofspeech": "P", "root_tokens": ["see"]}], [{"lemma": "pilt", "start": 410, "root": "pilt", "_index_": 83, "end": 415, "clitic": "", "form": "sg p", "ending": "0", "partofspeech": "S", "root_tokens": ["pilt"]}], [{"lemma": "ja", "start": 416, "root": "ja", "_index_": 84, "end": 418, "clitic": "", "form": "", "ending": "0", "partofspeech": "J", "root_tokens": ["ja"]}], [{"lemma": "mõtlema", "start": 419, "root": "mõtle", "_index_": 85, "end": 425, "clitic": "", "form": "ge", "ending": "ge", "partofspeech": "V", "root_tokens": ["mõtle"]}], [{"lemma": "mis", "start": 426, "root": "mis", "_index_": 86, "end": 429, "clitic": "", "form": "pl n", "ending": "0", "partofspeech": "P", "root_tokens": ["mis"]}, {"lemma": "mis", "start": 426, "root": "mis", "_index_": 86, "end": 429, "clitic": "", "form": "sg n", "ending": "0", "partofspeech": "P", "root_tokens": ["mis"]}], [{"lemma": "olema", "start": 430, "root": "ole", "_index_": 87, "end": 432, "clitic": "", "form": "b", "ending": "0", "partofspeech": "V", "root_tokens": ["ole"]}, {"lemma": "olema", "start": 430, "root": "ole", "_index_": 87, "end": 432, "clitic": "", "form": "vad", "ending": "0", "partofspeech": "V", "root_tokens": ["ole"]}], [{"lemma": "vihjav", "start": 433, "root": "vihjav", "_index_": 88, "end": 439, "clitic": "", "form": "sg n", "ending": "0", "partofspeech": "A", "root_tokens": ["vihjav"]}], [{"lemma": ".", "start": 440, "root": ".", "_index_": 89, "end": 441, "clitic": "", "form": "", "ending": "", "partofspeech": "Z", "root_tokens": ["."]}], [{"lemma": "see", "start": 443, "root": "see", "_index_": 90, "end": 446, "clitic": "", "form": "sg n", "ending": "0", "partofspeech": "P", "root_tokens": ["see"]}], [{"lemma": "ingel", "start": 447, "root": "ingel", "_index_": 91, "end": 452, "clitic": "", "form": "sg g", "ending": "0", "partofspeech": "S", "root_tokens": ["ingel"]}], [{"lemma": "skelett", "start": 453, "root": "skelett", "_index_": 92, "end": 460, "clitic": "", "form": "sg n", "ending": "0", "partofspeech": "S", "root_tokens": ["skelett"]}], [{"lemma": "2kki", "start": 461, "root": "2kki", "_index_": 93, "end": 465, "clitic": "", "form": "?", "ending": "0", "partofspeech": "Y", "root_tokens": ["2kki"]}], [{"lemma": "simpsonite", "start": 466, "root": "simpsonite", "_index_": 94, "end": 478, "clitic": "", "form": "sg el", "ending": "st", "partofspeech": "S", "root_tokens": ["simpsonite"]}, {"lemma": "simpson", "start": 466, "root": "simpson", "_index_": 94, "end": 478, "clitic": "", "form": "pl el", "ending": "test", "partofspeech": "S", "root_tokens": ["simpson"]}], [{"lemma": "?", "start": 479, "root": "?", "_index_": 95, "end": 480, "clitic": "", "form": "", "ending": "", "partofspeech": "Z", "root_tokens": ["?"]}], [{"lemma": "see", "start": 482, "root": "see", "_index_": 96, "end": 485, "clitic": "", "form": "sg n", "ending": "0", "partofspeech": "P", "root_tokens": ["see"]}], [{"lemma": "kus", "start": 486, "root": "kus", "_index_": 97, "end": 489, "clitic": "", "form": "", "ending": "0", "partofspeech": "D", "root_tokens": ["kus"]}], [{"lemma": "lisa", "start": 490, "root": "lisa", "_index_": 98, "end": 494, "clitic": "", "form": "sg n", "ending": "0", "partofspeech": "S", "root_tokens": ["lisa"]}], [{"lemma": "leidma", "start": 495, "root": "leid", "_index_": 99, "end": 500, "clitic": "", "form": "b", "ending": "b", "partofspeech": "V", "root_tokens": ["leid"]}], [{"lemma": "see", "start": 501, "root": "see", "_index_": 100, "end": 506, "clitic": "", "form": "sg g", "ending": "0", "partofspeech": "P", "root_tokens": ["see"]}], [{"lemma": "skelett", "start": 507, "root": "skelett", "_index_": 101, "end": 514, "clitic": "", "form": "sg g", "ending": "0", "partofspeech": "S", "root_tokens": ["skelett"]}], [{"lemma": "ja", "start": 515, "root": "ja", "_index_": 102, "end": 517, "clitic": "", "form": "", "ending": "0", "partofspeech": "J", "root_tokens": ["ja"]}], [{"lemma": "siis", "start": 518, "root": "siis", "_index_": 103, "end": 522, "clitic": "", "form": "", "ending": "0", "partofspeech": "D", "root_tokens": ["siis"]}], [{"lemma": "tegelt", "start": 523, "root": "tegelt", "_index_": 104, "end": 529, "clitic": "", "form": "sg n", "ending": "0", "partofspeech": "S", "root_tokens": ["tegelt"]}], [{"lemma": "see", "start": 530, "root": "see", "_index_": 105, "end": 533, "clitic": "", "form": "sg n", "ending": "0", "partofspeech": "P", "root_tokens": ["see"]}], [{"lemma": "olema", "start": 534, "root": "ole", "_index_": 106, "end": 537, "clitic": "", "form": "s", "ending": "i", "partofspeech": "V", "root_tokens": ["ole"]}], [{"lemma": "kaubanduskeskus", "start": 538, "root": "kaubandus_keskus", "_index_": 107, "end": 554, "clitic": "", "form": "sg g", "ending": "0", "partofspeech": "S", "root_tokens": ["kaubandus", "keskus"]}], [{"lemma": "reklaamitrikk", "start": 555, "root": "reklaami_trikk", "_index_": 108, "end": 568, "clitic": "", "form": "sg n", "ending": "0", "partofspeech": "S", "root_tokens": ["reklaami", "trikk"]}], [{"lemma": ".", "start": 569, "root": ".", "_index_": 109, "end": 570, "clitic": "", "form": "", "ending": "", "partofspeech": "Z", "root_tokens": ["."]}], [{"lemma": "ei", "start": 572, "root": "ei", "_index_": 110, "end": 574, "clitic": "", "form": "neg", "ending": "0", "partofspeech": "V", "root_tokens": ["ei"]}], [{"lemma": ".", "start": 575, "root": ".", "_index_": 111, "end": 576, "clitic": "", "form": "", "ending": "", "partofspeech": "Z", "root_tokens": ["."]}], [{"lemma": "teadlane", "start": 577, "root": "teadlane", "_index_": 112, "end": 586, "clitic": "", "form": "pl n", "ending": "d", "partofspeech": "S", "root_tokens": ["teadlane"]}], [{"lemma": "arvama", "start": 587, "root": "arva", "_index_": 113, "end": 594, "clitic": "", "form": "vad", "ending": "vad", "partofspeech": "V", "root_tokens": ["arva"]}], [{"lemma": ",", "start": 595, "root": ",", "_index_": 114, "end": 596, "clitic": "", "form": "", "ending": "", "partofspeech": "Z", "root_tokens": [","]}], [{"lemma": "et", "start": 597, "root": "et", "_index_": 115, "end": 599, "clitic": "", "form": "", "ending": "0", "partofspeech": "J", "root_tokens": ["et"]}], [{"lemma": "see", "start": 600, "root": "see", "_index_": 116, "end": 603, "clitic": "", "form": "sg n", "ending": "0", "partofspeech": "P", "root_tokens": ["see"]}], [{"lemma": "olema", "start": 604, "root": "ole", "_index_": 117, "end": 607, "clitic": "", "form": "s", "ending": "i", "partofspeech": "V", "root_tokens": ["ole"]}], [{"lemma": "olema", "start": 608, "root": "ole", "_index_": 118, "end": 614, "clitic": "", "form": "mas", "ending": "mas", "partofspeech": "V", "root_tokens": ["ole"]}], [{"lemma": ".", "start": 615, "root": ".", "_index_": 119, "end": 616, "clitic": "", "form": "", "ending": "", "partofspeech": "Z", "root_tokens": ["."]}], [{"lemma": "vihje", "start": 618, "root": "vihje", "_index_": 120, "end": 625, "clitic": "", "form": "pl p", "ending": "id", "partofspeech": "S", "root_tokens": ["vihje"]}], [{"lemma": "tahtma", "start": 626, "root": "taht", "_index_": 121, "end": 632, "clitic": "", "form": "te", "ending": "te", "partofspeech": "V", "root_tokens": ["taht"]}], [{"lemma": "?", "start": 633, "root": "?", "_index_": 122, "end": 634, "clitic": "", "form": "", "ending": "", "partofspeech": "Z", "root_tokens": ["?"]}], [{"lemma": "teadlane", "start": 636, "root": "teadlane", "_index_": 123, "end": 645, "clitic": "", "form": "pl n", "ending": "d", "partofspeech": "S", "root_tokens": ["teadlane"]}], [{"lemma": "käima", "start": 646, "root": "käi", "_index_": 124, "end": 651, "clitic": "", "form": "gu", "ending": "gu", "partofspeech": "V", "root_tokens": ["käi"]}], [{"lemma": "kuu", "start": 652, "root": "kuu", "_index_": 125, "end": 657, "clitic": "", "form": "sg all", "ending": "le", "partofspeech": "S", "root_tokens": ["kuu"]}], [{"lemma": "Archaeopteryx", "start": 659, "root": "Archaeopteryx", "_index_": 126, "end": 672, "clitic": "", "form": "sg n", "ending": "0", "partofspeech": "H", "root_tokens": ["Archaeopteryx"]}], [{"lemma": "lithographica", "start": 673, "root": "lithographica", "_index_": 127, "end": 686, "clitic": "", "form": "sg n", "ending": "0", "partofspeech": "S", "root_tokens": ["lithographica"]}], [{"lemma": "vastus", "start": 688, "root": "vastus", "_index_": 128, "end": 694, "clitic": "", "form": "sg n", "ending": "0", "partofspeech": "S", "root_tokens": ["vastus"]}], [{"lemma": "olema", "start": 695, "root": "ole", "_index_": 129, "end": 697, "clitic": "", "form": "b", "ending": "0", "partofspeech": "V", "root_tokens": ["ole"]}, {"lemma": "olema", "start": 695, "root": "ole", "_index_": 129, "end": 697, "clitic": "", "form": "vad", "ending": "0", "partofspeech": "V", "root_tokens": ["ole"]}], [{"lemma": "õige", "start": 698, "root": "õige", "_index_": 130, "end": 702, "clitic": "", "form": "sg n", "ending": "0", "partofspeech": "A", "root_tokens": ["õige"]}], [{"lemma": ",", "start": 703, "root": ",", "_index_": 131, "end": 704, "clitic": "", "form": "", "ending": "", "partofspeech": "Z", "root_tokens": [","]}], [{"lemma": "tubli", "start": 705, "root": "tubli", "_index_": 132, "end": 710, "clitic": "", "form": "sg n", "ending": "0", "partofspeech": "A", "root_tokens": ["tubli"]}], [{"lemma": ".", "start": 711, "root": ".", "_index_": 133, "end": 712, "clitic": "", "form": "", "ending": "", "partofspeech": "Z", "root_tokens": ["."]}], [{"lemma": "panema", "start": 713, "root": "pane", "_index_": 134, "end": 717, "clitic": "", "form": "o", "ending": "0", "partofspeech": "V", "root_tokens": ["pane"]}], [{"lemma": "uus", "start": 718, "root": "uus", "_index_": 135, "end": 721, "clitic": "", "form": "sg n", "ending": "0", "partofspeech": "A", "root_tokens": ["uus"]}], [{"lemma": "pilt", "start": 722, "root": "pilt", "_index_": 136, "end": 726, "clitic": "", "form": "sg n", "ending": "0", "partofspeech": "S", "root_tokens": ["pilt"]}], [{"lemma": ".", "start": 727, "root": ".", "_index_": 137, "end": 728, "clitic": "", "form": "", "ending": "", "partofspeech": "Z", "root_tokens": ["."]}], [{"lemma": "sulg", "start": 730, "root": "sulg", "_index_": 138, "end": 735, "clitic": "", "form": "pl p", "ending": "i", "partofspeech": "S", "root_tokens": ["sulg"]}], [{"lemma": "nägema", "start": 736, "root": "näge", "_index_": 139, "end": 742, "clitic": "", "form": "site", "ending": "ite", "partofspeech": "V", "root_tokens": ["näge"]}], [{"lemma": "kivistis", "start": 743, "root": "kivistis", "_index_": 140, "end": 753, "clitic": "", "form": "sg ad", "ending": "l", "partofspeech": "S", "root_tokens": ["kivistis"]}], [{"lemma": "ju", "start": 754, "root": "ju", "_index_": 141, "end": 756, "clitic": "", "form": "", "ending": "0", "partofspeech": "D", "root_tokens": ["ju"]}], [{"lemma": "?", "start": 757, "root": "?", "_index_": 142, "end": 758, "clitic": "", "form": "", "ending": "", "partofspeech": "Z", "root_tokens": ["?"]}], [{"lemma": "dammit", "start": 759, "root": "dammit", "_index_": 143, "end": 765, "clitic": "", "form": "sg n", "ending": "0", "partofspeech": "S", "root_tokens": ["dammit"]}], [{"lemma": ".", "start": 766, "root": ".", "_index_": 144, "end": 767, "clitic": "", "form": "", "ending": "", "partofspeech": "Z", "root_tokens": ["."]}], [{"lemma": "siin", "start": 769, "root": "siin", "_index_": 145, "end": 773, "clitic": "", "form": "", "ending": "0", "partofspeech": "D", "root_tokens": ["siin"]}], [{"lemma": "olema", "start": 774, "root": "ole", "_index_": 146, "end": 776, "clitic": "", "form": "b", "ending": "0", "partofspeech": "V", "root_tokens": ["ole"]}, {"lemma": "olema", "start": 774, "root": "ole", "_index_": 146, "end": 776, "clitic": "", "form": "vad", "ending": "0", "partofspeech": "V", "root_tokens": ["ole"]}], [{"lemma": "järgmine", "start": 777, "root": "järgmine", "_index_": 147, "end": 785, "clitic": "", "form": "sg n", "ending": "0", "partofspeech": "A", "root_tokens": ["järgmine"]}], [{"lemma": "elukas", "start": 786, "root": "elukas", "_index_": 148, "end": 792, "clitic": "", "form": "sg n", "ending": "0", "partofspeech": "S", "root_tokens": ["elukas"]}], [{"lemma": "siis", "start": 793, "root": "siis", "_index_": 149, "end": 797, "clitic": "", "form": "", "ending": "0", "partofspeech": "D", "root_tokens": ["siis"]}], [{"lemma": "chupacabra", "start": 799, "root": "chupacabra", "_index_": 150, "end": 809, "clitic": "", "form": "sg n", "ending": "0", "partofspeech": "S", "root_tokens": ["chupacabra"]}], [{"lemma": "?", "start": 810, "root": "?", "_index_": 151, "end": 811, "clitic": "", "form": "", "ending": "", "partofspeech": "Z", "root_tokens": ["?"]}], [{"lemma": "TKV", "start": 813, "root": "TKV", "_index_": 152, "end": 816, "clitic": "", "form": "?", "ending": "0", "partofspeech": "Y", "root_tokens": ["TKV"]}], [{"lemma": "e", "start": 817, "root": "e", "_index_": 153, "end": 818, "clitic": "", "form": "?", "ending": "0", "partofspeech": "Y", "root_tokens": ["e"]}], [{"lemma": "täiesti", "start": 819, "root": "täiesti", "_index_": 154, "end": 826, "clitic": "", "form": "", "ending": "0", "partofspeech": "D", "root_tokens": ["täiesti"]}], [{"lemma": "korrektne", "start": 827, "root": "korrektne", "_index_": 155, "end": 836, "clitic": "", "form": "sg n", "ending": "0", "partofspeech": "A", "root_tokens": ["korrektne"]}], [{"lemma": "vastus", "start": 837, "root": "vastus", "_index_": 156, "end": 843, "clitic": "", "form": "sg n", "ending": "0", "partofspeech": "S", "root_tokens": ["vastus"]}], [{"lemma": "väike", "start": 845, "root": "väike", "_index_": 157, "end": 850, "clitic": "", "form": "sg n", "ending": "0", "partofspeech": "A", "root_tokens": ["väike"]}], [{"lemma": "jupp", "start": 851, "root": "jupp", "_index_": 158, "end": 855, "clitic": "", "form": "sg n", "ending": "0", "partofspeech": "S", "root_tokens": ["jupp"]}], [{"lemma": "siis", "start": 856, "root": "siis", "_index_": 159, "end": 860, "clitic": "", "form": "", "ending": "0", "partofspeech": "D", "root_tokens": ["siis"]}], [{"lemma": "see", "start": 861, "root": "see", "_index_": 160, "end": 868, "clitic": "", "form": "sg el", "ending": "st", "partofspeech": "P", "root_tokens": ["see"]}], [{"lemma": "looma", "start": 869, "root": "loo", "_index_": 161, "end": 876, "clitic": "", "form": "mast", "ending": "mast", "partofspeech": "V", "root_tokens": ["loo"]}], [{"lemma": "vihje", "start": 878, "root": "vihje", "_index_": 162, "end": 885, "clitic": "", "form": "pl p", "ending": "id", "partofspeech": "S", "root_tokens": ["vihje"]}], [{"lemma": "andma", "start": 886, "root": "and", "_index_": 163, "end": 890, "clitic": "", "form": "o", "ending": "0", "partofspeech": "V", "root_tokens": ["and"]}], [{"lemma": ".", "start": 891, "root": ".", "_index_": 164, "end": 892, "clitic": "", "form": "", "ending": "", "partofspeech": "Z", "root_tokens": ["."]}], [{"lemma": "kas", "start": 893, "root": "kas", "_index_": 165, "end": 896, "clitic": "", "form": "", "ending": "0", "partofspeech": "D", "root_tokens": ["kas"]}], [{"lemma": "olema", "start": 897, "root": "ole", "_index_": 166, "end": 899, "clitic": "", "form": "b", "ending": "0", "partofspeech": "V", "root_tokens": ["ole"]}, {"lemma": "olema", "start": 897, "root": "ole", "_index_": 166, "end": 899, "clitic": "", "form": "vad", "ending": "0", "partofspeech": "V", "root_tokens": ["ole"]}], [{"lemma": "välja", "start": 900, "root": "välja", "_index_": 167, "end": 905, "clitic": "", "form": "", "ending": "0", "partofspeech": "D", "root_tokens": ["välja"]}], [{"lemma": "surema", "start": 906, "root": "sure", "_index_": 168, "end": 912, "clitic": "", "form": "nud", "ending": "nud", "partofspeech": "V", "root_tokens": ["sure"]}, {"lemma": "surnud", "start": 906, "root": "surnud", "_index_": 168, "end": 912, "clitic": "", "form": "", "ending": "0", "partofspeech": "A", "root_tokens": ["surnud"]}, {"lemma": "surnud", "start": 906, "root": "surnud", "_index_": 168, "end": 912, "clitic": "", "form": "sg n", "ending": "0", "partofspeech": "A", "root_tokens": ["surnud"]}, {"lemma": "surnud", "start": 906, "root": "surnud", "_index_": 168, "end": 912, "clitic": "", "form": "pl n", "ending": "d", "partofspeech": "A", "root_tokens": ["surnud"]}], [{"lemma": "?", "start": 913, "root": "?", "_index_": 169, "end": 914, "clitic": "", "form": "", "ending": "", "partofspeech": "Z", "root_tokens": ["?"]}], [{"lemma": "imetaja", "start": 915, "root": "imetaja", "_index_": 170, "end": 922, "clitic": "", "form": "sg n", "ending": "0", "partofspeech": "S", "root_tokens": ["imetaja"]}], [{"lemma": "?", "start": 923, "root": "?", "_index_": 171, "end": 924, "clitic": "", "form": "", "ending": "", "partofspeech": "Z", "root_tokens": ["?"]}], [{"lemma": "välja", "start": 926, "root": "välja", "_index_": 172, "end": 931, "clitic": "", "form": "", "ending": "0", "partofspeech": "D", "root_tokens": ["välja"]}], [{"lemma": "surema", "start": 932, "root": "sure", "_index_": 173, "end": 938, "clitic": "", "form": "nud", "ending": "nud", "partofspeech": "V", "root_tokens": ["sure"]}, {"lemma": "surnud", "start": 932, "root": "surnud", "_index_": 173, "end": 938, "clitic": "", "form": "", "ending": "0", "partofspeech": "A", "root_tokens": ["surnud"]}, {"lemma": "surnud", "start": 932, "root": "surnud", "_index_": 173, "end": 938, "clitic": "", "form": "sg n", "ending": "0", "partofspeech": "A", "root_tokens": ["surnud"]}, {"lemma": "surnud", "start": 932, "root": "surnud", "_index_": 173, "end": 938, "clitic": "", "form": "pl n", "ending": "d", "partofspeech": "A", "root_tokens": ["surnud"]}], [{"lemma": "suht", "start": 940, "root": "suht", "_index_": 174, "end": 944, "clitic": "", "form": "sg n", "ending": "0", "partofspeech": "S", "root_tokens": ["suht"]}], [{"lemma": "suur", "start": 945, "root": "suur", "_index_": 175, "end": 949, "clitic": "", "form": "sg n", "ending": "0", "partofspeech": "A", "root_tokens": ["suur"]}], [{"lemma": "imetaja", "start": 950, "root": "imetaja", "_index_": 176, "end": 957, "clitic": "", "form": "sg n", "ending": "0", "partofspeech": "S", "root_tokens": ["imetaja"]}], [{"lemma": "kas", "start": 959, "root": "kas", "_index_": 177, "end": 962, "clitic": "", "form": "", "ending": "0", "partofspeech": "D", "root_tokens": ["kas"]}], [{"lemma": "olema", "start": 963, "root": "ole", "_index_": 178, "end": 965, "clitic": "", "form": "b", "ending": "0", "partofspeech": "V", "root_tokens": ["ole"]}, {"lemma": "olema", "start": 963, "root": "ole", "_index_": 178, "end": 965, "clitic": "", "form": "vad", "ending": "0", "partofspeech": "V", "root_tokens": ["ole"]}], [{"lemma": "teadma", "start": 966, "root": "tead", "_index_": 179, "end": 971, "clitic": "", "form": "da", "ending": "a", "partofspeech": "V", "root_tokens": ["tead"]}], [{"lemma": "aeg", "start": 972, "root": "aeg", "_index_": 180, "end": 975, "clitic": "", "form": "sg n", "ending": "0", "partofspeech": "S", "root_tokens": ["aeg"]}], [{"lemma": "millal", "start": 976, "root": "millal", "_index_": 181, "end": 982, "clitic": "", "form": "", "ending": "0", "partofspeech": "D", "root_tokens": ["millal"]}], [{"lemma": "välja", "start": 983, "root": "välja", "_index_": 182, "end": 988, "clitic": "", "form": "", "ending": "0", "partofspeech": "D", "root_tokens": ["välja"]}], [{"lemma": "surema", "start": 989, "root": "sure", "_index_": 183, "end": 993, "clitic": "", "form": "s", "ending": "i", "partofspeech": "V", "root_tokens": ["sure"]}], [{"lemma": "?", "start": 994, "root": "?", "_index_": 184, "end": 995, "clitic": "", "form": "", "ending": "", "partofspeech": "Z", "root_tokens": ["?"]}], [{"lemma": "mammut", "start": 997, "root": "mammut", "_index_": 185, "end": 1003, "clitic": "", "form": "sg n", "ending": "0", "partofspeech": "S", "root_tokens": ["mammut"]}], [{"lemma": "no", "start": 1005, "root": "no", "_index_": 186, "end": 1007, "clitic": "", "form": "", "ending": "0", "partofspeech": "I", "root_tokens": ["no"]}], [{"lemma": "liiga", "start": 1008, "root": "liiga", "_index_": 187, "end": 1013, "clitic": "", "form": "", "ending": "0", "partofspeech": "D", "root_tokens": ["liiga"]}], [{"lemma": "palju", "start": 1014, "root": "palju", "_index_": 188, "end": 1019, "clitic": "", "form": "", "ending": "0", "partofspeech": "D", "root_tokens": ["palju"]}], [{"lemma": "vihje", "start": 1020, "root": "vihje", "_index_": 189, "end": 1027, "clitic": "", "form": "pl p", "ending": "id", "partofspeech": "S", "root_tokens": ["vihje"]}], [{"lemma": "õige", "start": 1029, "root": "õige", "_index_": 190, "end": 1033, "clitic": "", "form": "sg n", "ending": "0", "partofspeech": "A", "root_tokens": ["õige"]}], [{"lemma": "tegelikult", "start": 1035, "root": "tegelikult", "_index_": 191, "end": 1045, "clitic": "", "form": "", "ending": "0", "partofspeech": "D", "root_tokens": ["tegelikult"]}], [{"lemma": "olema", "start": 1046, "root": "ole", "_index_": 192, "end": 1049, "clitic": "", "form": "s", "ending": "i", "partofspeech": "V", "root_tokens": ["ole"]}], [{"lemma": "juba", "start": 1050, "root": "juba", "_index_": 193, "end": 1054, "clitic": "", "form": "", "ending": "0", "partofspeech": "D", "root_tokens": ["juba"]}], [{"lemma": "algus", "start": 1055, "root": "algus", "_index_": 194, "end": 1062, "clitic": "", "form": "sg in", "ending": "s", "partofspeech": "S", "root_tokens": ["algus"]}], [{"lemma": "kahtlus", "start": 1063, "root": "kahtlus", "_index_": 195, "end": 1070, "clitic": "", "form": "sg n", "ending": "0", "partofspeech": "S", "root_tokens": ["kahtlus"]}], [{"lemma": "aga", "start": 1071, "root": "aga", "_index_": 196, "end": 1074, "clitic": "", "form": "", "ending": "0", "partofspeech": "J", "root_tokens": ["aga"]}], [{"lemma": "okei", "start": 1075, "root": "okei", "_index_": 197, "end": 1079, "clitic": "", "form": "", "ending": "0", "partofspeech": "I", "root_tokens": ["okei"]}], [{"lemma": ".", "start": 1080, "root": ".", "_index_": 198, "end": 1081, "clitic": "", "form": "", "ending": "", "partofspeech": "Z", "root_tokens": ["."]}], [{"lemma": "Dudubird", "start": 1083, "root": "Dudubird", "_index_": 199, "end": 1091, "clitic": "", "form": "sg n", "ending": "0", "partofspeech": "H", "root_tokens": ["Dudubird"]}], [{"lemma": "vms", "start": 1092, "root": "vms", "_index_": 200, "end": 1095, "clitic": "", "form": "?", "ending": "0", "partofspeech": "Y", "root_tokens": ["vms"]}], [{"lemma": "hmm", "start": 1097, "root": "hmm", "_index_": 201, "end": 1100, "clitic": "", "form": "", "ending": "0", "partofspeech": "I", "root_tokens": ["hmm"]}], [{"lemma": ",", "start": 1101, "root": ",", "_index_": 202, "end": 1102, "clitic": "", "form": "", "ending": "", "partofspeech": "Z", "root_tokens": [","]}], [{"lemma": "täpsemalt", "start": 1103, "root": "täpsemalt", "_index_": 203, "end": 1112, "clitic": "", "form": "", "ending": "0", "partofspeech": "D", "root_tokens": ["täpsemalt"]}], [{"lemma": ".", "start": 1113, "root": ".", "_index_": 204, "end": 1114, "clitic": "", "form": "", "ending": "", "partofspeech": "Z", "root_tokens": ["."]}]], "attributes": ["lemma", "root", "root_tokens", "ending", "clitic", "form", "partofspeech"]}, {"_base": "words", "parent": "morph_analysis", "ambiguous": true, "name": "gt_morph_analysis", "enveloping": null, "spans": [[{"lemma": "tiib", "start": 0, "root": "tiib", "_index_": 0, "end": 9, "clitic": "", "form": "Pl Com", "ending": "dega", "partofspeech": "S", "root_tokens": ["tiib"]}], [{"lemma": "koll", "start": 10, "root": "koll", "_index_": 1, "end": 14, "clitic": "", "form": "Sg Nom", "ending": "0", "partofspeech": "S", "root_tokens": ["koll"]}], [{"lemma": "?", "start": 15, "root": "?", "_index_": 2, "end": 16, "clitic": "", "form": "", "ending": "", "partofspeech": "Z", "root_tokens": ["?"]}], [{"lemma": "pff", "start": 18, "root": "pff", "_index_": 3, "end": 21, "clitic": "", "form": "?", "ending": "0", "partofspeech": "Y", "root_tokens": ["pff"]}], [{"lemma": ".", "start": 22, "root": ".", "_index_": 4, "end": 23, "clitic": "", "form": "", "ending": "", "partofspeech": "Z", "root_tokens": ["."]}], [{"lemma": "see", "start": 24, "root": "see", "_index_": 5, "end": 27, "clitic": "", "form": "Sg Nom", "ending": "0", "partofspeech": "P", "root_tokens": ["see"]}], [{"lemma": "olema", "start": 28, "root": "ole", "_index_": 6, "end": 30, "clitic": "", "form": "Pers Prs Ind Sg 3 Aff", "ending": "0", "partofspeech": "V", "root_tokens": ["ole"]}, {"lemma": "olema", "start": 28, "root": "ole", "_index_": 6, "end": 30, "clitic": "", "form": "Pers Prs Ind Pl 3 Aff", "ending": "0", "partofspeech": "V", "root_tokens": ["ole"]}], [{"lemma": "umbes", "start": 31, "root": "umbes", "_index_": 7, "end": 36, "clitic": "", "form": "", "ending": "0", "partofspeech": "D", "root_tokens": ["umbes"]}], [{"lemma": "sama", "start": 37, "root": "sama", "_index_": 8, "end": 41, "clitic": "", "form": "Sg Nom", "ending": "0", "partofspeech": "P", "root_tokens": ["sama"]}], [{"lemma": "täpne", "start": 42, "root": "täpne", "_index_": 9, "end": 47, "clitic": "", "form": "Sg Nom", "ending": "0", "partofspeech": "A", "root_tokens": ["täpne"]}], [{"lemma": "nagu", "start": 48, "root": "nagu", "_index_": 10, "end": 52, "clitic": "", "form": "", "ending": "0", "partofspeech": "D", "root_tokens": ["nagu"]}, {"lemma": "nagu", "start": 48, "root": "nagu", "_index_": 10, "end": 52, "clitic": "", "form": "", "ending": "0", "partofspeech": "J", "root_tokens": ["nagu"]}], [{"lemma": "ütlema", "start": 53, "root": "ütle", "_index_": 11, "end": 58, "clitic": "", "form": "Inf", "ending": "da", "partofspeech": "V", "root_tokens": ["ütle"]}], [{"lemma": "ilves", "start": 59, "root": "ilves", "_index_": 12, "end": 65, "clitic": "", "form": "Sg Gen", "ending": "0", "partofspeech": "S", "root_tokens": ["ilves"]}], [{"lemma": "kohta", "start": 66, "root": "kohta", "_index_": 13, "end": 71, "clitic": "", "form": "", "ending": "0", "partofspeech": "K", "root_tokens": ["kohta"]}], [{"lemma": "-", "start": 72, "root": "-", "_index_": 14, "end": 73, "clitic": "", "form": "", "ending": "", "partofspeech": "Z", "root_tokens": ["-"]}], [{"lemma": "karvane", "start": 74, "root": "karvane", "_index_": 15, "end": 81, "clitic": "", "form": "Sg Nom", "ending": "0", "partofspeech": "A", "root_tokens": ["karvane"]}], [{"lemma": "kaslane", "start": 82, "root": "kaslane", "_index_": 16, "end": 89, "clitic": "", "form": "Sg Nom", "ending": "0", "partofspeech": "S", "root_tokens": ["kaslane"]}], [{"lemma": "ja", "start": 90, "root": "ja", "_index_": 17, "end": 92, "clitic": "", "form": "", "ending": "0", "partofspeech": "J", "root_tokens": ["ja"]}], [{"lemma": "arvama", "start": 93, "root": "arva", "_index_": 18, "end": 99, "clitic": "", "form": "Inf", "ending": "ta", "partofspeech": "V", "root_tokens": ["arva"]}], [{"lemma": ",", "start": 100, "root": ",", "_index_": 19, "end": 101, "clitic": "", "form": "", "ending": "", "partofspeech": "Z", "root_tokens": [","]}], [{"lemma": "et", "start": 102, "root": "et", "_index_": 20, "end": 104, "clitic": "", "form": "", "ending": "0", "partofspeech": "J", "root_tokens": ["et"]}], [{"lemma": "võima", "start": 105, "root": "või", "_index_": 21, "end": 109, "clitic": "", "form": "Pers Prs Ind Sg 2 Aff", "ending": "d", "partofspeech": "V", "root_tokens": ["või"]}], [{"lemma": "uus", "start": 110, "root": "uus", "_index_": 22, "end": 113, "clitic": "", "form": "Sg Gen", "ending": "0", "partofspeech": "A", "root_tokens": ["uus"]}], [{"lemma": "pilt", "start": 114, "root": "pilt", "_index_": 23, "end": 119, "clitic": "", "form": "Sg Gen", "ending": "0", "partofspeech": "S", "root_tokens": ["pilt"]}], [{"lemma": "panema", "start": 120, "root": "pane", "_index_": 24, "end": 125, "clitic": "", "form": "Inf", "ending": "a", "partofspeech": "V", "root_tokens": ["pane"]}], [{"lemma": ".", "start": 126, "root": ".", "_index_": 25, "end": 127, "clitic": "", "form": "", "ending": "", "partofspeech": "Z", "root_tokens": ["."]}], [{"lemma": "nagu", "start": 129, "root": "nagu", "_index_": 26, "end": 133, "clitic": "", "form": "", "ending": "0", "partofspeech": "D", "root_tokens": ["nagu"]}, {"lemma": "nagu", "start": 129, "root": "nagu", "_index_": 26, "end": 133, "clitic": "", "form": "", "ending": "0", "partofspeech": "J", "root_tokens": ["nagu"]}], [{"lemma": "öeldud", "start": 134, "root": "öeldud", "_index_": 27, "end": 140, "clitic": "", "form": "", "ending": "0", "partofspeech": "A", "root_tokens": ["öeldud"]}, {"lemma": "öeldud", "start": 134, "root": "öeldud", "_index_": 27, "end": 140, "clitic": "", "form": "Sg Nom", "ending": "0", "partofspeech": "A", "root_tokens": ["öeldud"]}, {"lemma": "öeldud", "start": 134, "root": "öeldud", "_index_": 27, "end": 140, "clitic": "", "form": "Pl Nom", "ending": "d", "partofspeech": "A", "root_tokens": ["öeldud"]}, {"lemma": "ütlema", "start": 134, "root": "ütle", "_index_": 27, "end": 140, "clitic": "", "form": "Impers Prt Prc", "ending": "dud", "partofspeech": "V", "root_tokens": ["ütle"]}], [{"lemma": ",", "start": 141, "root": ",", "_index_": 28, "end": 142, "clitic": "", "form": "", "ending": "", "partofspeech": "Z", "root_tokens": [","]}], [{"lemma": "pff", "start": 143, "root": "pff", "_index_": 29, "end": 146, "clitic": "", "form": "?", "ending": "0", "partofspeech": "Y", "root_tokens": ["pff"]}], [{"lemma": ".", "start": 147, "root": ".", "_index_": 30, "end": 148, "clitic": "", "form": "", "ending": "", "partofspeech": "Z", "root_tokens": ["."]}], [{"lemma": "no", "start": 150, "root": "no", "_index_": 31, "end": 152, "clitic": "", "form": "", "ending": "0", "partofspeech": "I", "root_tokens": ["no"]}], [{"lemma": "offence", "start": 153, "root": "offence", "_index_": 32, "end": 160, "clitic": "", "form": "Sg Nom", "ending": "0", "partofspeech": "S", "root_tokens": ["offence"]}], [{"lemma": ".", "start": 161, "root": ".", "_index_": 33, "end": 162, "clitic": "", "form": "", "ending": "", "partofspeech": "Z", "root_tokens": ["."]}], [{"lemma": "mina", "start": 164, "root": "mina", "_index_": 34, "end": 166, "clitic": "", "form": "Sg Nom", "ending": "0", "partofspeech": "P", "root_tokens": ["mina"]}], [{"lemma": "lubama", "start": 167, "root": "luba", "_index_": 35, "end": 172, "clitic": "", "form": "Pers Prs Ind Sg 1 Aff", "ending": "n", "partofspeech": "V", "root_tokens": ["luba"]}], [{"lemma": "tegelikult", "start": 173, "root": "tegelikult", "_index_": 36, "end": 183, "clitic": "", "form": "", "ending": "0", "partofspeech": "D", "root_tokens": ["tegelikult"]}], [{"lemma": "keegi", "start": 184, "root": "keegi", "_index_": 37, "end": 192, "clitic": "", "form": "Sg Ade", "ending": "lgi", "partofspeech": "P", "root_tokens": ["keegi"]}], [{"lemma": "teine", "start": 193, "root": "teine", "_index_": 38, "end": 199, "clitic": "", "form": "Sg Ade", "ending": "l", "partofspeech": "O", "root_tokens": ["teine"]}, {"lemma": "teine", "start": 193, "root": "teine", "_index_": 38, "end": 199, "clitic": "", "form": "Sg Ade", "ending": "l", "partofspeech": "P", "root_tokens": ["teine"]}], [{"lemma": "uus", "start": 200, "root": "uus", "_index_": 39, "end": 203, "clitic": "", "form": "Sg Gen", "ending": "0", "partofspeech": "A", "root_tokens": ["uus"]}], [{"lemma": "pilt", "start": 204, "root": "pilt", "_index_": 40, "end": 209, "clitic": "", "form": "Sg Gen", "ending": "0", "partofspeech": "S", "root_tokens": ["pilt"]}], [{"lemma": "panema", "start": 210, "root": "pane", "_index_": 41, "end": 215, "clitic": "", "form": "Inf", "ending": "a", "partofspeech": "V", "root_tokens": ["pane"]}], [{"lemma": ".", "start": 216, "root": ".", "_index_": 42, "end": 217, "clitic": "", "form": "", "ending": "", "partofspeech": "Z", "root_tokens": ["."]}], [{"lemma": "mis", "start": 219, "root": "mis", "_index_": 43, "end": 222, "clitic": "", "form": "Pl Nom", "ending": "0", "partofspeech": "P", "root_tokens": ["mis"]}, {"lemma": "mis", "start": 219, "root": "mis", "_index_": 43, "end": 222, "clitic": "", "form": "Sg Nom", "ending": "0", "partofspeech": "P", "root_tokens": ["mis"]}], [{"lemma": "mõte", "start": 223, "root": "mõte", "_index_": 44, "end": 229, "clitic": "", "form": "Sg Ine", "ending": "s", "partofspeech": "S", "root_tokens": ["mõte"]}], [{"lemma": "sina", "start": 230, "root": "sina", "_index_": 45, "end": 234, "clitic": "", "form": "Sg Nom", "ending": "0", "partofspeech": "P", "root_tokens": ["sina"]}], [{"lemma": "lubama", "start": 235, "root": "luba", "_index_": 46, "end": 240, "clitic": "", "form": "Pers Prs Ind Sg 2 Aff", "ending": "d", "partofspeech": "V", "root_tokens": ["luba"]}], [{"lemma": "?", "start": 241, "root": "?", "_index_": 47, "end": 242, "clitic": "", "form": "", "ending": "", "partofspeech": "Z", "root_tokens": ["?"]}], [{"lemma": "kuulma", "start": 243, "root": "kuul", "_index_": 48, "end": 248, "clitic": "", "form": "Pers Prs Imprt Sg 2", "ending": "0", "partofspeech": "V", "root_tokens": ["kuul"]}], [{"lemma": ",", "start": 249, "root": ",", "_index_": 49, "end": 250, "clitic": "", "form": "", "ending": "", "partofspeech": "Z", "root_tokens": [","]}], [{"lemma": "sina", "start": 251, "root": "sina", "_index_": 50, "end": 253, "clitic": "", "form": "Sg Nom", "ending": "0", "partofspeech": "P", "root_tokens": ["sina"]}], [{"lemma": "häirima", "start": 254, "root": "häiri", "_index_": 51, "end": 260, "clitic": "", "form": "Pers Prs Ind Sg 2 Aff", "ending": "d", "partofspeech": "V", "root_tokens": ["häiri"]}], [{"lemma": "mina", "start": 261, "root": "mina", "_index_": 52, "end": 265, "clitic": "", "form": "Sg Par", "ending": "d", "partofspeech": "P", "root_tokens": ["mina"]}], [{"lemma": ".", "start": 266, "root": ".", "_index_": 53, "end": 267, "clitic": "", "form": "", "ending": "", "partofspeech": "Z", "root_tokens": ["."]}], [{"lemma": "arvama", "start": 269, "root": "arva", "_index_": 54, "end": 275, "clitic": "", "form": "Pers Prs Imprt Pl 2", "ending": "ke", "partofspeech": "V", "root_tokens": ["arva"]}], [{"lemma": "mina", "start": 276, "root": "mina", "_index_": 55, "end": 278, "clitic": "", "form": "Sg Gen", "ending": "0", "partofspeech": "P", "root_tokens": ["mina"]}], [{"lemma": "elukas", "start": 279, "root": "elukas", "_index_": 56, "end": 285, "clitic": "", "form": "Sg Ine", "ending": "s", "partofspeech": "S", "root_tokens": ["elukas"]}], [{"lemma": "ära", "start": 286, "root": "ära", "_index_": 57, "end": 289, "clitic": "", "form": "", "ending": "0", "partofspeech": "D", "root_tokens": ["ära"]}], [{"lemma": "ja", "start": 290, "root": "ja", "_index_": 58, "end": 292, "clitic": "", "form": "", "ending": "0", "partofspeech": "J", "root_tokens": ["ja"]}], [{"lemma": "siis", "start": 293, "root": "siis", "_index_": 59, "end": 297, "clitic": "", "form": "", "ending": "0", "partofspeech": "D", "root_tokens": ["siis"]}], [{"lemma": "panema", "start": 298, "root": "pane", "_index_": 60, "end": 304, "clitic": "", "form": "Pers Prs Ind Pl 2 Aff", "ending": "te", "partofspeech": "V", "root_tokens": ["pane"]}], [{"lemma": "uus", "start": 305, "root": "uus", "_index_": 61, "end": 308, "clitic": "", "form": "Sg Gen", "ending": "0", "partofspeech": "A", "root_tokens": ["uus"]}], [{"lemma": "pilt", "start": 309, "root": "pilt", "_index_": 62, "end": 314, "clitic": "", "form": "Sg Gen", "ending": "0", "partofspeech": "S", "root_tokens": ["pilt"]}], [{"lemma": ".", "start": 315, "root": ".", "_index_": 63, "end": 316, "clitic": "", "form": "", "ending": "", "partofspeech": "Z", "root_tokens": ["."]}], [{"lemma": "tuvi", "start": 318, "root": "tuvi", "_index_": 64, "end": 322, "clitic": "", "form": "Sg Gen", "ending": "0", "partofspeech": "S", "root_tokens": ["tuvi"]}], [{"lemma": "?", "start": 323, "root": "?", "_index_": 65, "end": 324, "clitic": "", "form": "", "ending": "", "partofspeech": "Z", "root_tokens": ["?"]}], [{"lemma": "ei", "start": 326, "root": "ei", "_index_": 66, "end": 328, "clitic": "", "form": "Neg", "ending": "0", "partofspeech": "V", "root_tokens": ["ei"]}], [{"lemma": ".", "start": 329, "root": ".", "_index_": 67, "end": 330, "clitic": "", "form": "", "ending": "", "partofspeech": "Z", "root_tokens": ["."]}], [{"lemma": "elukas", "start": 331, "root": "elukas", "_index_": 68, "end": 337, "clitic": "", "form": "Sg Nom", "ending": "0", "partofspeech": "S", "root_tokens": ["elukas"]}], [{"lemma": "olema", "start": 338, "root": "ole", "_index_": 69, "end": 340, "clitic": "", "form": "Pers Prs Ind Sg 3 Aff", "ending": "0", "partofspeech": "V", "root_tokens": ["ole"]}, {"lemma": "olema", "start": 338, "root": "ole", "_index_": 69, "end": 340, "clitic": "", "form": "Pers Prs Ind Pl 3 Aff", "ending": "0", "partofspeech": "V", "root_tokens": ["ole"]}], [{"lemma": "välja", "start": 341, "root": "välja", "_index_": 70, "end": 346, "clitic": "", "form": "", "ending": "0", "partofspeech": "D", "root_tokens": ["välja"]}], [{"lemma": "surnd", "start": 347, "root": "surnd", "_index_": 71, "end": 352, "clitic": "", "form": "Sg Nom", "ending": "0", "partofspeech": "S", "root_tokens": ["surnd"]}], [{"lemma": ",", "start": 353, "root": ",", "_index_": 72, "end": 354, "clitic": "", "form": "", "ending": "", "partofspeech": "Z", "root_tokens": [","]}], [{"lemma": "mina", "start": 355, "root": "mina", "_index_": 73, "end": 359, "clitic": "", "form": "Sg Gen", "ending": "0", "partofspeech": "P", "root_tokens": ["mina"]}], [{"lemma": "teadma", "start": 360, "root": "tead", "_index_": 74, "end": 365, "clitic": "", "form": "Inf", "ending": "a", "partofspeech": "V", "root_tokens": ["tead"]}], [{"lemma": ".", "start": 366, "root": ".", "_index_": 75, "end": 367, "clitic": "", "form": "", "ending": "", "partofspeech": "Z", "root_tokens": ["."]}], [{"lemma": "Pteranodon", "start": 369, "root": "Pteranodon", "_index_": 76, "end": 379, "clitic": "", "form": "Sg Nom", "ending": "0", "partofspeech": "H", "root_tokens": ["Pteranodon"]}], [{"lemma": "?", "start": 380, "root": "?", "_index_": 77, "end": 381, "clitic": "", "form": "", "ending": "", "partofspeech": "Z", "root_tokens": ["?"]}], [{"lemma": "ei", "start": 383, "root": "ei", "_index_": 78, "end": 385, "clitic": "", "form": "Neg", "ending": "0", "partofspeech": "V", "root_tokens": ["ei"]}], [{"lemma": ".", "start": 386, "root": ".", "_index_": 79, "end": 387, "clitic": "", "form": "", "ending": "", "partofspeech": "Z", "root_tokens": ["."]}], [{"lemma": "vaatama", "start": 389, "root": "vaata", "_index_": 80, "end": 396, "clitic": "", "form": "Pers Prs Imprt Pl 2", "ending": "ke", "partofspeech": "V", "root_tokens": ["vaata"]}], [{"lemma": "hool", "start": 397, "root": "hool", "_index_": 81, "end": 404, "clitic": "", "form": "Sg Com", "ending": "ga", "partofspeech": "S", "root_tokens": ["hool"]}], [{"lemma": "see", "start": 405, "root": "see", "_index_": 82, "end": 409, "clitic": "", "form": "Sg Par", "ending": "da", "partofspeech": "P", "root_tokens": ["see"]}], [{"lemma": "pilt", "start": 410, "root": "pilt", "_index_": 83, "end": 415, "clitic": "", "form": "Sg Par", "ending": "0", "partofspeech": "S", "root_tokens": ["pilt"]}], [{"lemma": "ja", "start": 416, "root": "ja", "_index_": 84, "end": 418, "clitic": "", "form": "", "ending": "0", "partofspeech": "J", "root_tokens": ["ja"]}], [{"lemma": "mõtlema", "start": 419, "root": "mõtle", "_index_": 85, "end": 425, "clitic": "", "form": "Pers Prs Imprt Pl 2", "ending": "ge", "partofspeech": "V", "root_tokens": ["mõtle"]}], [{"lemma": "mis", "start": 426, "root": "mis", "_index_": 86, "end": 429, "clitic": "", "form": "Pl Nom", "ending": "0", "partofspeech": "P", "root_tokens": ["mis"]}, {"lemma": "mis", "start": 426, "root": "mis", "_index_": 86, "end": 429, "clitic": "", "form": "Sg Nom", "ending": "0", "partofspeech": "P", "root_tokens": ["mis"]}], [{"lemma": "olema", "start": 430, "root": "ole", "_index_": 87, "end": 432, "clitic": "", "form": "Pers Prs Ind Sg 3 Aff", "ending": "0", "partofspeech": "V", "root_tokens": ["ole"]}, {"lemma": "olema", "start": 430, "root": "ole", "_index_": 87, "end": 432, "clitic": "", "form": "Pers Prs Ind Pl 3 Aff", "ending": "0", "partofspeech": "V", "root_tokens": ["ole"]}], [{"lemma": "vihjav", "start": 433, "root": "vihjav", "_index_": 88, "end": 439, "clitic": "", "form": "Sg Nom", "ending": "0", "partofspeech": "A", "root_tokens": ["vihjav"]}], [{"lemma": ".", "start": 440, "root": ".", "_index_": 89, "end": 441, "clitic": "", "form": "", "ending": "", "partofspeech": "Z", "root_tokens": ["."]}], [{"lemma": "see", "start": 443, "root": "see", "_index_": 90, "end": 446, "clitic": "", "form": "Sg Nom", "ending": "0", "partofspeech": "P", "root_tokens": ["see"]}], [{"lemma": "ingel", "start": 447, "root": "ingel", "_index_": 91, "end": 452, "clitic": "", "form": "Sg Gen", "ending": "0", "partofspeech": "S", "root_tokens": ["ingel"]}], [{"lemma": "skelett", "start": 453, "root": "skelett", "_index_": 92, "end": 460, "clitic": "", "form": "Sg Nom", "ending": "0", "partofspeech": "S", "root_tokens": ["skelett"]}], [{"lemma": "2kki", "start": 461, "root": "2kki", "_index_": 93, "end": 465, "clitic": "", "form": "?", "ending": "0", "partofspeech": "Y", "root_tokens": ["2kki"]}], [{"lemma": "simpsonite", "start": 466, "root": "simpsonite", "_index_": 94, "end": 478, "clitic": "", "form": "Sg Ela", "ending": "st", "partofspeech": "S", "root_tokens": ["simpsonite"]}, {"lemma": "simpson", "start": 466, "root": "simpson", "_index_": 94, "end": 478, "clitic": "", "form": "Pl Ela", "ending": "test", "partofspeech": "S", "root_tokens": ["simpson"]}], [{"lemma": "?", "start": 479, "root": "?", "_index_": 95, "end": 480, "clitic": "", "form": "", "ending": "", "partofspeech": "Z", "root_tokens": ["?"]}], [{"lemma": "see", "start": 482, "root": "see", "_index_": 96, "end": 485, "clitic": "", "form": "Sg Nom", "ending": "0", "partofspeech": "P", "root_tokens": ["see"]}], [{"lemma": "kus", "start": 486, "root": "kus", "_index_": 97, "end": 489, "clitic": "", "form": "", "ending": "0", "partofspeech": "D", "root_tokens": ["kus"]}], [{"lemma": "lisa", "start": 490, "root": "lisa", "_index_": 98, "end": 494, "clitic": "", "form": "Sg Nom", "ending": "0", "partofspeech": "S", "root_tokens": ["lisa"]}], [{"lemma": "leidma", "start": 495, "root": "leid", "_index_": 99, "end": 500, "clitic": "", "form": "Pers Prs Ind Sg 3 Aff", "ending": "b", "partofspeech": "V", "root_tokens": ["leid"]}], [{"lemma": "see", "start": 501, "root": "see", "_index_": 100, "end": 506, "clitic": "", "form": "Sg Gen", "ending": "0", "partofspeech": "P", "root_tokens": ["see"]}], [{"lemma": "skelett", "start": 507, "root": "skelett", "_index_": 101, "end": 514, "clitic": "", "form": "Sg Gen", "ending": "0", "partofspeech": "S", "root_tokens": ["skelett"]}], [{"lemma": "ja", "start": 515, "root": "ja", "_index_": 102, "end": 517, "clitic": "", "form": "", "ending": "0", "partofspeech": "J", "root_tokens": ["ja"]}], [{"lemma": "siis", "start": 518, "root": "siis", "_index_": 103, "end": 522, "clitic": "", "form": "", "ending": "0", "partofspeech": "D", "root_tokens": ["siis"]}], [{"lemma": "tegelt", "start": 523, "root": "tegelt", "_index_": 104, "end": 529, "clitic": "", "form": "Sg Nom", "ending": "0", "partofspeech": "S", "root_tokens": ["tegelt"]}], [{"lemma": "see", "start": 530, "root": "see", "_index_": 105, "end": 533, "clitic": "", "form": "Sg Nom", "ending": "0", "partofspeech": "P", "root_tokens": ["see"]}], [{"lemma": "olema", "start": 534, "root": "ole", "_index_": 106, "end": 537, "clitic": "", "form": "Pers Prt Ind Sg 3 Aff", "ending": "i", "partofspeech": "V", "root_tokens": ["ole"]}], [{"lemma": "kaubanduskeskus", "start": 538, "root": "kaubandus_keskus", "_index_": 107, "end": 554, "clitic": "", "form": "Sg Gen", "ending": "0", "partofspeech": "S", "root_tokens": ["kaubandus", "keskus"]}], [{"lemma": "reklaamitrikk", "start": 555, "root": "reklaami_trikk", "_index_": 108, "end": 568, "clitic": "", "form": "Sg Nom", "ending": "0", "partofspeech": "S", "root_tokens": ["reklaami", "trikk"]}], [{"lemma": ".", "start": 569, "root": ".", "_index_": 109, "end": 570, "clitic": "", "form": "", "ending": "", "partofspeech": "Z", "root_tokens": ["."]}], [{"lemma": "ei", "start": 572, "root": "ei", "_index_": 110, "end": 574, "clitic": "", "form": "Neg", "ending": "0", "partofspeech": "V", "root_tokens": ["ei"]}], [{"lemma": ".", "start": 575, "root": ".", "_index_": 111, "end": 576, "clitic": "", "form": "", "ending": "", "partofspeech": "Z", "root_tokens": ["."]}], [{"lemma": "teadlane", "start": 577, "root": "teadlane", "_index_": 112, "end": 586, "clitic": "", "form": "Pl Nom", "ending": "d", "partofspeech": "S", "root_tokens": ["teadlane"]}], [{"lemma": "arvama", "start": 587, "root": "arva", "_index_": 113, "end": 594, "clitic": "", "form": "Pers Prs Ind Pl 3 Aff", "ending": "vad", "partofspeech": "V", "root_tokens": ["arva"]}], [{"lemma": ",", "start": 595, "root": ",", "_index_": 114, "end": 596, "clitic": "", "form": "", "ending": "", "partofspeech": "Z", "root_tokens": [","]}], [{"lemma": "et", "start": 597, "root": "et", "_index_": 115, "end": 599, "clitic": "", "form": "", "ending": "0", "partofspeech": "J", "root_tokens": ["et"]}], [{"lemma": "see", "start": 600, "root": "see", "_index_": 116, "end": 603, "clitic": "", "form": "Sg Nom", "ending": "0", "partofspeech": "P", "root_tokens": ["see"]}], [{"lemma": "olema", "start": 604, "root": "ole", "_index_": 117, "end": 607, "clitic": "", "form": "Pers Prt Ind Sg 3 Aff", "ending": "i", "partofspeech": "V", "root_tokens": ["ole"]}], [{"lemma": "olema", "start": 608, "root": "ole", "_index_": 118, "end": 614, "clitic": "", "form": "Pers Sup Ine", "ending": "mas", "partofspeech": "V", "root_tokens": ["ole"]}], [{"lemma": ".", "start": 615, "root": ".", "_index_": 119, "end": 616, "clitic": "", "form": "", "ending": "", "partofspeech": "Z", "root_tokens": ["."]}], [{"lemma": "vihje", "start": 618, "root": "vihje", "_index_": 120, "end": 625, "clitic": "", "form": "Pl Par", "ending": "id", "partofspeech": "S", "root_tokens": ["vihje"]}], [{"lemma": "tahtma", "start": 626, "root": "taht", "_index_": 121, "end": 632, "clitic": "", "form": "Pers Prs Ind Pl 2 Aff", "ending": "te", "partofspeech": "V", "root_tokens": ["taht"]}], [{"lemma": "?", "start": 633, "root": "?", "_index_": 122, "end": 634, "clitic": "", "form": "", "ending": "", "partofspeech": "Z", "root_tokens": ["?"]}], [{"lemma": "teadlane", "start": 636, "root": "teadlane", "_index_": 123, "end": 645, "clitic": "", "form": "Pl Nom", "ending": "d", "partofspeech": "S", "root_tokens": ["teadlane"]}], [{"lemma": "käima", "start": 646, "root": "käi", "_index_": 124, "end": 651, "clitic": "", "form": "Pers Prs Imprt", "ending": "gu", "partofspeech": "V", "root_tokens": ["käi"]}], [{"lemma": "kuu", "start": 652, "root": "kuu", "_index_": 125, "end": 657, "clitic": "", "form": "Sg All", "ending": "le", "partofspeech": "S", "root_tokens": ["kuu"]}], [{"lemma": "Archaeopteryx", "start": 659, "root": "Archaeopteryx", "_index_": 126, "end": 672, "clitic": "", "form": "Sg Nom", "ending": "0", "partofspeech": "H", "root_tokens": ["Archaeopteryx"]}], [{"lemma": "lithographica", "start": 673, "root": "lithographica", "_index_": 127, "end": 686, "clitic": "", "form": "Sg Nom", "ending": "0", "partofspeech": "S", "root_tokens": ["lithographica"]}], [{"lemma": "vastus", "start": 688, "root": "vastus", "_index_": 128, "end": 694, "clitic": "", "form": "Sg Nom", "ending": "0", "partofspeech": "S", "root_tokens": ["vastus"]}], [{"lemma": "olema", "start": 695, "root": "ole", "_index_": 129, "end": 697, "clitic": "", "form": "Pers Prs Ind Sg 3 Aff", "ending": "0", "partofspeech": "V", "root_tokens": ["ole"]}, {"lemma": "olema", "start": 695, "root": "ole", "_index_": 129, "end": 697, "clitic": "", "form": "Pers Prs Ind Pl 3 Aff", "ending": "0", "partofspeech": "V", "root_tokens": ["ole"]}], [{"lemma": "õige", "start": 698, "root": "õige", "_index_": 130, "end": 702, "clitic": "", "form": "Sg Nom", "ending": "0", "partofspeech": "A", "root_tokens": ["õige"]}], [{"lemma": ",", "start": 703, "root": ",", "_index_": 131, "end": 704, "clitic": "", "form": "", "ending": "", "partofspeech": "Z", "root_tokens": [","]}], [{"lemma": "tubli", "start": 705, "root": "tubli", "_index_": 132, "end": 710, "clitic": "", "form": "Sg Nom", "ending": "0", "partofspeech": "A", "root_tokens": ["tubli"]}], [{"lemma": ".", "start": 711, "root": ".", "_index_": 133, "end": 712, "clitic": "", "form": "", "ending": "", "partofspeech": "Z", "root_tokens": ["."]}], [{"lemma": "panema", "start": 713, "root": "pane", "_index_": 134, "end": 717, "clitic": "", "form": "Pers Prs Imprt Sg 2", "ending": "0", "partofspeech": "V", "root_tokens": ["pane"]}], [{"lemma": "uus", "start": 718, "root": "uus", "_index_": 135, "end": 721, "clitic": "", "form": "Sg Nom", "ending": "0", "partofspeech": "A", "root_tokens": ["uus"]}], [{"lemma": "pilt", "start": 722, "root": "pilt", "_index_": 136, "end": 726, "clitic": "", "form": "Sg Nom", "ending": "0", "partofspeech": "S", "root_tokens": ["pilt"]}], [{"lemma": ".", "start": 727, "root": ".", "_index_": 137, "end": 728, "clitic": "", "form": "", "ending": "", "partofspeech": "Z", "root_tokens": ["."]}], [{"lemma": "sulg", "start": 730, "root": "sulg", "_index_": 138, "end": 735, "clitic": "", "form": "Pl Par", "ending": "i", "partofspeech": "S", "root_tokens": ["sulg"]}], [{"lemma": "nägema", "start": 736, "root": "näge", "_index_": 139, "end": 742, "clitic": "", "form": "Pers Prt Ind Pl 2 Aff", "ending": "ite", "partofspeech": "V", "root_tokens": ["näge"]}], [{"lemma": "kivistis", "start": 743, "root": "kivistis", "_index_": 140, "end": 753, "clitic": "", "form": "Sg Ade", "ending": "l", "partofspeech": "S", "root_tokens": ["kivistis"]}], [{"lemma": "ju", "start": 754, "root": "ju", "_index_": 141, "end": 756, "clitic": "", "form": "", "ending": "0", "partofspeech": "D", "root_tokens": ["ju"]}], [{"lemma": "?", "start": 757, "root": "?", "_index_": 142, "end": 758, "clitic": "", "form": "", "ending": "", "partofspeech": "Z", "root_tokens": ["?"]}], [{"lemma": "dammit", "start": 759, "root": "dammit", "_index_": 143, "end": 765, "clitic": "", "form": "Sg Nom", "ending": "0", "partofspeech": "S", "root_tokens": ["dammit"]}], [{"lemma": ".", "start": 766, "root": ".", "_index_": 144, "end": 767, "clitic": "", "form": "", "ending": "", "partofspeech": "Z", "root_tokens": ["."]}], [{"lemma": "siin", "start": 769, "root": "siin", "_index_": 145, "end": 773, "clitic": "", "form": "", "ending": "0", "partofspeech": "D", "root_tokens": ["siin"]}], [{"lemma": "olema", "start": 774, "root": "ole", "_index_": 146, "end": 776, "clitic": "", "form": "Pers Prs Ind Sg 3 Aff", "ending": "0", "partofspeech": "V", "root_tokens": ["ole"]}, {"lemma": "olema", "start": 774, "root": "ole", "_index_": 146, "end": 776, "clitic": "", "form": "Pers Prs Ind Pl 3 Aff", "ending": "0", "partofspeech": "V", "root_tokens": ["ole"]}], [{"lemma": "järgmine", "start": 777, "root": "järgmine", "_index_": 147, "end": 785, "clitic": "", "form": "Sg Nom", "ending": "0", "partofspeech": "A", "root_tokens": ["järgmine"]}], [{"lemma": "elukas", "start": 786, "root": "elukas", "_index_": 148, "end": 792, "clitic": "", "form": "Sg Nom", "ending": "0", "partofspeech": "S", "root_tokens": ["elukas"]}], [{"lemma": "siis", "start": 793, "root": "siis", "_index_": 149, "end": 797, "clitic": "", "form": "", "ending": "0", "partofspeech": "D", "root_tokens": ["siis"]}], [{"lemma": "chupacabra", "start": 799, "root": "chupacabra", "_index_": 150, "end": 809, "clitic": "", "form": "Sg Nom", "ending": "0", "partofspeech": "S", "root_tokens": ["chupacabra"]}], [{"lemma": "?", "start": 810, "root": "?", "_index_": 151, "end": 811, "clitic": "", "form": "", "ending": "", "partofspeech": "Z", "root_tokens": ["?"]}], [{"lemma": "TKV", "start": 813, "root": "TKV", "_index_": 152, "end": 816, "clitic": "", "form": "?", "ending": "0", "partofspeech": "Y", "root_tokens": ["TKV"]}], [{"lemma": "e", "start": 817, "root": "e", "_index_": 153, "end": 818, "clitic": "", "form": "?", "ending": "0", "partofspeech": "Y", "root_tokens": ["e"]}], [{"lemma": "täiesti", "start": 819, "root": "täiesti", "_index_": 154, "end": 826, "clitic": "", "form": "", "ending": "0", "partofspeech": "D", "root_tokens": ["täiesti"]}], [{"lemma": "korrektne", "start": 827, "root": "korrektne", "_index_": 155, "end": 836, "clitic": "", "form": "Sg Nom", "ending": "0", "partofspeech": "A", "root_tokens": ["korrektne"]}], [{"lemma": "vastus", "start": 837, "root": "vastus", "_index_": 156, "end": 843, "clitic": "", "form": "Sg Nom", "ending": "0", "partofspeech": "S", "root_tokens": ["vastus"]}], [{"lemma": "väike", "start": 845, "root": "väike", "_index_": 157, "end": 850, "clitic": "", "form": "Sg Nom", "ending": "0", "partofspeech": "A", "root_tokens": ["väike"]}], [{"lemma": "jupp", "start": 851, "root": "jupp", "_index_": 158, "end": 855, "clitic": "", "form": "Sg Nom", "ending": "0", "partofspeech": "S", "root_tokens": ["jupp"]}], [{"lemma": "siis", "start": 856, "root": "siis", "_index_": 159, "end": 860, "clitic": "", "form": "", "ending": "0", "partofspeech": "D", "root_tokens": ["siis"]}], [{"lemma": "see", "start": 861, "root": "see", "_index_": 160, "end": 868, "clitic": "", "form": "Sg Ela", "ending": "st", "partofspeech": "P", "root_tokens": ["see"]}], [{"lemma": "looma", "start": 869, "root": "loo", "_index_": 161, "end": 876, "clitic": "", "form": "Pers Sup Ela", "ending": "mast", "partofspeech": "V", "root_tokens": ["loo"]}], [{"lemma": "vihje", "start": 878, "root": "vihje", "_index_": 162, "end": 885, "clitic": "", "form": "Pl Par", "ending": "id", "partofspeech": "S", "root_tokens": ["vihje"]}], [{"lemma": "andma", "start": 886, "root": "and", "_index_": 163, "end": 890, "clitic": "", "form": "Pers Prs Imprt Sg 2", "ending": "0", "partofspeech": "V", "root_tokens": ["and"]}], [{"lemma": ".", "start": 891, "root": ".", "_index_": 164, "end": 892, "clitic": "", "form": "", "ending": "", "partofspeech": "Z", "root_tokens": ["."]}], [{"lemma": "kas", "start": 893, "root": "kas", "_index_": 165, "end": 896, "clitic": "", "form": "", "ending": "0", "partofspeech": "D", "root_tokens": ["kas"]}], [{"lemma": "olema", "start": 897, "root": "ole", "_index_": 166, "end": 899, "clitic": "", "form": "Pers Prs Ind Sg 3 Aff", "ending": "0", "partofspeech": "V", "root_tokens": ["ole"]}, {"lemma": "olema", "start": 897, "root": "ole", "_index_": 166, "end": 899, "clitic": "", "form": "Pers Prs Ind Pl 3 Aff", "ending": "0", "partofspeech": "V", "root_tokens": ["ole"]}], [{"lemma": "välja", "start": 900, "root": "välja", "_index_": 167, "end": 905, "clitic": "", "form": "", "ending": "0", "partofspeech": "D", "root_tokens": ["välja"]}], [{"lemma": "surema", "start": 906, "root": "sure", "_index_": 168, "end": 912, "clitic": "", "form": "Pers Prt Prc", "ending": "nud", "partofspeech": "V", "root_tokens": ["sure"]}, {"lemma": "surnud", "start": 906, "root": "surnud", "_index_": 168, "end": 912, "clitic": "", "form": "", "ending": "0", "partofspeech": "A", "root_tokens": ["surnud"]}, {"lemma": "surnud", "start": 906, "root": "surnud", "_index_": 168, "end": 912, "clitic": "", "form": "Sg Nom", "ending": "0", "partofspeech": "A", "root_tokens": ["surnud"]}, {"lemma": "surnud", "start": 906, "root": "surnud", "_index_": 168, "end": 912, "clitic": "", "form": "Pl Nom", "ending": "d", "partofspeech": "A", "root_tokens": ["surnud"]}], [{"lemma": "?", "start": 913, "root": "?", "_index_": 169, "end": 914, "clitic": "", "form": "", "ending": "", "partofspeech": "Z", "root_tokens": ["?"]}], [{"lemma": "imetaja", "start": 915, "root": "imetaja", "_index_": 170, "end": 922, "clitic": "", "form": "Sg Nom", "ending": "0", "partofspeech": "S", "root_tokens": ["imetaja"]}], [{"lemma": "?", "start": 923, "root": "?", "_index_": 171, "end": 924, "clitic": "", "form": "", "ending": "", "partofspeech": "Z", "root_tokens": ["?"]}], [{"lemma": "välja", "start": 926, "root": "välja", "_index_": 172, "end": 931, "clitic": "", "form": "", "ending": "0", "partofspeech": "D", "root_tokens": ["välja"]}], [{"lemma": "surema", "start": 932, "root": "sure", "_index_": 173, "end": 938, "clitic": "", "form": "Pers Prt Prc", "ending": "nud", "partofspeech": "V", "root_tokens": ["sure"]}, {"lemma": "surnud", "start": 932, "root": "surnud", "_index_": 173, "end": 938, "clitic": "", "form": "", "ending": "0", "partofspeech": "A", "root_tokens": ["surnud"]}, {"lemma": "surnud", "start": 932, "root": "surnud", "_index_": 173, "end": 938, "clitic": "", "form": "Sg Nom", "ending": "0", "partofspeech": "A", "root_tokens": ["surnud"]}, {"lemma": "surnud", "start": 932, "root": "surnud", "_index_": 173, "end": 938, "clitic": "", "form": "Pl Nom", "ending": "d", "partofspeech": "A", "root_tokens": ["surnud"]}], [{"lemma": "suht", "start": 940, "root": "suht", "_index_": 174, "end": 944, "clitic": "", "form": "Sg Nom", "ending": "0", "partofspeech": "S", "root_tokens": ["suht"]}], [{"lemma": "suur", "start": 945, "root": "suur", "_index_": 175, "end": 949, "clitic": "", "form": "Sg Nom", "ending": "0", "partofspeech": "A", "root_tokens": ["suur"]}], [{"lemma": "imetaja", "start": 950, "root": "imetaja", "_index_": 176, "end": 957, "clitic": "", "form": "Sg Nom", "ending": "0", "partofspeech": "S", "root_tokens": ["imetaja"]}], [{"lemma": "kas", "start": 959, "root": "kas", "_index_": 177, "end": 962, "clitic": "", "form": "", "ending": "0", "partofspeech": "D", "root_tokens": ["kas"]}], [{"lemma": "olema", "start": 963, "root": "ole", "_index_": 178, "end": 965, "clitic": "", "form": "Pers Prs Ind Sg 3 Aff", "ending": "0", "partofspeech": "V", "root_tokens": ["ole"]}, {"lemma": "olema", "start": 963, "root": "ole", "_index_": 178, "end": 965, "clitic": "", "form": "Pers Prs Ind Pl 3 Aff", "ending": "0", "partofspeech": "V", "root_tokens": ["ole"]}], [{"lemma": "teadma", "start": 966, "root": "tead", "_index_": 179, "end": 971, "clitic": "", "form": "Inf", "ending": "a", "partofspeech": "V", "root_tokens": ["tead"]}], [{"lemma": "aeg", "start": 972, "root": "aeg", "_index_": 180, "end": 975, "clitic": "", "form": "Sg Nom", "ending": "0", "partofspeech": "S", "root_tokens": ["aeg"]}], [{"lemma": "millal", "start": 976, "root": "millal", "_index_": 181, "end": 982, "clitic": "", "form": "", "ending": "0", "partofspeech": "D", "root_tokens": ["millal"]}], [{"lemma": "välja", "start": 983, "root": "välja", "_index_": 182, "end": 988, "clitic": "", "form": "", "ending": "0", "partofspeech": "D", "root_tokens": ["välja"]}], [{"lemma": "surema", "start": 989, "root": "sure", "_index_": 183, "end": 993, "clitic": "", "form": "Pers Prt Ind Sg 3 Aff", "ending": "i", "partofspeech": "V", "root_tokens": ["sure"]}], [{"lemma": "?", "start": 994, "root": "?", "_index_": 184, "end": 995, "clitic": "", "form": "", "ending": "", "partofspeech": "Z", "root_tokens": ["?"]}], [{"lemma": "mammut", "start": 997, "root": "mammut", "_index_": 185, "end": 1003, "clitic": "", "form": "Sg Nom", "ending": "0", "partofspeech": "S", "root_tokens": ["mammut"]}], [{"lemma": "no", "start": 1005, "root": "no", "_index_": 186, "end": 1007, "clitic": "", "form": "", "ending": "0", "partofspeech": "I", "root_tokens": ["no"]}], [{"lemma": "liiga", "start": 1008, "root": "liiga", "_index_": 187, "end": 1013, "clitic": "", "form": "", "ending": "0", "partofspeech": "D", "root_tokens": ["liiga"]}], [{"lemma": "palju", "start": 1014, "root": "palju", "_index_": 188, "end": 1019, "clitic": "", "form": "", "ending": "0", "partofspeech": "D", "root_tokens": ["palju"]}], [{"lemma": "vihje", "start": 1020, "root": "vihje", "_index_": 189, "end": 1027, "clitic": "", "form": "Pl Par", "ending": "id", "partofspeech": "S", "root_tokens": ["vihje"]}], [{"lemma": "õige", "start": 1029, "root": "õige", "_index_": 190, "end": 1033, "clitic": "", "form": "Sg Nom", "ending": "0", "partofspeech": "A", "root_tokens": ["õige"]}], [{"lemma": "tegelikult", "start": 1035, "root": "tegelikult", "_index_": 191, "end": 1045, "clitic": "", "form": "", "ending": "0", "partofspeech": "D", "root_tokens": ["tegelikult"]}], [{"lemma": "olema", "start": 1046, "root": "ole", "_index_": 192, "end": 1049, "clitic": "", "form": "Pers Prt Ind Sg 3 Aff", "ending": "i", "partofspeech": "V", "root_tokens": ["ole"]}], [{"lemma": "juba", "start": 1050, "root": "juba", "_index_": 193, "end": 1054, "clitic": "", "form": "", "ending": "0", "partofspeech": "D", "root_tokens": ["juba"]}], [{"lemma": "algus", "start": 1055, "root": "algus", "_index_": 194, "end": 1062, "clitic": "", "form": "Sg Ine", "ending": "s", "partofspeech": "S", "root_tokens": ["algus"]}], [{"lemma": "kahtlus", "start": 1063, "root": "kahtlus", "_index_": 195, "end": 1070, "clitic": "", "form": "Sg Nom", "ending": "0", "partofspeech": "S", "root_tokens": ["kahtlus"]}], [{"lemma": "aga", "start": 1071, "root": "aga", "_index_": 196, "end": 1074, "clitic": "", "form": "", "ending": "0", "partofspeech": "J", "root_tokens": ["aga"]}], [{"lemma": "okei", "start": 1075, "root": "okei", "_index_": 197, "end": 1079, "clitic": "", "form": "", "ending": "0", "partofspeech": "I", "root_tokens": ["okei"]}], [{"lemma": ".", "start": 1080, "root": ".", "_index_": 198, "end": 1081, "clitic": "", "form": "", "ending": "", "partofspeech": "Z", "root_tokens": ["."]}], [{"lemma": "Dudubird", "start": 1083, "root": "Dudubird", "_index_": 199, "end": 1091, "clitic": "", "form": "Sg Nom", "ending": "0", "partofspeech": "H", "root_tokens": ["Dudubird"]}], [{"lemma": "vms", "start": 1092, "root": "vms", "_index_": 200, "end": 1095, "clitic": "", "form": "?", "ending": "0", "partofspeech": "Y", "root_tokens": ["vms"]}], [{"lemma": "hmm", "start": 1097, "root": "hmm", "_index_": 201, "end": 1100, "clitic": "", "form": "", "ending": "0", "partofspeech": "I", "root_tokens": ["hmm"]}], [{"lemma": ",", "start": 1101, "root": ",", "_index_": 202, "end": 1102, "clitic": "", "form": "", "ending": "", "partofspeech": "Z", "root_tokens": [","]}], [{"lemma": "täpsemalt", "start": 1103, "root": "täpsemalt", "_index_": 203, "end": 1112, "clitic": "", "form": "", "ending": "0", "partofspeech": "D", "root_tokens": ["täpsemalt"]}], [{"lemma": ".", "start": 1113, "root": ".", "_index_": 204, "end": 1114, "clitic": "", "form": "", "ending": "", "partofspeech": "Z", "root_tokens": ["."]}]], "attributes": ["lemma", "root", "root_tokens", "ending", "clitic", "form", "partofspeech"]}, {"_base": "sentences", "parent": null, "ambiguous": false, "name": "sentences", "enveloping": "words", "spans": [{"_index_": [0, 1, 2], "fix_types": []}, {"_index_": [3, 4], "fix_types": []}, {"_index_": [5, 6, 7, 8, 9, 10, 11, 12, 13, 14, 15, 16, 17, 18, 19, 20, 21, 22, 23, 24, 25], "fix_types": []}, {"_index_": [26, 27, 28, 29, 30], "fix_types": []}, {"_index_": [31, 32, 33], "fix_types": []}, {"_index_": [34, 35, 36, 37, 38, 39, 40, 41, 42], "fix_types": []}, {"_index_": [43, 44, 45, 46, 47], "fix_types": []}, {"_index_": [48, 49, 50, 51, 52, 53], "fix_types": []}, {"_index_": [54, 55, 56, 57, 58, 59, 60, 61, 62, 63], "fix_types": []}, {"_index_": [64, 65], "fix_types": []}, {"_index_": [66, 67], "fix_types": []}, {"_index_": [68, 69, 70, 71, 72, 73, 74, 75], "fix_types": []}, {"_index_": [76, 77], "fix_types": []}, {"_index_": [78, 79], "fix_types": []}, {"_index_": [80, 81, 82, 83, 84, 85, 86, 87, 88, 89], "fix_types": []}, {"_index_": [90, 91, 92, 93, 94, 95], "fix_types": []}, {"_index_": [96, 97, 98, 99, 100, 101, 102, 103, 104, 105, 106, 107, 108, 109], "fix_types": []}, {"_index_": [110, 111], "fix_types": []}, {"_index_": [112, 113, 114, 115, 116, 117, 118, 119], "fix_types": []}, {"_index_": [120, 121, 122], "fix_types": []}, {"_index_": [123, 124, 125], "fix_types": ["double_newline_ending"]}, {"_index_": [126, 127], "fix_types": ["double_newline_ending"]}, {"_index_": [128, 129, 130, 131, 132, 133], "fix_types": []}, {"_index_": [134, 135, 136, 137], "fix_types": []}, {"_index_": [138, 139, 140, 141, 142], "fix_types": []}, {"_index_": [143, 144], "fix_types": []}, {"_index_": [145, 146, 147, 148, 149], "fix_types": ["double_newline_ending"]}, {"_index_": [150, 151], "fix_types": []}, {"_index_": [152, 153, 154, 155, 156], "fix_types": ["double_newline_ending"]}, {"_index_": [157, 158, 159, 160, 161], "fix_types": ["double_newline_ending"]}, {"_index_": [162, 163, 164], "fix_types": []}, {"_index_": [165, 166, 167, 168, 169], "fix_types": []}, {"_index_": [170, 171], "fix_types": []}, {"_index_": [172, 173], "fix_types": ["double_newline_ending"]}, {"_index_": [174, 175, 176], "fix_types": ["double_newline_ending"]}, {"_index_": [177, 178, 179, 180, 181, 182, 183, 184], "fix_types": []}, {"_index_": [185], "fix_types": ["double_newline_ending"]}, {"_index_": [186, 187, 188, 189], "fix_types": ["double_newline_ending"]}, {"_index_": [190], "fix_types": ["double_newline_ending"]}, {"_index_": [191, 192, 193, 194, 195, 196, 197, 198], "fix_types": []}, {"_index_": [199, 200], "fix_types": ["double_newline_ending"]}, {"_index_": [201, 202, 203, 204], "fix_types": []}], "attributes": ["fix_types"]}, {"_base": "paragraphs", "parent": null, "ambiguous": false, "name": "paragraphs", "enveloping": "sentences", "spans": [{"_index_": [0]}, {"_index_": [1, 2]}, {"_index_": [3]}, {"_index_": [4]}, {"_index_": [5]}, {"_index_": [6, 7]}, {"_index_": [8]}, {"_index_": [9]}, {"_index_": [10, 11]}, {"_index_": [12]}, {"_index_": [13]}, {"_index_": [14]}, {"_index_": [15]}, {"_index_": [16]}, {"_index_": [17, 18]}, {"_index_": [19]}, {"_index_": [20]}, {"_index_": [21]}, {"_index_": [22, 23]}, {"_index_": [24, 25]}, {"_index_": [26]}, {"_index_": [27]}, {"_index_": [28]}, {"_index_": [29]}, {"_index_": [30, 31, 32]}, {"_index_": [33]}, {"_index_": [34]}, {"_index_": [35]}, {"_index_": [36]}, {"_index_": [37]}, {"_index_": [38]}, {"_index_": [39]}, {"_index_": [40]}, {"_index_": [41]}], "attributes": []}, {"_base": "syntax_ignore", "parent": null, "ambiguous": false, "name": "syntax_ignore", "enveloping": "words", "spans": [], "attributes": ["type"]}, {"_base": "tokens", "parent": null, "ambiguous": false, "name": "tokens", "enveloping": null, "spans": [{"start": 0, "end": 9}, {"start": 10, "end": 14}, {"start": 15, "end": 16}, {"start": 18, "end": 21}, {"start": 22, "end": 23}, {"start": 24, "end": 27}, {"start": 28, "end": 30}, {"start": 31, "end": 36}, {"start": 37, "end": 41}, {"start": 42, "end": 47}, {"start": 48, "end": 52}, {"start": 53, "end": 58}, {"start": 59, "end": 65}, {"start": 66, "end": 71}, {"start": 72, "end": 73}, {"start": 74, "end": 81}, {"start": 82, "end": 89}, {"start": 90, "end": 92}, {"start": 93, "end": 99}, {"start": 100, "end": 101}, {"start": 102, "end": 104}, {"start": 105, "end": 109}, {"start": 110, "end": 113}, {"start": 114, "end": 119}, {"start": 120, "end": 125}, {"start": 126, "end": 127}, {"start": 129, "end": 133}, {"start": 134, "end": 140}, {"start": 141, "end": 142}, {"start": 143, "end": 146}, {"start": 147, "end": 148}, {"start": 150, "end": 152}, {"start": 153, "end": 160}, {"start": 161, "end": 162}, {"start": 164, "end": 166}, {"start": 167, "end": 172}, {"start": 173, "end": 183}, {"start": 184, "end": 192}, {"start": 193, "end": 199}, {"start": 200, "end": 203}, {"start": 204, "end": 209}, {"start": 210, "end": 215}, {"start": 216, "end": 217}, {"start": 219, "end": 222}, {"start": 223, "end": 229}, {"start": 230, "end": 234}, {"start": 235, "end": 240}, {"start": 241, "end": 242}, {"start": 243, "end": 248}, {"start": 249, "end": 250}, {"start": 251, "end": 253}, {"start": 254, "end": 260}, {"start": 261, "end": 265}, {"start": 266, "end": 267}, {"start": 269, "end": 275}, {"start": 276, "end": 278}, {"start": 279, "end": 285}, {"start": 286, "end": 289}, {"start": 290, "end": 292}, {"start": 293, "end": 297}, {"start": 298, "end": 304}, {"start": 305, "end": 308}, {"start": 309, "end": 314}, {"start": 315, "end": 316}, {"start": 318, "end": 322}, {"start": 323, "end": 324}, {"start": 326, "end": 328}, {"start": 329, "end": 330}, {"start": 331, "end": 337}, {"start": 338, "end": 340}, {"start": 341, "end": 346}, {"start": 347, "end": 352}, {"start": 353, "end": 354}, {"start": 355, "end": 359}, {"start": 360, "end": 365}, {"start": 366, "end": 367}, {"start": 369, "end": 379}, {"start": 380, "end": 381}, {"start": 383, "end": 385}, {"start": 386, "end": 387}, {"start": 389, "end": 396}, {"start": 397, "end": 404}, {"start": 405, "end": 409}, {"start": 410, "end": 415}, {"start": 416, "end": 418}, {"start": 419, "end": 425}, {"start": 426, "end": 429}, {"start": 430, "end": 432}, {"start": 433, "end": 439}, {"start": 440, "end": 441}, {"start": 443, "end": 446}, {"start": 447, "end": 452}, {"start": 453, "end": 460}, {"start": 461, "end": 465}, {"start": 466, "end": 478}, {"start": 479, "end": 480}, {"start": 482, "end": 485}, {"start": 486, "end": 489}, {"start": 490, "end": 494}, {"start": 495, "end": 500}, {"start": 501, "end": 506}, {"start": 507, "end": 514}, {"start": 515, "end": 517}, {"start": 518, "end": 522}, {"start": 523, "end": 529}, {"start": 530, "end": 533}, {"start": 534, "end": 537}, {"start": 538, "end": 554}, {"start": 555, "end": 568}, {"start": 569, "end": 570}, {"start": 572, "end": 574}, {"start": 575, "end": 576}, {"start": 577, "end": 586}, {"start": 587, "end": 594}, {"start": 595, "end": 596}, {"start": 597, "end": 599}, {"start": 600, "end": 603}, {"start": 604, "end": 607}, {"start": 608, "end": 614}, {"start": 615, "end": 616}, {"start": 618, "end": 625}, {"start": 626, "end": 632}, {"start": 633, "end": 634}, {"start": 636, "end": 645}, {"start": 646, "end": 651}, {"start": 652, "end": 657}, {"start": 659, "end": 672}, {"start": 673, "end": 686}, {"start": 688, "end": 694}, {"start": 695, "end": 697}, {"start": 698, "end": 702}, {"start": 703, "end": 704}, {"start": 705, "end": 710}, {"start": 711, "end": 712}, {"start": 713, "end": 717}, {"start": 718, "end": 721}, {"start": 722, "end": 726}, {"start": 727, "end": 728}, {"start": 730, "end": 735}, {"start": 736, "end": 742}, {"start": 743, "end": 753}, {"start": 754, "end": 756}, {"start": 757, "end": 758}, {"start": 759, "end": 765}, {"start": 766, "end": 767}, {"start": 769, "end": 773}, {"start": 774, "end": 776}, {"start": 777, "end": 785}, {"start": 786, "end": 792}, {"start": 793, "end": 797}, {"start": 799, "end": 809}, {"start": 810, "end": 811}, {"start": 813, "end": 816}, {"start": 817, "end": 818}, {"start": 819, "end": 826}, {"start": 827, "end": 836}, {"start": 837, "end": 843}, {"start": 845, "end": 850}, {"start": 851, "end": 855}, {"start": 856, "end": 860}, {"start": 861, "end": 868}, {"start": 869, "end": 876}, {"start": 878, "end": 885}, {"start": 886, "end": 890}, {"start": 891, "end": 892}, {"start": 893, "end": 896}, {"start": 897, "end": 899}, {"start": 900, "end": 905}, {"start": 906, "end": 912}, {"start": 913, "end": 914}, {"start": 915, "end": 922}, {"start": 923, "end": 924}, {"start": 926, "end": 931}, {"start": 932, "end": 938}, {"start": 940, "end": 944}, {"start": 945, "end": 949}, {"start": 950, "end": 957}, {"start": 959, "end": 962}, {"start": 963, "end": 965}, {"start": 966, "end": 971}, {"start": 972, "end": 975}, {"start": 976, "end": 982}, {"start": 983, "end": 988}, {"start": 989, "end": 993}, {"start": 994, "end": 995}, {"start": 997, "end": 1003}, {"start": 1005, "end": 1007}, {"start": 1008, "end": 1013}, {"start": 1014, "end": 1019}, {"start": 1020, "end": 1027}, {"start": 1029, "end": 1033}, {"start": 1035, "end": 1045}, {"start": 1046, "end": 1049}, {"start": 1050, "end": 1054}, {"start": 1055, "end": 1062}, {"start": 1063, "end": 1070}, {"start": 1071, "end": 1074}, {"start": 1075, "end": 1079}, {"start": 1080, "end": 1081}, {"start": 1083, "end": 1091}, {"start": 1092, "end": 1095}, {"start": 1097, "end": 1100}, {"start": 1101, "end": 1102}, {"start": 1103, "end": 1112}, {"start": 1113, "end": 1114}], "attributes": []}, {"_base": "compound_tokens", "parent": null, "ambiguous": false, "name": "compound_tokens", "enveloping": "tokens", "spans": [], "attributes": ["type", "normalized"]}]}