{"layers": [{"enveloping": null, "attributes": ["normalized_form"], "name": "words", "parent": null, "_base": "words", "ambiguous": false, "spans": [{"start": 0, "normalized_form": null, "end": 4}, {"start": 5, "normalized_form": null, "end": 10}, {"start": 11, "normalized_form": null, "end": 18}, {"start": 19, "normalized_form": null, "end": 30}, {"start": 31, "normalized_form": null, "end": 38}, {"start": 39, "normalized_form": null, "end": 40}, {"start": 41, "normalized_form": null, "end": 44}, {"start": 45, "normalized_form": null, "end": 52}, {"start": 53, "normalized_form": null, "end": 56}, {"start": 57, "normalized_form": null, "end": 61}, {"start": 62, "normalized_form": null, "end": 68}, {"start": 69, "normalized_form": null, "end": 74}, {"start": 75, "normalized_form": null, "end": 76}, {"start": 78, "normalized_form": null, "end": 81}, {"start": 82, "normalized_form": null, "end": 87}, {"start": 88, "normalized_form": null, "end": 95}, {"start": 96, "normalized_form": "nt", "end": 98}, {"start": 99, "normalized_form": null, "end": 106}, {"start": 107, "normalized_form": null, "end": 112}, {"start": 113, "normalized_form": null, "end": 117}, {"start": 118, "normalized_form": null, "end": 122}, {"start": 123, "normalized_form": null, "end": 127}, {"start": 128, "normalized_form": null, "end": 132}, {"start": 133, "normalized_form": null, "end": 138}, {"start": 139, "normalized_form": null, "end": 149}, {"start": 150, "normalized_form": null, "end": 154}, {"start": 155, "normalized_form": null, "end": 158}, {"start": 159, "normalized_form": null, "end": 166}, {"start": 168, "normalized_form": null, "end": 170}, {"start": 171, "normalized_form": null, "end": 175}, {"start": 176, "normalized_form": null, "end": 182}, {"start": 183, "normalized_form": null, "end": 186}, {"start": 187, "normalized_form": null, "end": 191}, {"start": 192, "normalized_form": null, "end": 196}, {"start": 197, "normalized_form": null, "end": 200}, {"start": 201, "normalized_form": null, "end": 205}, {"start": 206, "normalized_form": null, "end": 211}, {"start": 212, "normalized_form": null, "end": 216}, {"start": 217, "normalized_form": null, "end": 222}, {"start": 223, "normalized_form": null, "end": 227}, {"start": 228, "normalized_form": null, "end": 232}, {"start": 233, "normalized_form": null, "end": 236}]}, {"enveloping": "words", "attributes": ["fix_types"], "name": "sentences", "parent": null, "_base": "sentences", "ambiguous": false, "spans": [{"fix_types": [], "_index_": [0, 1, 2, 3, 4, 5, 6, 7, 8, 9, 10, 11, 12]}, {"fix_types": ["double_newline_ending"], "_index_": [13, 14, 15, 16, 17, 18, 19, 20, 21, 22, 23, 24, 25, 26, 27]}, {"fix_types": [], "_index_": [28, 29, 30, 31, 32, 33, 34, 35, 36, 37, 38, 39, 40, 41]}]}, {"enveloping": "sentences", "attributes": [], "name": "paragraphs", "parent": null, "_base": "paragraphs", "ambiguous": false, "spans": [{"_index_": [0]}, {"_index_": [1]}, {"_index_": [2]}]}, {"enveloping": "words", "attributes": ["type"], "name": "syntax_ignore", "parent": null, "_base": "syntax_ignore", "ambiguous": false, "spans": []}, {"enveloping": null, "attributes": ["lemma", "root", "root_tokens", "ending", "clitic", "form", "partofspeech"], "name": "morph_analysis", "parent": "words", "_base": "words", "ambiguous": true, "spans": [[{"root_tokens": ["mina"], "form": "sg n", "clitic": "", "ending": "0", "end": 4, "root": "mina", "_index_": 0, "partofspeech": "P", "start": 0, "lemma": "mina"}], [{"root_tokens": ["mine"], "form": "n", "clitic": "", "ending": "n", "end": 10, "root": "mine", "_index_": 1, "partofspeech": "V", "start": 5, "lemma": "minema"}], [{"root_tokens": ["chekkan"], "form": "sg n", "clitic": "", "ending": "0", "end": 18, "root": "chekkan", "_index_": 2, "partofspeech": "S", "start": 11, "lemma": "chekkan"}], [{"root_tokens": ["kolma", "päev"], "form": "sg ad", "clitic": "", "ending": "l", "end": 30, "root": "kolma_päev", "_index_": 3, "partofspeech": "S", "start": 19, "lemma": "kolmapäev"}], [{"root_tokens": ["pedas"], "form": "adt", "clitic": "", "ending": "se", "end": 38, "root": "pedas", "_index_": 4, "partofspeech": "S", "start": 31, "lemma": "pedas"}, {"root_tokens": ["peda"], "form": "sg ill", "clitic": "", "ending": "sse", "end": 38, "root": "peda", "_index_": 4, "partofspeech": "S", "start": 31, "lemma": "peda"}], [{"root_tokens": [","], "form": "", "clitic": "", "ending": "", "end": 40, "root": ",", "_index_": 5, "partofspeech": "Z", "start": 39, "lemma": ","}], [{"root_tokens": ["kui"], "form": "", "clitic": "", "ending": "0", "end": 44, "root": "kui", "_index_": 6, "partofspeech": "D", "start": 41, "lemma": "kui"}, {"root_tokens": ["kui"], "form": "", "clitic": "", "ending": "0", "end": 44, "root": "kui", "_index_": 6, "partofspeech": "J", "start": 41, "lemma": "kui"}], [{"root_tokens": ["viitsi"], "form": "n", "clitic": "", "ending": "n", "end": 52, "root": "viitsi", "_index_": 7, "partofspeech": "V", "start": 45, "lemma": "viitsima"}, {"root_tokens": ["viit"], "form": "sin", "clitic": "", "ending": "sin", "end": 52, "root": "viit", "_index_": 7, "partofspeech": "V", "start": 45, "lemma": "viitma"}], [{"root_tokens": ["ise"], "form": "sg p", "clitic": "", "ending": "0", "end": 56, "root": "ise", "_index_": 8, "partofspeech": "P", "start": 53, "lemma": "ise"}], [{"root_tokens": ["siit"], "form": "", "clitic": "", "ending": "0", "end": 61, "root": "siit", "_index_": 9, "partofspeech": "D", "start": 57, "lemma": "siit"}], [{"root_tokens": ["jalule"], "form": "", "clitic": "", "ending": "0", "end": 68, "root": "jalule", "_index_": 10, "partofspeech": "D", "start": 62, "lemma": "jalule"}], [{"root_tokens": ["aja"], "form": "da", "clitic": "", "ending": "da", "end": 74, "root": "aja", "_index_": 11, "partofspeech": "V", "start": 69, "lemma": "ajama"}], [{"root_tokens": ["."], "form": "", "clitic": "", "ending": "", "end": 76, "root": ".", "_index_": 12, "partofspeech": "Z", "start": 75, "lemma": "."}], [{"root_tokens": ["aga"], "form": "", "clitic": "", "ending": "0", "end": 81, "root": "aga", "_index_": 13, "partofspeech": "J", "start": 78, "lemma": "aga"}], [{"root_tokens": ["muidu"], "form": "", "clitic": "", "ending": "0", "end": 87, "root": "muidu", "_index_": 14, "partofspeech": "D", "start": 82, "lemma": "muidu"}], [{"root_tokens": ["või"], "form": "ksid", "clitic": "", "ending": "ksid", "end": 95, "root": "või", "_index_": 15, "partofspeech": "V", "start": 88, "lemma": "võima"}], [{"root_tokens": ["nt"], "form": "?", "clitic": "", "ending": "0", "end": 98, "root": "nt", "_index_": 16, "partofspeech": "Y", "start": 96, "lemma": "nt"}], [{"root_tokens": ["päikene"], "form": "sg p", "clitic": "", "ending": "t", "end": 106, "root": "päikene", "_index_": 17, "partofspeech": "S", "start": 99, "lemma": "päikene"}, {"root_tokens": ["päike"], "form": "sg p", "clitic": "", "ending": "t", "end": 106, "root": "päike", "_index_": 17, "partofspeech": "S", "start": 99, "lemma": "päike"}], [{"root_tokens": ["võt"], "form": "da", "clitic": "", "ending": "a", "end": 112, "root": "võt", "_index_": 18, "partofspeech": "V", "start": 107, "lemma": "võtma"}], [{"root_tokens": ["nagu"], "form": "", "clitic": "", "ending": "0", "end": 117, "root": "nagu", "_index_": 19, "partofspeech": "D", "start": 113, "lemma": "nagu"}, {"root_tokens": ["nagu"], "form": "", "clitic": "", "ending": "0", "end": 117, "root": "nagu", "_index_": 19, "partofspeech": "J", "start": 113, "lemma": "nagu"}], [{"root_tokens": ["mina"], "form": "sg n", "clitic": "", "ending": "0", "end": 122, "root": "mina", "_index_": 20, "partofspeech": "S", "start": 118, "lemma": "mina"}], [{"root_tokens": ["see"], "form": "sg p", "clitic": "", "ending": "da", "end": 127, "root": "see", "_index_": 21, "partofspeech": "P", "start": 123, "lemma": "see"}], [{"root_tokens": ["täna"], "form": "", "clitic": "", "ending": "0", "end": 132, "root": "täna", "_index_": 22, "partofspeech": "D", "start": 128, "lemma": "täna"}], [{"root_tokens": ["tege"], "form": "sin", "clitic": "", "ending": "in", "end": 138, "root": "tege", "_index_": 23, "partofspeech": "V", "start": 133, "lemma": "tegema"}], [{"root_tokens": ["paganama"], "form": "", "clitic": "", "ending": "0", "end": 149, "root": "paganama", "_index_": 24, "partofspeech": "D", "start": 139, "lemma": "paganama"}], [{"root_tokens": ["tore"], "form": "sg n", "clitic": "", "ending": "0", "end": 154, "root": "tore", "_index_": 25, "partofspeech": "A", "start": 150, "lemma": "tore"}], [{"root_tokens": ["ole"], "form": "s", "clitic": "", "ending": "i", "end": 158, "root": "ole", "_index_": 26, "partofspeech": "V", "start": 155, "lemma": "olema"}], [{"root_tokens": ["mui"], "form": "pl tr", "clitic": "", "ending": "deks", "end": 166, "root": "mui", "_index_": 27, "partofspeech": "S", "start": 159, "lemma": "mui"}], [{"root_tokens": ["no"], "form": "", "clitic": "", "ending": "0", "end": 170, "root": "no", "_index_": 28, "partofspeech": "I", "start": 168, "lemma": "no"}], [{"root_tokens": ["mis"], "form": "pl p", "clitic": "", "ending": "da", "end": 175, "root": "mis", "_index_": 29, "partofspeech": "P", "start": 171, "lemma": "mis"}, {"root_tokens": ["mis"], "form": "sg p", "clitic": "", "ending": "da", "end": 175, "root": "mis", "_index_": 29, "partofspeech": "P", "start": 171, "lemma": "mis"}], [{"root_tokens": ["iganes"], "form": "", "clitic": "", "ending": "0", "end": 182, "root": "iganes", "_index_": 30, "partofspeech": "D", "start": 176, "lemma": "iganes"}], [{"root_tokens": ["..."], "form": "", "clitic": "", "ending": "", "end": 186, "root": "...", "_index_": 31, "partofspeech": "Z", "start": 183, "lemma": "..."}], [{"root_tokens": ["võte"], "form": "sg n", "clitic": "", "ending": "0", "end": 191, "root": "võte", "_index_": 32, "partofspeech": "S", "start": 187, "lemma": "võte"}], [{"root_tokens": ["ette"], "form": "", "clitic": "", "ending": "0", "end": 196, "root": "ette", "_index_": 33, "partofspeech": "D", "start": 192, "lemma": "ette"}], [{"root_tokens": ["mis"], "form": "pl n", "clitic": "", "ending": "0", "end": 200, "root": "mis", "_index_": 34, "partofspeech": "P", "start": 197, "lemma": "mis"}, {"root_tokens": ["mis"], "form": "sg n", "clitic": "", "ending": "0", "end": 200, "root": "mis", "_index_": 34, "partofspeech": "P", "start": 197, "lemma": "mis"}], [{"root_tokens": ["pea"], "form": "adt", "clitic": "", "ending": "0", "end": 205, "root": "pea", "_index_": 35, "partofspeech": "S", "start": 201, "lemma": "pea"}], [{"root_tokens": ["tule"], "form": "b", "clitic": "", "ending": "b", "end": 211, "root": "tule", "_index_": 36, "partofspeech": "V", "start": 206, "lemma": "tulema"}], [{"root_tokens": ["...."], "form": "", "clitic": "", "ending": "", "end": 216, "root": "....", "_index_": 37, "partofspeech": "Z", "start": 212, "lemma": "...."}], [{"root_tokens": ["enjoy"], "form": "sg g", "clitic": "", "ending": "0", "end": 222, "root": "enjoy", "_index_": 38, "partofspeech": "S", "start": 217, "lemma": "enjoy"}], [{"root_tokens": ["your"], "form": "sg n", "clitic": "", "ending": "0", "end": 227, "root": "your", "_index_": 39, "partofspeech": "S", "start": 223, "lemma": "your"}], [{"root_tokens": ["life"], "form": "sg n", "clitic": "", "ending": "0", "end": 232, "root": "life", "_index_": 40, "partofspeech": "S", "start": 228, "lemma": "life"}], [{"root_tokens": ["!!!"], "form": "", "clitic": "", "ending": "", "end": 236, "root": "!!!", "_index_": 41, "partofspeech": "Z", "start": 233, "lemma": "!!!"}]]}, {"enveloping": null, "attributes": ["lemma", "root", "root_tokens", "ending", "clitic", "form", "partofspeech"], "name": "gt_morph_analysis", "parent": "morph_analysis", "_base": "words", "ambiguous": true, "spans": [[{"root_tokens": ["mina"], "form": "Sg Nom", "clitic": "", "ending": "0", "end": 4, "root": "mina", "_index_": 0, "partofspeech": "P", "start": 0, "lemma": "mina"}], [{"root_tokens": ["mine"], "form": "Pers Prs Ind Sg 1 Aff", "clitic": "", "ending": "n", "end": 10, "root": "mine", "_index_": 1, "partofspeech": "V", "start": 5, "lemma": "minema"}], [{"root_tokens": ["chekkan"], "form": "Sg Nom", "clitic": "", "ending": "0", "end": 18, "root": "chekkan", "_index_": 2, "partofspeech": "S", "start": 11, "lemma": "chekkan"}], [{"root_tokens": ["kolma", "päev"], "form": "Sg Ade", "clitic": "", "ending": "l", "end": 30, "root": "kolma_päev", "_index_": 3, "partofspeech": "S", "start": 19, "lemma": "kolmapäev"}], [{"root_tokens": ["pedas"], "form": "Sg Ill", "clitic": "", "ending": "se", "end": 38, "root": "pedas", "_index_": 4, "partofspeech": "S", "start": 31, "lemma": "pedas"}, {"root_tokens": ["peda"], "form": "Sg Ill", "clitic": "", "ending": "sse", "end": 38, "root": "peda", "_index_": 4, "partofspeech": "S", "start": 31, "lemma": "peda"}], [{"root_tokens": [","], "form": "", "clitic": "", "ending": "", "end": 40, "root": ",", "_index_": 5, "partofspeech": "Z", "start": 39, "lemma": ","}], [{"root_tokens": ["kui"], "form": "", "clitic": "", "ending": "0", "end": 44, "root": "kui", "_index_": 6, "partofspeech": "D", "start": 41, "lemma": "kui"}, {"root_tokens": ["kui"], "form": "", "clitic": "", "ending": "0", "end": 44, "root": "kui", "_index_": 6, "partofspeech": "J", "start": 41, "lemma": "kui"}], [{"root_tokens": ["viitsi"], "form": "Pers Prs Ind Sg 1 Aff", "clitic": "", "ending": "n", "end": 52, "root": "viitsi", "_index_": 7, "partofspeech": "V", "start": 45, "lemma": "viitsima"}, {"root_tokens": ["viit"], "form": "Pers Prt Ind Sg 1 Aff", "clitic": "", "ending": "sin", "end": 52, "root": "viit", "_index_": 7, "partofspeech": "V", "start": 45, "lemma": "viitma"}], [{"root_tokens": ["ise"], "form": "Sg Par", "clitic": "", "ending": "0", "end": 56, "root": "ise", "_index_": 8, "partofspeech": "P", "start": 53, "lemma": "ise"}], [{"root_tokens": ["siit"], "form": "", "clitic": "", "ending": "0", "end": 61, "root": "siit", "_index_": 9, "partofspeech": "D", "start": 57, "lemma": "siit"}], [{"root_tokens": ["jalule"], "form": "", "clitic": "", "ending": "0", "end": 68, "root": "jalule", "_index_": 10, "partofspeech": "D", "start": 62, "lemma": "jalule"}], [{"root_tokens": ["aja"], "form": "Inf", "clitic": "", "ending": "da", "end": 74, "root": "aja", "_index_": 11, "partofspeech": "V", "start": 69, "lemma": "ajama"}], [{"root_tokens": ["."], "form": "", "clitic": "", "ending": "", "end": 76, "root": ".", "_index_": 12, "partofspeech": "Z", "start": 75, "lemma": "."}], [{"root_tokens": ["aga"], "form": "", "clitic": "", "ending": "0", "end": 81, "root": "aga", "_index_": 13, "partofspeech": "J", "start": 78, "lemma": "aga"}], [{"root_tokens": ["muidu"], "form": "", "clitic": "", "ending": "0", "end": 87, "root": "muidu", "_index_": 14, "partofspeech": "D", "start": 82, "lemma": "muidu"}], [{"root_tokens": ["või"], "form": "Pers Prs Cond Pl 3 Aff", "clitic": "", "ending": "ksid", "end": 95, "root": "või", "_index_": 15, "partofspeech": "V", "start": 88, "lemma": "võima"}, {"root_tokens": ["või"], "form": "Pers Prs Cond Sg 2 Aff", "clitic": "", "ending": "ksid", "end": 95, "root": "või", "_index_": 15, "partofspeech": "V", "start": 88, "lemma": "võima"}], [{"root_tokens": ["nt"], "form": "?", "clitic": "", "ending": "0", "end": 98, "root": "nt", "_index_": 16, "partofspeech": "Y", "start": 96, "lemma": "nt"}], [{"root_tokens": ["päikene"], "form": "Sg Par", "clitic": "", "ending": "t", "end": 106, "root": "päikene", "_index_": 17, "partofspeech": "S", "start": 99, "lemma": "päikene"}, {"root_tokens": ["päike"], "form": "Sg Par", "clitic": "", "ending": "t", "end": 106, "root": "päike", "_index_": 17, "partofspeech": "S", "start": 99, "lemma": "päike"}], [{"root_tokens": ["võt"], "form": "Inf", "clitic": "", "ending": "a", "end": 112, "root": "võt", "_index_": 18, "partofspeech": "V", "start": 107, "lemma": "võtma"}], [{"root_tokens": ["nagu"], "form": "", "clitic": "", "ending": "0", "end": 117, "root": "nagu", "_index_": 19, "partofspeech": "D", "start": 113, "lemma": "nagu"}, {"root_tokens": ["nagu"], "form": "", "clitic": "", "ending": "0", "end": 117, "root": "nagu", "_index_": 19, "partofspeech": "J", "start": 113, "lemma": "nagu"}], [{"root_tokens": ["mina"], "form": "Sg Nom", "clitic": "", "ending": "0", "end": 122, "root": "mina", "_index_": 20, "partofspeech": "S", "start": 118, "lemma": "mina"}], [{"root_tokens": ["see"], "form": "Sg Par", "clitic": "", "ending": "da", "end": 127, "root": "see", "_index_": 21, "partofspeech": "P", "start": 123, "lemma": "see"}], [{"root_tokens": ["täna"], "form": "", "clitic": "", "ending": "0", "end": 132, "root": "täna", "_index_": 22, "partofspeech": "D", "start": 128, "lemma": "täna"}], [{"root_tokens": ["tege"], "form": "Pers Prt Ind Sg 1 Aff", "clitic": "", "ending": "in", "end": 138, "root": "tege", "_index_": 23, "partofspeech": "V", "start": 133, "lemma": "tegema"}], [{"root_tokens": ["paganama"], "form": "", "clitic": "", "ending": "0", "end": 149, "root": "paganama", "_index_": 24, "partofspeech": "D", "start": 139, "lemma": "paganama"}], [{"root_tokens": ["tore"], "form": "Sg Nom", "clitic": "", "ending": "0", "end": 154, "root": "tore", "_index_": 25, "partofspeech": "A", "start": 150, "lemma": "tore"}], [{"root_tokens": ["ole"], "form": "Pers Prt Ind Sg 3 Aff", "clitic": "", "ending": "i", "end": 158, "root": "ole", "_index_": 26, "partofspeech": "V", "start": 155, "lemma": "olema"}], [{"root_tokens": ["mui"], "form": "Pl Tra", "clitic": "", "ending": "deks", "end": 166, "root": "mui", "_index_": 27, "partofspeech": "S", "start": 159, "lemma": "mui"}], [{"root_tokens": ["no"], "form": "", "clitic": "", "ending": "0", "end": 170, "root": "no", "_index_": 28, "partofspeech": "I", "start": 168, "lemma": "no"}], [{"root_tokens": ["mis"], "form": "Pl Par", "clitic": "", "ending": "da", "end": 175, "root": "mis", "_index_": 29, "partofspeech": "P", "start": 171, "lemma": "mis"}, {"root_tokens": ["mis"], "form": "Sg Par", "clitic": "", "ending": "da", "end": 175, "root": "mis", "_index_": 29, "partofspeech": "P", "start": 171, "lemma": "mis"}], [{"root_tokens": ["iganes"], "form": "", "clitic": "", "ending": "0", "end": 182, "root": "iganes", "_index_": 30, "partofspeech": "D", "start": 176, "lemma": "iganes"}], [{"root_tokens": ["..."], "form": "", "clitic": "", "ending": "", "end": 186, "root": "...", "_index_": 31, "partofspeech": "Z", "start": 183, "lemma": "..."}], [{"root_tokens": ["võte"], "form": "Sg Nom", "clitic": "", "ending": "0", "end": 191, "root": "võte", "_index_": 32, "partofspeech": "S", "start": 187, "lemma": "võte"}], [{"root_tokens": ["ette"], "form": "", "clitic": "", "ending": "0", "end": 196, "root": "ette", "_index_": 33, "partofspeech": "D", "start": 192, "lemma": "ette"}], [{"root_tokens": ["mis"], "form": "Pl Nom", "clitic": "", "ending": "0", "end": 200, "root": "mis", "_index_": 34, "partofspeech": "P", "start": 197, "lemma": "mis"}, {"root_tokens": ["mis"], "form": "Sg Nom", "clitic": "", "ending": "0", "end": 200, "root": "mis", "_index_": 34, "partofspeech": "P", "start": 197, "lemma": "mis"}], [{"root_tokens": ["pea"], "form": "Sg Ill", "clitic": "", "ending": "0", "end": 205, "root": "pea", "_index_": 35, "partofspeech": "S", "start": 201, "lemma": "pea"}], [{"root_tokens": ["tule"], "form": "Pers Prs Ind Sg 3 Aff", "clitic": "", "ending": "b", "end": 211, "root": "tule", "_index_": 36, "partofspeech": "V", "start": 206, "lemma": "tulema"}], [{"root_tokens": ["...."], "form": "", "clitic": "", "ending": "", "end": 216, "root": "....", "_index_": 37, "partofspeech": "Z", "start": 212, "lemma": "...."}], [{"root_tokens": ["enjoy"], "form": "Sg Gen", "clitic": "", "ending": "0", "end": 222, "root": "enjoy", "_index_": 38, "partofspeech": "S", "start": 217, "lemma": "enjoy"}], [{"root_tokens": ["your"], "form": "Sg Nom", "clitic": "", "ending": "0", "end": 227, "root": "your", "_index_": 39, "partofspeech": "S", "start": 223, "lemma": "your"}], [{"root_tokens": ["life"], "form": "Sg Nom", "clitic": "", "ending": "0", "end": 232, "root": "life", "_index_": 40, "partofspeech": "S", "start": 228, "lemma": "life"}], [{"root_tokens": ["!!!"], "form": "", "clitic": "", "ending": "", "end": 236, "root": "!!!", "_index_": 41, "partofspeech": "Z", "start": 233, "lemma": "!!!"}]]}, {"enveloping": null, "attributes": [], "name": "tokens", "parent": null, "_base": "tokens", "ambiguous": false, "spans": [{"start": 0, "end": 4}, {"start": 5, "end": 10}, {"start": 11, "end": 18}, {"start": 19, "end": 30}, {"start": 31, "end": 38}, {"start": 39, "end": 40}, {"start": 41, "end": 44}, {"start": 45, "end": 52}, {"start": 53, "end": 56}, {"start": 57, "end": 61}, {"start": 62, "end": 68}, {"start": 69, "end": 74}, {"start": 75, "end": 76}, {"start": 78, "end": 81}, {"start": 82, "end": 87}, {"start": 88, "end": 95}, {"start": 96, "end": 98}, {"start": 99, "end": 106}, {"start": 107, "end": 112}, {"start": 113, "end": 117}, {"start": 118, "end": 122}, {"start": 123, "end": 127}, {"start": 128, "end": 132}, {"start": 133, "end": 138}, {"start": 139, "end": 140}, {"start": 140, "end": 141}, {"start": 141, "end": 149}, {"start": 150, "end": 154}, {"start": 155, "end": 158}, {"start": 159, "end": 166}, {"start": 168, "end": 170}, {"start": 171, "end": 175}, {"start": 176, "end": 182}, {"start": 183, "end": 186}, {"start": 187, "end": 191}, {"start": 192, "end": 196}, {"start": 197, "end": 200}, {"start": 201, "end": 205}, {"start": 206, "end": 211}, {"start": 212, "end": 216}, {"start": 217, "end": 222}, {"start": 223, "end": 227}, {"start": 228, "end": 232}, {"start": 233, "end": 236}]}, {"enveloping": "tokens", "attributes": ["type", "normalized"], "name": "compound_tokens", "parent": null, "_base": "compound_tokens", "ambiguous": false, "spans": [{"_index_": [16], "type": ["non_ending_abbreviation"], "normalized": "nt"}, {"_index_": [24, 25, 26], "type": ["hyphenation"], "normalized": null}]}], "meta": {"subcorpus": "netifoorum", "type": "teema", "title": "Kuhu minna vaheajal ? - 02. leht ( Planet Foorumid - Varia - Südamelt ära )", "alamfoorum": "Südamelt_ära"}, "text": "Mina lähen chekkan kolmapäeval pedasse , kui viitsin end siit jalule ajada .\n\nAga muidu võiksid nt päikest võtta nagu mina seda täna tegin <-paganama tore oli muideks\n\nNo mida iganes ...\nvõte ette mis pähe tuleb ....\nenjoy your life !!!"}