{"layers": [{"enveloping": null, "attributes": ["normalized_form"], "name": "words", "parent": null, "_base": "words", "ambiguous": false, "spans": [{"start": 0, "normalized_form": null, "end": 3}, {"start": 4, "normalized_form": null, "end": 10}, {"start": 11, "normalized_form": null, "end": 16}, {"start": 17, "normalized_form": null, "end": 31}, {"start": 32, "normalized_form": null, "end": 33}, {"start": 35, "normalized_form": null, "end": 38}, {"start": 39, "normalized_form": null, "end": 45}, {"start": 46, "normalized_form": null, "end": 51}, {"start": 52, "normalized_form": null, "end": 56}, {"start": 57, "normalized_form": null, "end": 71}, {"start": 72, "normalized_form": null, "end": 73}, {"start": 74, "normalized_form": null, "end": 78}, {"start": 79, "normalized_form": null, "end": 80}, {"start": 81, "normalized_form": null, "end": 82}, {"start": 82, "normalized_form": null, "end": 83}, {"start": 84, "normalized_form": null, "end": 93}, {"start": 94, "normalized_form": null, "end": 97}, {"start": 98, "normalized_form": null, "end": 99}, {"start": 100, "normalized_form": null, "end": 101}, {"start": 103, "normalized_form": null, "end": 107}, {"start": 108, "normalized_form": null, "end": 119}, {"start": 121, "normalized_form": null, "end": 124}, {"start": 125, "normalized_form": null, "end": 127}, {"start": 128, "normalized_form": null, "end": 129}, {"start": 131, "normalized_form": null, "end": 140}, {"start": 141, "normalized_form": null, "end": 150}, {"start": 151, "normalized_form": null, "end": 154}, {"start": 155, "normalized_form": null, "end": 156}, {"start": 157, "normalized_form": null, "end": 166}, {"start": 167, "normalized_form": null, "end": 187}, {"start": 188, "normalized_form": null, "end": 191}, {"start": 192, "normalized_form": null, "end": 200}, {"start": 201, "normalized_form": null, "end": 204}, {"start": 206, "normalized_form": null, "end": 214}, {"start": 215, "normalized_form": null, "end": 221}, {"start": 222, "normalized_form": null, "end": 228}, {"start": 229, "normalized_form": null, "end": 231}, {"start": 232, "normalized_form": null, "end": 235}, {"start": 236, "normalized_form": null, "end": 245}, {"start": 246, "normalized_form": null, "end": 247}, {"start": 248, "normalized_form": null, "end": 251}, {"start": 252, "normalized_form": null, "end": 258}, {"start": 259, "normalized_form": null, "end": 264}, {"start": 265, "normalized_form": null, "end": 272}, {"start": 273, "normalized_form": null, "end": 274}, {"start": 275, "normalized_form": null, "end": 289}, {"start": 290, "normalized_form": null, "end": 295}, {"start": 296, "normalized_form": null, "end": 298}, {"start": 299, "normalized_form": null, "end": 305}, {"start": 306, "normalized_form": null, "end": 311}, {"start": 312, "normalized_form": null, "end": 313}, {"start": 314, "normalized_form": null, "end": 319}, {"start": 320, "normalized_form": null, "end": 323}, {"start": 324, "normalized_form": null, "end": 329}, {"start": 330, "normalized_form": null, "end": 332}, {"start": 333, "normalized_form": null, "end": 337}, {"start": 338, "normalized_form": null, "end": 339}, {"start": 341, "normalized_form": null, "end": 344}, {"start": 345, "normalized_form": null, "end": 349}, {"start": 350, "normalized_form": null, "end": 355}, {"start": 356, "normalized_form": null, "end": 363}, {"start": 364, "normalized_form": null, "end": 367}, {"start": 368, "normalized_form": null, "end": 371}, {"start": 372, "normalized_form": null, "end": 373}, {"start": 375, "normalized_form": null, "end": 379}, {"start": 380, "normalized_form": null, "end": 381}]}, {"enveloping": "words", "attributes": ["fix_types"], "name": "sentences", "parent": null, "_base": "sentences", "ambiguous": false, "spans": [{"fix_types": [], "_index_": [0, 1, 2, 3, 4]}, {"fix_types": ["abbrev_common", "parentheses"], "_index_": [5, 6, 7, 8, 9, 10, 11, 12, 13, 14, 15, 16, 17, 18]}, {"fix_types": ["double_newline_ending"], "_index_": [19, 20]}, {"fix_types": [], "_index_": [21, 22, 23]}, {"fix_types": [], "_index_": [24, 25, 26, 27]}, {"fix_types": [], "_index_": [28, 29, 30, 31, 32]}, {"fix_types": [], "_index_": [33, 34, 35, 36, 37, 38, 39, 40, 41, 42, 43, 44]}, {"fix_types": [], "_index_": [45, 46, 47, 48, 49, 50, 51, 52, 53, 54, 55, 56]}, {"fix_types": [], "_index_": [57, 58, 59, 60, 61, 62, 63]}, {"fix_types": [], "_index_": [64, 65]}]}, {"enveloping": "sentences", "attributes": [], "name": "paragraphs", "parent": null, "_base": "paragraphs", "ambiguous": false, "spans": [{"_index_": [0]}, {"_index_": [1]}, {"_index_": [2]}, {"_index_": [3]}, {"_index_": [4, 5]}, {"_index_": [6, 7]}, {"_index_": [8]}, {"_index_": [9]}]}, {"enveloping": "words", "attributes": ["type"], "name": "syntax_ignore", "parent": null, "_base": "syntax_ignore", "ambiguous": false, "spans": []}, {"enveloping": null, "attributes": ["lemma", "root", "root_tokens", "ending", "clitic", "form", "partofspeech"], "name": "morph_analysis", "parent": "words", "_base": "words", "ambiguous": true, "spans": [[{"root_tokens": ["kus"], "form": "", "clitic": "", "ending": "0", "end": 3, "root": "kus", "_index_": 0, "partofspeech": "D", "start": 0, "lemma": "kus"}], [{"root_tokens": ["koha"], "form": "sg el", "clitic": "", "ending": "st", "end": 10, "root": "koha", "_index_": 1, "partofspeech": "S", "start": 4, "lemma": "koha"}, {"root_tokens": ["koht"], "form": "sg el", "clitic": "", "ending": "st", "end": 10, "root": "koht", "_index_": 1, "partofspeech": "S", "start": 4, "lemma": "koht"}], [{"root_tokens": ["saa"], "form": "ks", "clitic": "", "ending": "ks", "end": 16, "root": "saa", "_index_": 2, "partofspeech": "V", "start": 11, "lemma": "saama"}], [{"root_tokens": ["silinder", "kaabu"], "form": "sg p", "clitic": "", "ending": "t", "end": 31, "root": "silinder_kaabu", "_index_": 3, "partofspeech": "S", "start": 17, "lemma": "silinderkaabu"}], [{"root_tokens": ["?"], "form": "", "clitic": "", "ending": "", "end": 33, "root": "?", "_index_": 4, "partofspeech": "Z", "start": 32, "lemma": "?"}], [{"root_tokens": ["kus"], "form": "", "clitic": "", "ending": "0", "end": 38, "root": "kus", "_index_": 5, "partofspeech": "D", "start": 35, "lemma": "kus"}], [{"root_tokens": ["koha"], "form": "sg el", "clitic": "", "ending": "st", "end": 45, "root": "koha", "_index_": 6, "partofspeech": "S", "start": 39, "lemma": "koha"}, {"root_tokens": ["koht"], "form": "sg el", "clitic": "", "ending": "st", "end": 45, "root": "koht", "_index_": 6, "partofspeech": "S", "start": 39, "lemma": "koht"}], [{"root_tokens": ["saa"], "form": "ks", "clitic": "", "ending": "ks", "end": 51, "root": "saa", "_index_": 7, "partofspeech": "V", "start": 46, "lemma": "saama"}], [{"root_tokens": ["ost"], "form": "da", "clitic": "", "ending": "a", "end": 56, "root": "ost", "_index_": 8, "partofspeech": "V", "start": 52, "lemma": "ostma"}], [{"root_tokens": ["silinder", "kaabu"], "form": "sg p", "clitic": "", "ending": "t", "end": 71, "root": "silinder_kaabu", "_index_": 9, "partofspeech": "S", "start": 57, "lemma": "silinderkaabu"}], [{"root_tokens": ["("], "form": "", "clitic": "", "ending": "", "end": 73, "root": "(", "_index_": 10, "partofspeech": "Z", "start": 72, "lemma": "("}], [{"root_tokens": ["ingl"], "form": "?", "clitic": "", "ending": "0", "end": 78, "root": "ingl", "_index_": 11, "partofspeech": "Y", "start": 74, "lemma": "ingl"}], [{"root_tokens": ["."], "form": "", "clitic": "", "ending": "", "end": 80, "root": ".", "_index_": 12, "partofspeech": "Z", "start": 79, "lemma": "."}], [{"root_tokens": ["k"], "form": "?", "clitic": "", "ending": "0", "end": 82, "root": "k", "_index_": 13, "partofspeech": "Y", "start": 81, "lemma": "k"}], [{"root_tokens": ["."], "form": "", "clitic": "", "ending": "", "end": 83, "root": ".", "_index_": 14, "partofspeech": "Z", "start": 82, "lemma": "."}], [{"root_tokens": ["stovepipe"], "form": "sg g", "clitic": "", "ending": "0", "end": 93, "root": "stovepipe", "_index_": 15, "partofspeech": "S", "start": 84, "lemma": "stovepipe"}], [{"root_tokens": ["hat"], "form": "sg n", "clitic": "", "ending": "0", "end": 97, "root": "hat", "_index_": 16, "partofspeech": "S", "start": 94, "lemma": "hat"}], [{"root_tokens": [")"], "form": "", "clitic": "", "ending": "", "end": 99, "root": ")", "_index_": 17, "partofspeech": "Z", "start": 98, "lemma": ")"}], [{"root_tokens": ["?"], "form": "", "clitic": "", "ending": "", "end": 101, "root": "?", "_index_": 18, "partofspeech": "Z", "start": 100, "lemma": "?"}], [{"root_tokens": ["küsi"], "form": "o", "clitic": "", "ending": "0", "end": 107, "root": "küsi", "_index_": 19, "partofspeech": "V", "start": 103, "lemma": "küsima"}], [{"root_tokens": ["triki", "mees"], "form": "sg abl", "clitic": "", "ending": "lt", "end": 119, "root": "triki_mees", "_index_": 20, "partofspeech": "S", "start": 108, "lemma": "trikimees"}], [{"root_tokens": ["emm"], "form": "sg n", "clitic": "", "ending": "0", "end": 124, "root": "emm", "_index_": 21, "partofspeech": "S", "start": 121, "lemma": "emm"}], [{"root_tokens": [".."], "form": "", "clitic": "", "ending": "", "end": 127, "root": "..", "_index_": 22, "partofspeech": "Z", "start": 125, "lemma": ".."}], [{"root_tokens": ["?"], "form": "", "clitic": "", "ending": "", "end": 129, "root": "?", "_index_": 23, "partofspeech": "Z", "start": 128, "lemma": "?"}], [{"root_tokens": ["karneval"], "form": "sg g", "clitic": "", "ending": "0", "end": 140, "root": "karneval", "_index_": 24, "partofspeech": "S", "start": 131, "lemma": "karneval"}], [{"root_tokens": ["pood"], "form": "pl el", "clitic": "", "ending": "dest", "end": 150, "root": "pood", "_index_": 25, "partofspeech": "S", "start": 141, "lemma": "pood"}], [{"root_tokens": ["ehk"], "form": "", "clitic": "", "ending": "0", "end": 154, "root": "ehk", "_index_": 26, "partofspeech": "J", "start": 151, "lemma": "ehk"}], [{"root_tokens": ["?"], "form": "", "clitic": "", "ending": "", "end": 156, "root": "?", "_index_": 27, "partofspeech": "Z", "start": 155, "lemma": "?"}], [{"root_tokens": ["laenuta"], "form": "da", "clitic": "", "ending": "da", "end": 166, "root": "laenuta", "_index_": 28, "partofspeech": "V", "start": 157, "lemma": "laenutama"}], [{"root_tokens": ["kostüümilaenutsus"], "form": "sg el", "clitic": "", "ending": "st", "end": 187, "root": "kostüümilaenu=tsus", "_index_": 29, "partofspeech": "S", "start": 167, "lemma": "kostüümilaenutsus"}], [{"root_tokens": ["või"], "form": "", "clitic": "", "ending": "0", "end": 191, "root": "või", "_index_": 30, "partofspeech": "J", "start": 188, "lemma": "või"}], [{"root_tokens": ["teater"], "form": "sg el", "clitic": "", "ending": "st", "end": 200, "root": "teater", "_index_": 31, "partofspeech": "S", "start": 192, "lemma": "teater"}], [{"root_tokens": ["..."], "form": "", "clitic": "", "ending": "", "end": 204, "root": "...", "_index_": 32, "partofspeech": "Z", "start": 201, "lemma": "..."}], [{"root_tokens": ["Stanford"], "form": "sg n", "clitic": "", "ending": "0", "end": 214, "root": "Stanford", "_index_": 33, "partofspeech": "H", "start": 206, "lemma": "Stanford"}], [{"root_tokens": ["Musicu"], "form": "sg g", "clitic": "", "ending": "0", "end": 221, "root": "Musicu", "_index_": 34, "partofspeech": "H", "start": 215, "lemma": "Musicu"}], [{"root_tokens": ["kõrval"], "form": "", "clitic": "", "ending": "0", "end": 228, "root": "kõrval", "_index_": 35, "partofspeech": "K", "start": 222, "lemma": "kõrval"}], [{"root_tokens": ["ole"], "form": "b", "clitic": "", "ending": "0", "end": 231, "root": "ole", "_index_": 36, "partofspeech": "V", "start": 229, "lemma": "olema"}, {"root_tokens": ["ole"], "form": "vad", "clitic": "", "ending": "0", "end": 231, "root": "ole", "_index_": 36, "partofspeech": "V", "start": 229, "lemma": "olema"}], [{"root_tokens": ["üks"], "form": "sg n", "clitic": "", "ending": "0", "end": 235, "root": "üks", "_index_": 37, "partofspeech": "N", "start": 232, "lemma": "üks"}, {"root_tokens": ["üks"], "form": "sg n", "clitic": "", "ending": "0", "end": 235, "root": "üks", "_index_": 37, "partofspeech": "P", "start": 232, "lemma": "üks"}], [{"root_tokens": ["kaabu", "pood"], "form": "sg n", "clitic": "", "ending": "0", "end": 245, "root": "kaabu_pood", "_index_": 38, "partofspeech": "S", "start": 236, "lemma": "kaabupood"}], [{"root_tokens": [","], "form": "", "clitic": "", "ending": "", "end": 247, "root": ",", "_index_": 39, "partofspeech": "Z", "start": 246, "lemma": ","}], [{"root_tokens": ["kui"], "form": "", "clitic": "", "ending": "0", "end": 251, "root": "kui", "_index_": 40, "partofspeech": "D", "start": 248, "lemma": "kui"}, {"root_tokens": ["kui"], "form": "", "clitic": "", "ending": "0", "end": 251, "root": "kui", "_index_": 40, "partofspeech": "J", "start": 248, "lemma": "kui"}], [{"root_tokens": ["sadam"], "form": "sg g", "clitic": "", "ending": "0", "end": 258, "root": "sadam", "_index_": 41, "partofspeech": "S", "start": 252, "lemma": "sadam"}], [{"root_tokens": ["poole"], "form": "", "clitic": "", "ending": "0", "end": 264, "root": "poole", "_index_": 42, "partofspeech": "K", "start": 259, "lemma": "poole"}], [{"root_tokens": ["kõndi"], "form": "da", "clitic": "", "ending": "da", "end": 272, "root": "kõndi", "_index_": 43, "partofspeech": "V", "start": 265, "lemma": "kõndima"}], [{"root_tokens": ["."], "form": "", "clitic": "", "ending": "", "end": 274, "root": ".", "_index_": 44, "partofspeech": "Z", "start": 273, "lemma": "."}], [{"root_tokens": ["silinder", "kaabu"], "form": "pl n", "clitic": "", "ending": "d", "end": 289, "root": "silinder_kaabu", "_index_": 45, "partofspeech": "S", "start": 275, "lemma": "silinderkaabu"}], [{"root_tokens": ["pida"], "form": "ks", "clitic": "", "ending": "ks", "end": 295, "root": "pida", "_index_": 46, "partofspeech": "V", "start": 290, "lemma": "pidama"}], [{"root_tokens": ["ka"], "form": "", "clitic": "", "ending": "0", "end": 298, "root": "ka", "_index_": 47, "partofspeech": "D", "start": 296, "lemma": "ka"}], [{"root_tokens": ["ole"], "form": "mas", "clitic": "", "ending": "mas", "end": 305, "root": "ole", "_index_": 48, "partofspeech": "V", "start": 299, "lemma": "olema"}], [{"root_tokens": ["ole"], "form": "ma", "clitic": "", "ending": "ma", "end": 311, "root": "ole", "_index_": 49, "partofspeech": "V", "start": 306, "lemma": "olema"}], [{"root_tokens": [","], "form": "", "clitic": "", "ending": "", "end": 313, "root": ",", "_index_": 50, "partofspeech": "Z", "start": 312, "lemma": ","}], [{"root_tokens": ["päris"], "form": "", "clitic": "", "ending": "0", "end": 319, "root": "päris", "_index_": 51, "partofspeech": "D", "start": 314, "lemma": "päris"}], [{"root_tokens": ["hea"], "form": "sg n", "clitic": "", "ending": "0", "end": 323, "root": "hea", "_index_": 52, "partofspeech": "A", "start": 320, "lemma": "hea"}], [{"root_tokens": ["valik"], "form": "sg n", "clitic": "", "ending": "0", "end": 329, "root": "valik", "_index_": 53, "partofspeech": "S", "start": 324, "lemma": "valik"}], [{"root_tokens": ["ole"], "form": "b", "clitic": "", "ending": "0", "end": 332, "root": "ole", "_index_": 54, "partofspeech": "V", "start": 330, "lemma": "olema"}, {"root_tokens": ["ole"], "form": "vad", "clitic": "", "ending": "0", "end": 332, "root": "ole", "_index_": 54, "partofspeech": "V", "start": 330, "lemma": "olema"}], [{"root_tokens": ["seal"], "form": "", "clitic": "", "ending": "0", "end": 337, "root": "seal", "_index_": 55, "partofspeech": "D", "start": 333, "lemma": "seal"}], [{"root_tokens": ["."], "form": "", "clitic": "", "ending": "", "end": 339, "root": ".", "_index_": 56, "partofspeech": "Z", "start": 338, "lemma": "."}], [{"root_tokens": ["ehk"], "form": "", "clitic": "", "ending": "0", "end": 344, "root": "ehk", "_index_": 57, "partofspeech": "D", "start": 341, "lemma": "ehk"}], [{"root_tokens": ["siis"], "form": "", "clitic": "", "ending": "0", "end": 349, "root": "siis", "_index_": 58, "partofspeech": "D", "start": 345, "lemma": "siis"}], [{"root_tokens": ["sealt"], "form": "", "clitic": "", "ending": "0", "end": 355, "root": "sealt", "_index_": 59, "partofspeech": "D", "start": 350, "lemma": "sealt"}], [{"root_tokens": ["surfi"], "form": "sg el", "clitic": "", "ending": "st", "end": 363, "root": "surfi", "_index_": 60, "partofspeech": "S", "start": 356, "lemma": "surfi"}, {"root_tokens": ["surf"], "form": "sg el", "clitic": "", "ending": "st", "end": 363, "root": "surf", "_index_": 60, "partofspeech": "S", "start": 356, "lemma": "surf"}], [{"root_tokens": ["üle"], "form": "", "clitic": "", "ending": "0", "end": 367, "root": "üle", "_index_": 61, "partofspeech": "D", "start": 364, "lemma": "üle"}], [{"root_tokens": ["tee"], "form": "sg n", "clitic": "", "ending": "0", "end": 371, "root": "tee", "_index_": 62, "partofspeech": "S", "start": 368, "lemma": "tee"}], [{"root_tokens": ["?"], "form": "", "clitic": "", "ending": "", "end": 373, "root": "?", "_index_": 63, "partofspeech": "Z", "start": 372, "lemma": "?"}], [{"root_tokens": ["just"], "form": "", "clitic": "", "ending": "0", "end": 379, "root": "just", "_index_": 64, "partofspeech": "D", "start": 375, "lemma": "just"}, {"root_tokens": ["just"], "form": "", "clitic": "", "ending": "0", "end": 379, "root": "just", "_index_": 64, "partofspeech": "I", "start": 375, "lemma": "just"}], [{"root_tokens": ["."], "form": "", "clitic": "", "ending": "", "end": 381, "root": ".", "_index_": 65, "partofspeech": "Z", "start": 380, "lemma": "."}]]}, {"enveloping": null, "attributes": ["lemma", "root", "root_tokens", "ending", "clitic", "form", "partofspeech"], "name": "gt_morph_analysis", "parent": "morph_analysis", "_base": "words", "ambiguous": true, "spans": [[{"root_tokens": ["kus"], "form": "", "clitic": "", "ending": "0", "end": 3, "root": "kus", "_index_": 0, "partofspeech": "D", "start": 0, "lemma": "kus"}], [{"root_tokens": ["koha"], "form": "Sg Ela", "clitic": "", "ending": "st", "end": 10, "root": "koha", "_index_": 1, "partofspeech": "S", "start": 4, "lemma": "koha"}, {"root_tokens": ["koht"], "form": "Sg Ela", "clitic": "", "ending": "st", "end": 10, "root": "koht", "_index_": 1, "partofspeech": "S", "start": 4, "lemma": "koht"}], [{"root_tokens": ["saa"], "form": "Pers Prs Cond", "clitic": "", "ending": "ks", "end": 16, "root": "saa", "_index_": 2, "partofspeech": "V", "start": 11, "lemma": "saama"}], [{"root_tokens": ["silinder", "kaabu"], "form": "Sg Par", "clitic": "", "ending": "t", "end": 31, "root": "silinder_kaabu", "_index_": 3, "partofspeech": "S", "start": 17, "lemma": "silinderkaabu"}], [{"root_tokens": ["?"], "form": "", "clitic": "", "ending": "", "end": 33, "root": "?", "_index_": 4, "partofspeech": "Z", "start": 32, "lemma": "?"}], [{"root_tokens": ["kus"], "form": "", "clitic": "", "ending": "0", "end": 38, "root": "kus", "_index_": 5, "partofspeech": "D", "start": 35, "lemma": "kus"}], [{"root_tokens": ["koha"], "form": "Sg Ela", "clitic": "", "ending": "st", "end": 45, "root": "koha", "_index_": 6, "partofspeech": "S", "start": 39, "lemma": "koha"}, {"root_tokens": ["koht"], "form": "Sg Ela", "clitic": "", "ending": "st", "end": 45, "root": "koht", "_index_": 6, "partofspeech": "S", "start": 39, "lemma": "koht"}], [{"root_tokens": ["saa"], "form": "Pers Prs Cond", "clitic": "", "ending": "ks", "end": 51, "root": "saa", "_index_": 7, "partofspeech": "V", "start": 46, "lemma": "saama"}], [{"root_tokens": ["ost"], "form": "Inf", "clitic": "", "ending": "a", "end": 56, "root": "ost", "_index_": 8, "partofspeech": "V", "start": 52, "lemma": "ostma"}], [{"root_tokens": ["silinder", "kaabu"], "form": "Sg Par", "clitic": "", "ending": "t", "end": 71, "root": "silinder_kaabu", "_index_": 9, "partofspeech": "S", "start": 57, "lemma": "silinderkaabu"}], [{"root_tokens": ["("], "form": "", "clitic": "", "ending": "", "end": 73, "root": "(", "_index_": 10, "partofspeech": "Z", "start": 72, "lemma": "("}], [{"root_tokens": ["ingl"], "form": "?", "clitic": "", "ending": "0", "end": 78, "root": "ingl", "_index_": 11, "partofspeech": "Y", "start": 74, "lemma": "ingl"}], [{"root_tokens": ["."], "form": "", "clitic": "", "ending": "", "end": 80, "root": ".", "_index_": 12, "partofspeech": "Z", "start": 79, "lemma": "."}], [{"root_tokens": ["k"], "form": "?", "clitic": "", "ending": "0", "end": 82, "root": "k", "_index_": 13, "partofspeech": "Y", "start": 81, "lemma": "k"}], [{"root_tokens": ["."], "form": "", "clitic": "", "ending": "", "end": 83, "root": ".", "_index_": 14, "partofspeech": "Z", "start": 82, "lemma": "."}], [{"root_tokens": ["stovepipe"], "form": "Sg Gen", "clitic": "", "ending": "0", "end": 93, "root": "stovepipe", "_index_": 15, "partofspeech": "S", "start": 84, "lemma": "stovepipe"}], [{"root_tokens": ["hat"], "form": "Sg Nom", "clitic": "", "ending": "0", "end": 97, "root": "hat", "_index_": 16, "partofspeech": "S", "start": 94, "lemma": "hat"}], [{"root_tokens": [")"], "form": "", "clitic": "", "ending": "", "end": 99, "root": ")", "_index_": 17, "partofspeech": "Z", "start": 98, "lemma": ")"}], [{"root_tokens": ["?"], "form": "", "clitic": "", "ending": "", "end": 101, "root": "?", "_index_": 18, "partofspeech": "Z", "start": 100, "lemma": "?"}], [{"root_tokens": ["küsi"], "form": "Pers Prs Imprt Sg 2", "clitic": "", "ending": "0", "end": 107, "root": "küsi", "_index_": 19, "partofspeech": "V", "start": 103, "lemma": "küsima"}], [{"root_tokens": ["triki", "mees"], "form": "Sg Abl", "clitic": "", "ending": "lt", "end": 119, "root": "triki_mees", "_index_": 20, "partofspeech": "S", "start": 108, "lemma": "trikimees"}], [{"root_tokens": ["emm"], "form": "Sg Nom", "clitic": "", "ending": "0", "end": 124, "root": "emm", "_index_": 21, "partofspeech": "S", "start": 121, "lemma": "emm"}], [{"root_tokens": [".."], "form": "", "clitic": "", "ending": "", "end": 127, "root": "..", "_index_": 22, "partofspeech": "Z", "start": 125, "lemma": ".."}], [{"root_tokens": ["?"], "form": "", "clitic": "", "ending": "", "end": 129, "root": "?", "_index_": 23, "partofspeech": "Z", "start": 128, "lemma": "?"}], [{"root_tokens": ["karneval"], "form": "Sg Gen", "clitic": "", "ending": "0", "end": 140, "root": "karneval", "_index_": 24, "partofspeech": "S", "start": 131, "lemma": "karneval"}], [{"root_tokens": ["pood"], "form": "Pl Ela", "clitic": "", "ending": "dest", "end": 150, "root": "pood", "_index_": 25, "partofspeech": "S", "start": 141, "lemma": "pood"}], [{"root_tokens": ["ehk"], "form": "", "clitic": "", "ending": "0", "end": 154, "root": "ehk", "_index_": 26, "partofspeech": "J", "start": 151, "lemma": "ehk"}], [{"root_tokens": ["?"], "form": "", "clitic": "", "ending": "", "end": 156, "root": "?", "_index_": 27, "partofspeech": "Z", "start": 155, "lemma": "?"}], [{"root_tokens": ["laenuta"], "form": "Inf", "clitic": "", "ending": "da", "end": 166, "root": "laenuta", "_index_": 28, "partofspeech": "V", "start": 157, "lemma": "laenutama"}], [{"root_tokens": ["kostüümilaenutsus"], "form": "Sg Ela", "clitic": "", "ending": "st", "end": 187, "root": "kostüümilaenu=tsus", "_index_": 29, "partofspeech": "S", "start": 167, "lemma": "kostüümilaenutsus"}], [{"root_tokens": ["või"], "form": "", "clitic": "", "ending": "0", "end": 191, "root": "või", "_index_": 30, "partofspeech": "J", "start": 188, "lemma": "või"}], [{"root_tokens": ["teater"], "form": "Sg Ela", "clitic": "", "ending": "st", "end": 200, "root": "teater", "_index_": 31, "partofspeech": "S", "start": 192, "lemma": "teater"}], [{"root_tokens": ["..."], "form": "", "clitic": "", "ending": "", "end": 204, "root": "...", "_index_": 32, "partofspeech": "Z", "start": 201, "lemma": "..."}], [{"root_tokens": ["Stanford"], "form": "Sg Nom", "clitic": "", "ending": "0", "end": 214, "root": "Stanford", "_index_": 33, "partofspeech": "H", "start": 206, "lemma": "Stanford"}], [{"root_tokens": ["Musicu"], "form": "Sg Gen", "clitic": "", "ending": "0", "end": 221, "root": "Musicu", "_index_": 34, "partofspeech": "H", "start": 215, "lemma": "Musicu"}], [{"root_tokens": ["kõrval"], "form": "", "clitic": "", "ending": "0", "end": 228, "root": "kõrval", "_index_": 35, "partofspeech": "K", "start": 222, "lemma": "kõrval"}], [{"root_tokens": ["ole"], "form": "Pers Prs Ind Sg 3 Aff", "clitic": "", "ending": "0", "end": 231, "root": "ole", "_index_": 36, "partofspeech": "V", "start": 229, "lemma": "olema"}, {"root_tokens": ["ole"], "form": "Pers Prs Ind Pl 3 Aff", "clitic": "", "ending": "0", "end": 231, "root": "ole", "_index_": 36, "partofspeech": "V", "start": 229, "lemma": "olema"}], [{"root_tokens": ["üks"], "form": "Sg Nom", "clitic": "", "ending": "0", "end": 235, "root": "üks", "_index_": 37, "partofspeech": "N", "start": 232, "lemma": "üks"}, {"root_tokens": ["üks"], "form": "Sg Nom", "clitic": "", "ending": "0", "end": 235, "root": "üks", "_index_": 37, "partofspeech": "P", "start": 232, "lemma": "üks"}], [{"root_tokens": ["kaabu", "pood"], "form": "Sg Nom", "clitic": "", "ending": "0", "end": 245, "root": "kaabu_pood", "_index_": 38, "partofspeech": "S", "start": 236, "lemma": "kaabupood"}], [{"root_tokens": [","], "form": "", "clitic": "", "ending": "", "end": 247, "root": ",", "_index_": 39, "partofspeech": "Z", "start": 246, "lemma": ","}], [{"root_tokens": ["kui"], "form": "", "clitic": "", "ending": "0", "end": 251, "root": "kui", "_index_": 40, "partofspeech": "D", "start": 248, "lemma": "kui"}, {"root_tokens": ["kui"], "form": "", "clitic": "", "ending": "0", "end": 251, "root": "kui", "_index_": 40, "partofspeech": "J", "start": 248, "lemma": "kui"}], [{"root_tokens": ["sadam"], "form": "Sg Gen", "clitic": "", "ending": "0", "end": 258, "root": "sadam", "_index_": 41, "partofspeech": "S", "start": 252, "lemma": "sadam"}], [{"root_tokens": ["poole"], "form": "", "clitic": "", "ending": "0", "end": 264, "root": "poole", "_index_": 42, "partofspeech": "K", "start": 259, "lemma": "poole"}], [{"root_tokens": ["kõndi"], "form": "Inf", "clitic": "", "ending": "da", "end": 272, "root": "kõndi", "_index_": 43, "partofspeech": "V", "start": 265, "lemma": "kõndima"}], [{"root_tokens": ["."], "form": "", "clitic": "", "ending": "", "end": 274, "root": ".", "_index_": 44, "partofspeech": "Z", "start": 273, "lemma": "."}], [{"root_tokens": ["silinder", "kaabu"], "form": "Pl Nom", "clitic": "", "ending": "d", "end": 289, "root": "silinder_kaabu", "_index_": 45, "partofspeech": "S", "start": 275, "lemma": "silinderkaabu"}], [{"root_tokens": ["pida"], "form": "Pers Prs Cond", "clitic": "", "ending": "ks", "end": 295, "root": "pida", "_index_": 46, "partofspeech": "V", "start": 290, "lemma": "pidama"}], [{"root_tokens": ["ka"], "form": "", "clitic": "", "ending": "0", "end": 298, "root": "ka", "_index_": 47, "partofspeech": "D", "start": 296, "lemma": "ka"}], [{"root_tokens": ["ole"], "form": "Pers Sup Ine", "clitic": "", "ending": "mas", "end": 305, "root": "ole", "_index_": 48, "partofspeech": "V", "start": 299, "lemma": "olema"}], [{"root_tokens": ["ole"], "form": "Pers Sup Ill", "clitic": "", "ending": "ma", "end": 311, "root": "ole", "_index_": 49, "partofspeech": "V", "start": 306, "lemma": "olema"}], [{"root_tokens": [","], "form": "", "clitic": "", "ending": "", "end": 313, "root": ",", "_index_": 50, "partofspeech": "Z", "start": 312, "lemma": ","}], [{"root_tokens": ["päris"], "form": "", "clitic": "", "ending": "0", "end": 319, "root": "päris", "_index_": 51, "partofspeech": "D", "start": 314, "lemma": "päris"}], [{"root_tokens": ["hea"], "form": "Sg Nom", "clitic": "", "ending": "0", "end": 323, "root": "hea", "_index_": 52, "partofspeech": "A", "start": 320, "lemma": "hea"}], [{"root_tokens": ["valik"], "form": "Sg Nom", "clitic": "", "ending": "0", "end": 329, "root": "valik", "_index_": 53, "partofspeech": "S", "start": 324, "lemma": "valik"}], [{"root_tokens": ["ole"], "form": "Pers Prs Ind Sg 3 Aff", "clitic": "", "ending": "0", "end": 332, "root": "ole", "_index_": 54, "partofspeech": "V", "start": 330, "lemma": "olema"}, {"root_tokens": ["ole"], "form": "Pers Prs Ind Pl 3 Aff", "clitic": "", "ending": "0", "end": 332, "root": "ole", "_index_": 54, "partofspeech": "V", "start": 330, "lemma": "olema"}], [{"root_tokens": ["seal"], "form": "", "clitic": "", "ending": "0", "end": 337, "root": "seal", "_index_": 55, "partofspeech": "D", "start": 333, "lemma": "seal"}], [{"root_tokens": ["."], "form": "", "clitic": "", "ending": "", "end": 339, "root": ".", "_index_": 56, "partofspeech": "Z", "start": 338, "lemma": "."}], [{"root_tokens": ["ehk"], "form": "", "clitic": "", "ending": "0", "end": 344, "root": "ehk", "_index_": 57, "partofspeech": "D", "start": 341, "lemma": "ehk"}], [{"root_tokens": ["siis"], "form": "", "clitic": "", "ending": "0", "end": 349, "root": "siis", "_index_": 58, "partofspeech": "D", "start": 345, "lemma": "siis"}], [{"root_tokens": ["sealt"], "form": "", "clitic": "", "ending": "0", "end": 355, "root": "sealt", "_index_": 59, "partofspeech": "D", "start": 350, "lemma": "sealt"}], [{"root_tokens": ["surfi"], "form": "Sg Ela", "clitic": "", "ending": "st", "end": 363, "root": "surfi", "_index_": 60, "partofspeech": "S", "start": 356, "lemma": "surfi"}, {"root_tokens": ["surf"], "form": "Sg Ela", "clitic": "", "ending": "st", "end": 363, "root": "surf", "_index_": 60, "partofspeech": "S", "start": 356, "lemma": "surf"}], [{"root_tokens": ["üle"], "form": "", "clitic": "", "ending": "0", "end": 367, "root": "üle", "_index_": 61, "partofspeech": "D", "start": 364, "lemma": "üle"}], [{"root_tokens": ["tee"], "form": "Sg Nom", "clitic": "", "ending": "0", "end": 371, "root": "tee", "_index_": 62, "partofspeech": "S", "start": 368, "lemma": "tee"}], [{"root_tokens": ["?"], "form": "", "clitic": "", "ending": "", "end": 373, "root": "?", "_index_": 63, "partofspeech": "Z", "start": 372, "lemma": "?"}], [{"root_tokens": ["just"], "form": "", "clitic": "", "ending": "0", "end": 379, "root": "just", "_index_": 64, "partofspeech": "D", "start": 375, "lemma": "just"}, {"root_tokens": ["just"], "form": "", "clitic": "", "ending": "0", "end": 379, "root": "just", "_index_": 64, "partofspeech": "I", "start": 375, "lemma": "just"}], [{"root_tokens": ["."], "form": "", "clitic": "", "ending": "", "end": 381, "root": ".", "_index_": 65, "partofspeech": "Z", "start": 380, "lemma": "."}]]}, {"enveloping": null, "attributes": [], "name": "tokens", "parent": null, "_base": "tokens", "ambiguous": false, "spans": [{"start": 0, "end": 3}, {"start": 4, "end": 10}, {"start": 11, "end": 16}, {"start": 17, "end": 31}, {"start": 32, "end": 33}, {"start": 35, "end": 38}, {"start": 39, "end": 45}, {"start": 46, "end": 51}, {"start": 52, "end": 56}, {"start": 57, "end": 71}, {"start": 72, "end": 73}, {"start": 74, "end": 78}, {"start": 79, "end": 80}, {"start": 81, "end": 82}, {"start": 82, "end": 83}, {"start": 84, "end": 93}, {"start": 94, "end": 97}, {"start": 98, "end": 99}, {"start": 100, "end": 101}, {"start": 103, "end": 107}, {"start": 108, "end": 119}, {"start": 121, "end": 124}, {"start": 125, "end": 127}, {"start": 128, "end": 129}, {"start": 131, "end": 140}, {"start": 141, "end": 150}, {"start": 151, "end": 154}, {"start": 155, "end": 156}, {"start": 157, "end": 166}, {"start": 167, "end": 187}, {"start": 188, "end": 191}, {"start": 192, "end": 200}, {"start": 201, "end": 204}, {"start": 206, "end": 214}, {"start": 215, "end": 221}, {"start": 222, "end": 228}, {"start": 229, "end": 231}, {"start": 232, "end": 235}, {"start": 236, "end": 245}, {"start": 246, "end": 247}, {"start": 248, "end": 251}, {"start": 252, "end": 258}, {"start": 259, "end": 264}, {"start": 265, "end": 272}, {"start": 273, "end": 274}, {"start": 275, "end": 289}, {"start": 290, "end": 295}, {"start": 296, "end": 298}, {"start": 299, "end": 305}, {"start": 306, "end": 311}, {"start": 312, "end": 313}, {"start": 314, "end": 319}, {"start": 320, "end": 323}, {"start": 324, "end": 329}, {"start": 330, "end": 332}, {"start": 333, "end": 337}, {"start": 338, "end": 339}, {"start": 341, "end": 344}, {"start": 345, "end": 349}, {"start": 350, "end": 355}, {"start": 356, "end": 363}, {"start": 364, "end": 367}, {"start": 368, "end": 371}, {"start": 372, "end": 373}, {"start": 375, "end": 379}, {"start": 380, "end": 381}]}, {"enveloping": "tokens", "attributes": ["type", "normalized"], "name": "compound_tokens", "parent": null, "_base": "compound_tokens", "ambiguous": false, "spans": []}], "meta": {"subcorpus": "netifoorum", "type": "teema", "title": "Kus kohast saaks silinderkaabut ? - 01. leht ( Planet Foorumid - Varia - Südamelt ära )", "alamfoorum": "Südamelt_ära"}, "text": "Kus kohast saaks silinderkaabut ?\n\nKus kohast saaks osta silinderkaabut ( ingl .\nk. stovepipe hat ) ?\n\nKüsi Trikimehelt\n\nemm .. ?\n\nKarnevali poodidest ehk ?\nLaenutada kostüümilaenutsusest või teatrist ...\n\nStanford Musicu kõrval on üks kaabupood , kui sadama poole kõndida .\nSilinderkaabud peaks ka olemas olema , päris hea valik on seal .\n\nEhk siis sealt surfist üle tee ?\n\nJust ."}