{"meta": {"alamfoorum": "Teadus_ja_fantaasia", "subcorpus": "netifoorum", "type": "teema", "title": "« mina » paiknemine ajus - 02. leht ( Planet Foorumid - Tehnoloogia - Teadus ja fantaasia )"}, "text": "inimesed on ainukesed elusolendid Maal kes on suutelised oma aju uurima", "layers": [{"spans": [{"end": 8, "start": 0}, {"end": 11, "start": 9}, {"end": 21, "start": 12}, {"end": 33, "start": 22}, {"end": 38, "start": 34}, {"end": 42, "start": 39}, {"end": 45, "start": 43}, {"end": 56, "start": 46}, {"end": 60, "start": 57}, {"end": 64, "start": 61}, {"end": 71, "start": 65}], "parent": null, "name": "tokens", "_base": "tokens", "ambiguous": false, "enveloping": null, "attributes": []}, {"spans": [], "parent": null, "name": "compound_tokens", "_base": "compound_tokens", "ambiguous": false, "enveloping": "tokens", "attributes": ["type", "normalized"]}, {"spans": [{"normalized_form": null, "end": 8, "start": 0}, {"normalized_form": null, "end": 11, "start": 9}, {"normalized_form": null, "end": 21, "start": 12}, {"normalized_form": null, "end": 33, "start": 22}, {"normalized_form": null, "end": 38, "start": 34}, {"normalized_form": null, "end": 42, "start": 39}, {"normalized_form": null, "end": 45, "start": 43}, {"normalized_form": null, "end": 56, "start": 46}, {"normalized_form": null, "end": 60, "start": 57}, {"normalized_form": null, "end": 64, "start": 61}, {"normalized_form": null, "end": 71, "start": 65}], "parent": null, "name": "words", "_base": "words", "ambiguous": false, "enveloping": null, "attributes": ["normalized_form"]}, {"spans": [[{"lemma": "inimene", "form": "pl n", "ending": "d", "clitic": "", "start": 0, "root_tokens": ["inimene"], "_index_": 0, "end": 8, "partofspeech": "S", "root": "inimene"}], [{"lemma": "olema", "form": "b", "ending": "0", "clitic": "", "start": 9, "root_tokens": ["ole"], "_index_": 1, "end": 11, "partofspeech": "V", "root": "ole"}, {"lemma": "olema", "form": "vad", "ending": "0", "clitic": "", "start": 9, "root_tokens": ["ole"], "_index_": 1, "end": 11, "partofspeech": "V", "root": "ole"}], [{"lemma": "ainuke", "form": "pl n", "ending": "d", "clitic": "", "start": 12, "root_tokens": ["ainuke"], "_index_": 2, "end": 21, "partofspeech": "A", "root": "ainuke"}, {"lemma": "ainukene", "form": "pl n", "ending": "d", "clitic": "", "start": 12, "root_tokens": ["ainukene"], "_index_": 2, "end": 21, "partofspeech": "A", "root": "ainukene"}], [{"lemma": "elusolend", "form": "pl n", "ending": "d", "clitic": "", "start": 22, "root_tokens": ["elus", "olend"], "_index_": 3, "end": 33, "partofspeech": "S", "root": "elus_olend"}], [{"lemma": "Maa", "form": "sg ad", "ending": "l", "clitic": "", "start": 34, "root_tokens": ["Maa"], "_index_": 4, "end": 38, "partofspeech": "H", "root": "Maa"}], [{"lemma": "kes", "form": "pl n", "ending": "0", "clitic": "", "start": 39, "root_tokens": ["kes"], "_index_": 5, "end": 42, "partofspeech": "P", "root": "kes"}, {"lemma": "kes", "form": "sg n", "ending": "0", "clitic": "", "start": 39, "root_tokens": ["kes"], "_index_": 5, "end": 42, "partofspeech": "P", "root": "kes"}], [{"lemma": "olema", "form": "b", "ending": "0", "clitic": "", "start": 43, "root_tokens": ["ole"], "_index_": 6, "end": 45, "partofspeech": "V", "root": "ole"}, {"lemma": "olema", "form": "vad", "ending": "0", "clitic": "", "start": 43, "root_tokens": ["ole"], "_index_": 6, "end": 45, "partofspeech": "V", "root": "ole"}], [{"lemma": "suuteline", "form": "pl n", "ending": "d", "clitic": "", "start": 46, "root_tokens": ["suuteline"], "_index_": 7, "end": 56, "partofspeech": "A", "root": "suuteline"}], [{"lemma": "oma", "form": "sg g", "ending": "0", "clitic": "", "start": 57, "root_tokens": ["oma"], "_index_": 8, "end": 60, "partofspeech": "P", "root": "oma"}], [{"lemma": "aju", "form": "sg p", "ending": "0", "clitic": "", "start": 61, "root_tokens": ["aju"], "_index_": 9, "end": 64, "partofspeech": "S", "root": "aju"}], [{"lemma": "uurima", "form": "ma", "ending": "ma", "clitic": "", "start": 65, "root_tokens": ["uuri"], "_index_": 10, "end": 71, "partofspeech": "V", "root": "uuri"}]], "parent": "words", "name": "morph_analysis", "_base": "words", "ambiguous": true, "enveloping": null, "attributes": ["lemma", "root", "root_tokens", "ending", "clitic", "form", "partofspeech"]}, {"spans": [[{"lemma": "inimene", "form": "Pl Nom", "ending": "d", "clitic": "", "start": 0, "root_tokens": ["inimene"], "_index_": 0, "end": 8, "partofspeech": "S", "root": "inimene"}], [{"lemma": "olema", "form": "Pers Prs Ind Sg 3 Aff", "ending": "0", "clitic": "", "start": 9, "root_tokens": ["ole"], "_index_": 1, "end": 11, "partofspeech": "V", "root": "ole"}, {"lemma": "olema", "form": "Pers Prs Ind Pl 3 Aff", "ending": "0", "clitic": "", "start": 9, "root_tokens": ["ole"], "_index_": 1, "end": 11, "partofspeech": "V", "root": "ole"}], [{"lemma": "ainuke", "form": "Pl Nom", "ending": "d", "clitic": "", "start": 12, "root_tokens": ["ainuke"], "_index_": 2, "end": 21, "partofspeech": "A", "root": "ainuke"}, {"lemma": "ainukene", "form": "Pl Nom", "ending": "d", "clitic": "", "start": 12, "root_tokens": ["ainukene"], "_index_": 2, "end": 21, "partofspeech": "A", "root": "ainukene"}], [{"lemma": "elusolend", "form": "Pl Nom", "ending": "d", "clitic": "", "start": 22, "root_tokens": ["elus", "olend"], "_index_": 3, "end": 33, "partofspeech": "S", "root": "elus_olend"}], [{"lemma": "Maa", "form": "Sg Ade", "ending": "l", "clitic": "", "start": 34, "root_tokens": ["Maa"], "_index_": 4, "end": 38, "partofspeech": "H", "root": "Maa"}], [{"lemma": "kes", "form": "Pl Nom", "ending": "0", "clitic": "", "start": 39, "root_tokens": ["kes"], "_index_": 5, "end": 42, "partofspeech": "P", "root": "kes"}, {"lemma": "kes", "form": "Sg Nom", "ending": "0", "clitic": "", "start": 39, "root_tokens": ["kes"], "_index_": 5, "end": 42, "partofspeech": "P", "root": "kes"}], [{"lemma": "olema", "form": "Pers Prs Ind Sg 3 Aff", "ending": "0", "clitic": "", "start": 43, "root_tokens": ["ole"], "_index_": 6, "end": 45, "partofspeech": "V", "root": "ole"}, {"lemma": "olema", "form": "Pers Prs Ind Pl 3 Aff", "ending": "0", "clitic": "", "start": 43, "root_tokens": ["ole"], "_index_": 6, "end": 45, "partofspeech": "V", "root": "ole"}], [{"lemma": "suuteline", "form": "Pl Nom", "ending": "d", "clitic": "", "start": 46, "root_tokens": ["suuteline"], "_index_": 7, "end": 56, "partofspeech": "A", "root": "suuteline"}], [{"lemma": "oma", "form": "Sg Gen", "ending": "0", "clitic": "", "start": 57, "root_tokens": ["oma"], "_index_": 8, "end": 60, "partofspeech": "P", "root": "oma"}], [{"lemma": "aju", "form": "Sg Par", "ending": "0", "clitic": "", "start": 61, "root_tokens": ["aju"], "_index_": 9, "end": 64, "partofspeech": "S", "root": "aju"}], [{"lemma": "uurima", "form": "Pers Sup Ill", "ending": "ma", "clitic": "", "start": 65, "root_tokens": ["uuri"], "_index_": 10, "end": 71, "partofspeech": "V", "root": "uuri"}]], "parent": "morph_analysis", "name": "gt_morph_analysis", "_base": "words", "ambiguous": true, "enveloping": null, "attributes": ["lemma", "root", "root_tokens", "ending", "clitic", "form", "partofspeech"]}, {"spans": [], "parent": null, "name": "syntax_ignore", "_base": "syntax_ignore", "ambiguous": false, "enveloping": "words", "attributes": ["type"]}, {"spans": [{"fix_types": [], "_index_": [0, 1, 2, 3, 4, 5, 6, 7, 8, 9, 10]}], "parent": null, "name": "sentences", "_base": "sentences", "ambiguous": false, "enveloping": "words", "attributes": ["fix_types"]}, {"spans": [{"_index_": [0]}], "parent": null, "name": "paragraphs", "_base": "paragraphs", "ambiguous": false, "enveloping": "sentences", "attributes": []}]}