{"layers": [{"enveloping": null, "attributes": ["normalized_form"], "name": "words", "parent": null, "_base": "words", "ambiguous": false, "spans": [{"start": 0, "normalized_form": null, "end": 7}, {"start": 8, "normalized_form": null, "end": 15}, {"start": 16, "normalized_form": null, "end": 20}, {"start": 21, "normalized_form": null, "end": 22}, {"start": 23, "normalized_form": null, "end": 27}, {"start": 28, "normalized_form": null, "end": 34}, {"start": 35, "normalized_form": null, "end": 39}, {"start": 40, "normalized_form": null, "end": 44}, {"start": 44, "normalized_form": null, "end": 45}, {"start": 45, "normalized_form": null, "end": 47}, {"start": 48, "normalized_form": null, "end": 52}, {"start": 53, "normalized_form": null, "end": 57}, {"start": 58, "normalized_form": null, "end": 68}, {"start": 69, "normalized_form": null, "end": 73}, {"start": 75, "normalized_form": null, "end": 80}, {"start": 81, "normalized_form": null, "end": 83}, {"start": 84, "normalized_form": null, "end": 89}, {"start": 90, "normalized_form": null, "end": 98}, {"start": 99, "normalized_form": null, "end": 101}, {"start": 102, "normalized_form": null, "end": 103}, {"start": 104, "normalized_form": null, "end": 106}, {"start": 107, "normalized_form": null, "end": 111}, {"start": 112, "normalized_form": null, "end": 120}, {"start": 121, "normalized_form": null, "end": 128}, {"start": 129, "normalized_form": null, "end": 133}, {"start": 134, "normalized_form": null, "end": 145}, {"start": 145, "normalized_form": null, "end": 146}, {"start": 146, "normalized_form": null, "end": 148}, {"start": 149, "normalized_form": null, "end": 153}, {"start": 154, "normalized_form": null, "end": 156}, {"start": 157, "normalized_form": null, "end": 162}, {"start": 163, "normalized_form": null, "end": 164}, {"start": 165, "normalized_form": null, "end": 167}, {"start": 168, "normalized_form": null, "end": 175}, {"start": 176, "normalized_form": null, "end": 181}, {"start": 182, "normalized_form": null, "end": 183}]}, {"enveloping": "words", "attributes": ["fix_types"], "name": "sentences", "parent": null, "_base": "sentences", "ambiguous": false, "spans": [{"fix_types": [], "_index_": [0, 1, 2, 3, 4, 5, 6, 7, 8]}, {"fix_types": ["double_newline_ending"], "_index_": [9, 10, 11, 12, 13]}, {"fix_types": [], "_index_": [14, 15, 16, 17, 18, 19, 20, 21, 22, 23, 24, 25, 26]}, {"fix_types": [], "_index_": [27, 28, 29, 30, 31, 32, 33, 34, 35]}]}, {"enveloping": "sentences", "attributes": [], "name": "paragraphs", "parent": null, "_base": "paragraphs", "ambiguous": false, "spans": [{"_index_": [0, 1]}, {"_index_": [2, 3]}]}, {"enveloping": "words", "attributes": ["type"], "name": "syntax_ignore", "parent": null, "_base": "syntax_ignore", "ambiguous": false, "spans": []}, {"enveloping": null, "attributes": ["lemma", "root", "root_tokens", "ending", "clitic", "form", "partofspeech"], "name": "morph_analysis", "parent": "words", "_base": "words", "ambiguous": true, "spans": [[{"root_tokens": ["vaim"], "form": "pl g", "clitic": "", "ending": "de", "end": 7, "root": "vaim", "_index_": 0, "partofspeech": "S", "start": 0, "lemma": "vaim"}], [{"root_tokens": ["vesinik"], "form": "sg n", "clitic": "", "ending": "0", "end": 15, "root": "vesinik", "_index_": 1, "partofspeech": "S", "start": 8, "lemma": "vesinik"}], [{"root_tokens": ["pomm"], "form": "sg n", "clitic": "", "ending": "0", "end": 20, "root": "pomm", "_index_": 2, "partofspeech": "S", "start": 16, "lemma": "pomm"}], [{"root_tokens": [","], "form": "", "clitic": "", "ending": "", "end": 22, "root": ",", "_index_": 3, "partofspeech": "Z", "start": 21, "lemma": ","}], [{"root_tokens": ["see"], "form": "sg p", "clitic": "", "ending": "da", "end": 27, "root": "see", "_index_": 4, "partofspeech": "P", "start": 23, "lemma": "see"}], [{"root_tokens": ["taht"], "form": "ks", "clitic": "", "ending": "ks", "end": 34, "root": "taht", "_index_": 5, "partofspeech": "V", "start": 28, "lemma": "tahtma"}], [{"root_tokens": ["küll"], "form": "", "clitic": "", "ending": "0", "end": 39, "root": "küll", "_index_": 6, "partofspeech": "D", "start": 35, "lemma": "küll"}], [{"root_tokens": ["näge"], "form": "da", "clitic": "", "ending": "a", "end": 44, "root": "näge", "_index_": 7, "partofspeech": "V", "start": 40, "lemma": "nägema"}], [{"root_tokens": ["."], "form": "", "clitic": "", "ending": "", "end": 45, "root": ".", "_index_": 8, "partofspeech": "Z", "start": 44, "lemma": "."}], [{"root_tokens": ["ah"], "form": "", "clitic": "", "ending": "0", "end": 47, "root": "ah", "_index_": 9, "partofspeech": "D", "start": 45, "lemma": "ah"}], [{"root_tokens": ["see"], "form": "sg p", "clitic": "", "ending": "da", "end": 52, "root": "see", "_index_": 10, "partofspeech": "P", "start": 48, "lemma": "see"}], [{"root_tokens": ["see"], "form": "pl n", "clitic": "", "ending": "d", "end": 57, "root": "see", "_index_": 11, "partofspeech": "P", "start": 53, "lemma": "see"}], [{"root_tokens": ["virmalised"], "form": "pl n", "clitic": "", "ending": "d", "end": 68, "root": "virmalised", "_index_": 12, "partofspeech": "S", "start": 58, "lemma": "virmalised"}], [{"root_tokens": ["ole"], "form": "b", "clitic": "gi", "ending": "0", "end": 73, "root": "ole", "_index_": 13, "partofspeech": "V", "start": 69, "lemma": "olema"}, {"root_tokens": ["ole"], "form": "vad", "clitic": "gi", "ending": "0", "end": 73, "root": "ole", "_index_": 13, "partofspeech": "V", "start": 69, "lemma": "olema"}], [{"root_tokens": ["muidu"], "form": "", "clitic": "", "ending": "0", "end": 80, "root": "muidu", "_index_": 14, "partofspeech": "D", "start": 75, "lemma": "muidu"}], [{"root_tokens": ["ole"], "form": "b", "clitic": "", "ending": "0", "end": 83, "root": "ole", "_index_": 15, "partofspeech": "V", "start": 81, "lemma": "olema"}, {"root_tokens": ["ole"], "form": "vad", "clitic": "", "ending": "0", "end": 83, "root": "ole", "_index_": 15, "partofspeech": "V", "start": 81, "lemma": "olema"}], [{"root_tokens": ["üpris"], "form": "", "clitic": "", "ending": "0", "end": 89, "root": "üpris", "_index_": 16, "partofspeech": "D", "start": 84, "lemma": "üpris"}], [{"root_tokens": ["võimalik"], "form": "sg n", "clitic": "", "ending": "0", "end": 98, "root": "võimalik", "_index_": 17, "partofspeech": "A", "start": 90, "lemma": "võimalik"}], [{"root_tokens": ["ju"], "form": "", "clitic": "", "ending": "0", "end": 101, "root": "ju", "_index_": 18, "partofspeech": "D", "start": 99, "lemma": "ju"}], [{"root_tokens": [","], "form": "", "clitic": "", "ending": "", "end": 103, "root": ",", "_index_": 19, "partofspeech": "Z", "start": 102, "lemma": ","}], [{"root_tokens": ["et"], "form": "", "clitic": "", "ending": "0", "end": 106, "root": "et", "_index_": 20, "partofspeech": "J", "start": 104, "lemma": "et"}], [{"root_tokens": ["mõni"], "form": "sg n", "clitic": "", "ending": "0", "end": 111, "root": "mõni", "_index_": 21, "partofspeech": "P", "start": 107, "lemma": "mõni"}], [{"root_tokens": ["morgoth"], "form": "adt", "clitic": "", "ending": "0", "end": 120, "root": "morgoth", "_index_": 22, "partofspeech": "S", "start": 112, "lemma": "morgoth"}], [{"root_tokens": ["taoline"], "form": "sg n", "clitic": "", "ending": "0", "end": 128, "root": "taoline", "_index_": 23, "partofspeech": "A", "start": 121, "lemma": "taoline"}], [{"root_tokens": ["vaim"], "form": "sg n", "clitic": "", "ending": "0", "end": 133, "root": "vaim", "_index_": 24, "partofspeech": "S", "start": 129, "lemma": "vaim"}], [{"root_tokens": ["eksisteeri"], "form": "b", "clitic": "", "ending": "b", "end": 145, "root": "eksisteeri", "_index_": 25, "partofspeech": "V", "start": 134, "lemma": "eksisteerima"}], [{"root_tokens": ["."], "form": "", "clitic": "", "ending": "", "end": 146, "root": ".", "_index_": 26, "partofspeech": "Z", "start": 145, "lemma": "."}], [{"root_tokens": ["ja"], "form": "", "clitic": "", "ending": "0", "end": 148, "root": "ja", "_index_": 27, "partofspeech": "J", "start": 146, "lemma": "ja"}], [{"root_tokens": ["mis"], "form": "pl p", "clitic": "", "ending": "da", "end": 153, "root": "mis", "_index_": 28, "partofspeech": "P", "start": 149, "lemma": "mis"}, {"root_tokens": ["mis"], "form": "sg p", "clitic": "", "ending": "da", "end": 153, "root": "mis", "_index_": 28, "partofspeech": "P", "start": 149, "lemma": "mis"}], [{"root_tokens": ["tema"], "form": "sg n", "clitic": "", "ending": "0", "end": 156, "root": "tema", "_index_": 29, "partofspeech": "P", "start": 154, "lemma": "tema"}], [{"root_tokens": ["taht"], "form": "b", "clitic": "", "ending": "b", "end": 162, "root": "taht", "_index_": 30, "partofspeech": "V", "start": 157, "lemma": "tahtma"}], [{"root_tokens": [","], "form": "", "clitic": "", "ending": "", "end": 164, "root": ",", "_index_": 31, "partofspeech": "Z", "start": 163, "lemma": ","}], [{"root_tokens": ["ole"], "form": "b", "clitic": "", "ending": "0", "end": 167, "root": "ole", "_index_": 32, "partofspeech": "V", "start": 165, "lemma": "olema"}, {"root_tokens": ["ole"], "form": "vad", "clitic": "", "ending": "0", "end": 167, "root": "ole", "_index_": 32, "partofspeech": "V", "start": 165, "lemma": "olema"}], [{"root_tokens": ["kõik"], "form": "pl all", "clitic": "", "ending": "le", "end": 175, "root": "kõik", "_index_": 33, "partofspeech": "P", "start": 168, "lemma": "kõik"}], [{"root_tokens": ["selge"], "form": "sg n", "clitic": "", "ending": "0", "end": 181, "root": "selge", "_index_": 34, "partofspeech": "A", "start": 176, "lemma": "selge"}], [{"root_tokens": ["."], "form": "", "clitic": "", "ending": "", "end": 183, "root": ".", "_index_": 35, "partofspeech": "Z", "start": 182, "lemma": "."}]]}, {"enveloping": null, "attributes": ["lemma", "root", "root_tokens", "ending", "clitic", "form", "partofspeech"], "name": "gt_morph_analysis", "parent": "morph_analysis", "_base": "words", "ambiguous": true, "spans": [[{"root_tokens": ["vaim"], "form": "Pl Gen", "clitic": "", "ending": "de", "end": 7, "root": "vaim", "_index_": 0, "partofspeech": "S", "start": 0, "lemma": "vaim"}], [{"root_tokens": ["vesinik"], "form": "Sg Nom", "clitic": "", "ending": "0", "end": 15, "root": "vesinik", "_index_": 1, "partofspeech": "S", "start": 8, "lemma": "vesinik"}], [{"root_tokens": ["pomm"], "form": "Sg Nom", "clitic": "", "ending": "0", "end": 20, "root": "pomm", "_index_": 2, "partofspeech": "S", "start": 16, "lemma": "pomm"}], [{"root_tokens": [","], "form": "", "clitic": "", "ending": "", "end": 22, "root": ",", "_index_": 3, "partofspeech": "Z", "start": 21, "lemma": ","}], [{"root_tokens": ["see"], "form": "Sg Par", "clitic": "", "ending": "da", "end": 27, "root": "see", "_index_": 4, "partofspeech": "P", "start": 23, "lemma": "see"}], [{"root_tokens": ["taht"], "form": "Pers Prs Cond", "clitic": "", "ending": "ks", "end": 34, "root": "taht", "_index_": 5, "partofspeech": "V", "start": 28, "lemma": "tahtma"}], [{"root_tokens": ["küll"], "form": "", "clitic": "", "ending": "0", "end": 39, "root": "küll", "_index_": 6, "partofspeech": "D", "start": 35, "lemma": "küll"}], [{"root_tokens": ["näge"], "form": "Inf", "clitic": "", "ending": "a", "end": 44, "root": "näge", "_index_": 7, "partofspeech": "V", "start": 40, "lemma": "nägema"}], [{"root_tokens": ["."], "form": "", "clitic": "", "ending": "", "end": 45, "root": ".", "_index_": 8, "partofspeech": "Z", "start": 44, "lemma": "."}], [{"root_tokens": ["ah"], "form": "", "clitic": "", "ending": "0", "end": 47, "root": "ah", "_index_": 9, "partofspeech": "D", "start": 45, "lemma": "ah"}], [{"root_tokens": ["see"], "form": "Sg Par", "clitic": "", "ending": "da", "end": 52, "root": "see", "_index_": 10, "partofspeech": "P", "start": 48, "lemma": "see"}], [{"root_tokens": ["see"], "form": "Pl Nom", "clitic": "", "ending": "d", "end": 57, "root": "see", "_index_": 11, "partofspeech": "P", "start": 53, "lemma": "see"}], [{"root_tokens": ["virmalised"], "form": "Pl Nom", "clitic": "", "ending": "d", "end": 68, "root": "virmalised", "_index_": 12, "partofspeech": "S", "start": 58, "lemma": "virmalised"}], [{"root_tokens": ["ole"], "form": "Pers Prs Ind Sg 3 Aff", "clitic": "gi", "ending": "0", "end": 73, "root": "ole", "_index_": 13, "partofspeech": "V", "start": 69, "lemma": "olema"}, {"root_tokens": ["ole"], "form": "Pers Prs Ind Pl 3 Aff", "clitic": "gi", "ending": "0", "end": 73, "root": "ole", "_index_": 13, "partofspeech": "V", "start": 69, "lemma": "olema"}], [{"root_tokens": ["muidu"], "form": "", "clitic": "", "ending": "0", "end": 80, "root": "muidu", "_index_": 14, "partofspeech": "D", "start": 75, "lemma": "muidu"}], [{"root_tokens": ["ole"], "form": "Pers Prs Ind Sg 3 Aff", "clitic": "", "ending": "0", "end": 83, "root": "ole", "_index_": 15, "partofspeech": "V", "start": 81, "lemma": "olema"}, {"root_tokens": ["ole"], "form": "Pers Prs Ind Pl 3 Aff", "clitic": "", "ending": "0", "end": 83, "root": "ole", "_index_": 15, "partofspeech": "V", "start": 81, "lemma": "olema"}], [{"root_tokens": ["üpris"], "form": "", "clitic": "", "ending": "0", "end": 89, "root": "üpris", "_index_": 16, "partofspeech": "D", "start": 84, "lemma": "üpris"}], [{"root_tokens": ["võimalik"], "form": "Sg Nom", "clitic": "", "ending": "0", "end": 98, "root": "võimalik", "_index_": 17, "partofspeech": "A", "start": 90, "lemma": "võimalik"}], [{"root_tokens": ["ju"], "form": "", "clitic": "", "ending": "0", "end": 101, "root": "ju", "_index_": 18, "partofspeech": "D", "start": 99, "lemma": "ju"}], [{"root_tokens": [","], "form": "", "clitic": "", "ending": "", "end": 103, "root": ",", "_index_": 19, "partofspeech": "Z", "start": 102, "lemma": ","}], [{"root_tokens": ["et"], "form": "", "clitic": "", "ending": "0", "end": 106, "root": "et", "_index_": 20, "partofspeech": "J", "start": 104, "lemma": "et"}], [{"root_tokens": ["mõni"], "form": "Sg Nom", "clitic": "", "ending": "0", "end": 111, "root": "mõni", "_index_": 21, "partofspeech": "P", "start": 107, "lemma": "mõni"}], [{"root_tokens": ["morgoth"], "form": "Sg Ill", "clitic": "", "ending": "0", "end": 120, "root": "morgoth", "_index_": 22, "partofspeech": "S", "start": 112, "lemma": "morgoth"}], [{"root_tokens": ["taoline"], "form": "Sg Nom", "clitic": "", "ending": "0", "end": 128, "root": "taoline", "_index_": 23, "partofspeech": "A", "start": 121, "lemma": "taoline"}], [{"root_tokens": ["vaim"], "form": "Sg Nom", "clitic": "", "ending": "0", "end": 133, "root": "vaim", "_index_": 24, "partofspeech": "S", "start": 129, "lemma": "vaim"}], [{"root_tokens": ["eksisteeri"], "form": "Pers Prs Ind Sg 3 Aff", "clitic": "", "ending": "b", "end": 145, "root": "eksisteeri", "_index_": 25, "partofspeech": "V", "start": 134, "lemma": "eksisteerima"}], [{"root_tokens": ["."], "form": "", "clitic": "", "ending": "", "end": 146, "root": ".", "_index_": 26, "partofspeech": "Z", "start": 145, "lemma": "."}], [{"root_tokens": ["ja"], "form": "", "clitic": "", "ending": "0", "end": 148, "root": "ja", "_index_": 27, "partofspeech": "J", "start": 146, "lemma": "ja"}], [{"root_tokens": ["mis"], "form": "Pl Par", "clitic": "", "ending": "da", "end": 153, "root": "mis", "_index_": 28, "partofspeech": "P", "start": 149, "lemma": "mis"}, {"root_tokens": ["mis"], "form": "Sg Par", "clitic": "", "ending": "da", "end": 153, "root": "mis", "_index_": 28, "partofspeech": "P", "start": 149, "lemma": "mis"}], [{"root_tokens": ["tema"], "form": "Sg Nom", "clitic": "", "ending": "0", "end": 156, "root": "tema", "_index_": 29, "partofspeech": "P", "start": 154, "lemma": "tema"}], [{"root_tokens": ["taht"], "form": "Pers Prs Ind Sg 3 Aff", "clitic": "", "ending": "b", "end": 162, "root": "taht", "_index_": 30, "partofspeech": "V", "start": 157, "lemma": "tahtma"}], [{"root_tokens": [","], "form": "", "clitic": "", "ending": "", "end": 164, "root": ",", "_index_": 31, "partofspeech": "Z", "start": 163, "lemma": ","}], [{"root_tokens": ["ole"], "form": "Pers Prs Ind Sg 3 Aff", "clitic": "", "ending": "0", "end": 167, "root": "ole", "_index_": 32, "partofspeech": "V", "start": 165, "lemma": "olema"}, {"root_tokens": ["ole"], "form": "Pers Prs Ind Pl 3 Aff", "clitic": "", "ending": "0", "end": 167, "root": "ole", "_index_": 32, "partofspeech": "V", "start": 165, "lemma": "olema"}], [{"root_tokens": ["kõik"], "form": "Pl All", "clitic": "", "ending": "le", "end": 175, "root": "kõik", "_index_": 33, "partofspeech": "P", "start": 168, "lemma": "kõik"}], [{"root_tokens": ["selge"], "form": "Sg Nom", "clitic": "", "ending": "0", "end": 181, "root": "selge", "_index_": 34, "partofspeech": "A", "start": 176, "lemma": "selge"}], [{"root_tokens": ["."], "form": "", "clitic": "", "ending": "", "end": 183, "root": ".", "_index_": 35, "partofspeech": "Z", "start": 182, "lemma": "."}]]}, {"enveloping": null, "attributes": [], "name": "tokens", "parent": null, "_base": "tokens", "ambiguous": false, "spans": [{"start": 0, "end": 7}, {"start": 8, "end": 15}, {"start": 16, "end": 20}, {"start": 21, "end": 22}, {"start": 23, "end": 27}, {"start": 28, "end": 34}, {"start": 35, "end": 39}, {"start": 40, "end": 44}, {"start": 44, "end": 45}, {"start": 45, "end": 47}, {"start": 48, "end": 52}, {"start": 53, "end": 57}, {"start": 58, "end": 68}, {"start": 69, "end": 73}, {"start": 75, "end": 80}, {"start": 81, "end": 83}, {"start": 84, "end": 89}, {"start": 90, "end": 98}, {"start": 99, "end": 101}, {"start": 102, "end": 103}, {"start": 104, "end": 106}, {"start": 107, "end": 111}, {"start": 112, "end": 120}, {"start": 121, "end": 128}, {"start": 129, "end": 133}, {"start": 134, "end": 145}, {"start": 145, "end": 146}, {"start": 146, "end": 148}, {"start": 149, "end": 153}, {"start": 154, "end": 156}, {"start": 157, "end": 162}, {"start": 163, "end": 164}, {"start": 165, "end": 167}, {"start": 168, "end": 175}, {"start": 176, "end": 181}, {"start": 182, "end": 183}]}, {"enveloping": "tokens", "attributes": ["type", "normalized"], "name": "compound_tokens", "parent": null, "_base": "compound_tokens", "ambiguous": false, "spans": []}], "meta": {"subcorpus": "netifoorum", "type": "teema", "title": "lahingud vaimude maailmas - 02. leht ( Planet Foorumid - Tehnoloogia - Teadus ja fantaasia )", "alamfoorum": "Teadus_ja_fantaasia"}, "text": "vaimude vesinik pomm , seda tahaks küll näha.ah seda need virmalised ongi\n\nmuidu on üpris võimalik ju , et mõni morgothi taoline vaim eksisteerib.ja mida ta tahab , on kõigile selge ."}