{"layers": [{"enveloping": null, "attributes": ["normalized_form"], "name": "words", "parent": null, "_base": "words", "ambiguous": false, "spans": [{"start": 0, "normalized_form": null, "end": 1}, {"start": 1, "normalized_form": null, "end": 2}, {"start": 2, "normalized_form": null, "end": 7}, {"start": 9, "normalized_form": null, "end": 16}, {"start": 17, "normalized_form": "051104", "end": 25}, {"start": 26, "normalized_form": "EMT-ist", "end": 33}, {"start": 34, "normalized_form": null, "end": 46}, {"start": 47, "normalized_form": null, "end": 48}, {"start": 49, "normalized_form": null, "end": 59}, {"start": 60, "normalized_form": null, "end": 64}, {"start": 65, "normalized_form": null, "end": 74}, {"start": 75, "normalized_form": null, "end": 77}, {"start": 78, "normalized_form": null, "end": 85}, {"start": 86, "normalized_form": null, "end": 101}, {"start": 102, "normalized_form": null, "end": 103}, {"start": 104, "normalized_form": null, "end": 110}, {"start": 111, "normalized_form": null, "end": 113}, {"start": 114, "normalized_form": null, "end": 118}, {"start": 119, "normalized_form": null, "end": 124}, {"start": 125, "normalized_form": null, "end": 131}, {"start": 132, "normalized_form": null, "end": 137}, {"start": 138, "normalized_form": null, "end": 139}, {"start": 140, "normalized_form": null, "end": 144}, {"start": 145, "normalized_form": null, "end": 146}, {"start": 147, "normalized_form": null, "end": 154}, {"start": 155, "normalized_form": null, "end": 156}, {"start": 157, "normalized_form": null, "end": 166}, {"start": 167, "normalized_form": null, "end": 168}, {"start": 170, "normalized_form": null, "end": 174}, {"start": 175, "normalized_form": null, "end": 176}, {"start": 177, "normalized_form": null, "end": 184}, {"start": 185, "normalized_form": null, "end": 192}, {"start": 193, "normalized_form": null, "end": 195}, {"start": 196, "normalized_form": null, "end": 212}, {"start": 214, "normalized_form": null, "end": 215}, {"start": 215, "normalized_form": null, "end": 220}, {"start": 221, "normalized_form": null, "end": 228}, {"start": 229, "normalized_form": null, "end": 235}, {"start": 236, "normalized_form": null, "end": 238}, {"start": 239, "normalized_form": null, "end": 244}, {"start": 245, "normalized_form": null, "end": 246}, {"start": 247, "normalized_form": null, "end": 251}, {"start": 252, "normalized_form": null, "end": 256}, {"start": 257, "normalized_form": null, "end": 262}, {"start": 263, "normalized_form": null, "end": 268}, {"start": 269, "normalized_form": null, "end": 270}, {"start": 271, "normalized_form": null, "end": 278}, {"start": 279, "normalized_form": null, "end": 280}, {"start": 281, "normalized_form": null, "end": 288}, {"start": 290, "normalized_form": null, "end": 296}, {"start": 296, "normalized_form": null, "end": 297}, {"start": 299, "normalized_form": null, "end": 302}, {"start": 303, "normalized_form": null, "end": 312}, {"start": 313, "normalized_form": null, "end": 320}, {"start": 321, "normalized_form": null, "end": 325}, {"start": 326, "normalized_form": null, "end": 327}, {"start": 329, "normalized_form": null, "end": 332}, {"start": 333, "normalized_form": null, "end": 336}, {"start": 338, "normalized_form": null, "end": 344}, {"start": 345, "normalized_form": null, "end": 349}, {"start": 350, "normalized_form": null, "end": 351}, {"start": 352, "normalized_form": null, "end": 356}, {"start": 357, "normalized_form": null, "end": 364}, {"start": 365, "normalized_form": null, "end": 367}, {"start": 368, "normalized_form": null, "end": 371}, {"start": 372, "normalized_form": null, "end": 376}, {"start": 377, "normalized_form": null, "end": 383}, {"start": 384, "normalized_form": null, "end": 385}, {"start": 386, "normalized_form": null, "end": 391}, {"start": 392, "normalized_form": null, "end": 397}, {"start": 398, "normalized_form": null, "end": 400}, {"start": 401, "normalized_form": null, "end": 404}, {"start": 405, "normalized_form": null, "end": 409}, {"start": 410, "normalized_form": null, "end": 411}, {"start": 413, "normalized_form": null, "end": 416}, {"start": 417, "normalized_form": null, "end": 421}, {"start": 422, "normalized_form": null, "end": 428}, {"start": 429, "normalized_form": null, "end": 433}, {"start": 434, "normalized_form": null, "end": 440}, {"start": 441, "normalized_form": null, "end": 449}, {"start": 450, "normalized_form": null, "end": 453}, {"start": 454, "normalized_form": null, "end": 455}, {"start": 456, "normalized_form": null, "end": 461}, {"start": 462, "normalized_form": null, "end": 466}]}, {"enveloping": "words", "attributes": ["fix_types"], "name": "sentences", "parent": null, "_base": "sentences", "ambiguous": false, "spans": [{"fix_types": ["double_newline_ending"], "_index_": [0, 1, 2]}, {"fix_types": [], "_index_": [3, 4, 5, 6, 7]}, {"fix_types": [], "_index_": [8, 9, 10, 11, 12, 13, 14]}, {"fix_types": [], "_index_": [15, 16, 17, 18, 19, 20, 21, 22, 23, 24, 25, 26, 27]}, {"fix_types": ["double_newline_ending"], "_index_": [28, 29, 30, 31, 32, 33]}, {"fix_types": [], "_index_": [34, 35, 36, 37, 38, 39, 40, 41, 42, 43, 44, 45]}, {"fix_types": ["double_newline_ending"], "_index_": [46, 47, 48]}, {"fix_types": ["double_newline_ending"], "_index_": [49, 50]}, {"fix_types": [], "_index_": [51, 52, 53, 54, 55]}, {"fix_types": ["double_newline_ending"], "_index_": [56, 57]}, {"fix_types": [], "_index_": [58, 59, 60, 61, 62, 63, 64, 65, 66, 67, 68, 69, 70, 71, 72, 73]}, {"fix_types": [], "_index_": [74, 75, 76, 77, 78, 79, 80, 81]}, {"fix_types": [], "_index_": [82, 83]}]}, {"enveloping": "sentences", "attributes": [], "name": "paragraphs", "parent": null, "_base": "paragraphs", "ambiguous": false, "spans": [{"_index_": [0]}, {"_index_": [1, 2, 3]}, {"_index_": [4]}, {"_index_": [5, 6]}, {"_index_": [7]}, {"_index_": [8]}, {"_index_": [9]}, {"_index_": [10]}, {"_index_": [11, 12]}]}, {"enveloping": "words", "attributes": ["type"], "name": "syntax_ignore", "parent": null, "_base": "syntax_ignore", "ambiguous": false, "spans": []}, {"enveloping": null, "attributes": ["lemma", "root", "root_tokens", "ending", "clitic", "form", "partofspeech"], "name": "morph_analysis", "parent": "words", "_base": "words", "ambiguous": true, "spans": [[{"root_tokens": ["M"], "form": "?", "clitic": "", "ending": "0", "end": 1, "root": "M", "_index_": 0, "partofspeech": "Y", "start": 0, "lemma": "M"}], [{"root_tokens": [":"], "form": "", "clitic": "", "ending": "", "end": 2, "root": ":", "_index_": 1, "partofspeech": "Z", "start": 1, "lemma": ":"}], [{"root_tokens": ["6610i"], "form": "?", "clitic": "", "ending": "0", "end": 7, "root": "6610i", "_index_": 2, "partofspeech": "Y", "start": 2, "lemma": "6610i"}], [{"root_tokens": ["ostetu"], "form": "pl n", "clitic": "", "ending": "d", "end": 16, "root": "oste=tu", "_index_": 3, "partofspeech": "S", "start": 9, "lemma": "ostetu"}], [{"root_tokens": ["051104"], "form": "?", "clitic": "", "ending": "0", "end": 25, "root": "051104", "_index_": 4, "partofspeech": "N", "start": 17, "lemma": "051104"}], [{"root_tokens": ["EMT"], "form": "sg el", "clitic": "", "ending": "ist", "end": 33, "root": "EMT", "_index_": 5, "partofspeech": "Y", "start": 26, "lemma": "EMT"}], [{"root_tokens": ["järel", "maks"], "form": "sg kom", "clitic": "", "ending": "ga", "end": 46, "root": "järel_maks", "_index_": 6, "partofspeech": "S", "start": 34, "lemma": "järelmaks"}], [{"root_tokens": ["."], "form": "", "clitic": "", "ending": "", "end": 48, "root": ".", "_index_": 7, "partofspeech": "Z", "start": 47, "lemma": "."}], [{"root_tokens": ["järel", "maks"], "form": "adt", "clitic": "", "ending": "0", "end": 59, "root": "järel_maks", "_index_": 8, "partofspeech": "S", "start": 49, "lemma": "järelmaks"}], [{"root_tokens": ["kõik"], "form": "pl n", "clitic": "", "ending": "0", "end": 64, "root": "kõik", "_index_": 9, "partofspeech": "P", "start": 60, "lemma": "kõik"}, {"root_tokens": ["kõik"], "form": "sg n", "clitic": "", "ending": "0", "end": 64, "root": "kõik", "_index_": 9, "partofspeech": "P", "start": 60, "lemma": "kõik"}], [{"root_tokens": ["osa", "makse"], "form": "pl n", "clitic": "", "ending": "d", "end": 74, "root": "osa_makse", "_index_": 10, "partofspeech": "S", "start": 65, "lemma": "osamakse"}], [{"root_tokens": ["ole"], "form": "b", "clitic": "", "ending": "0", "end": 77, "root": "ole", "_index_": 11, "partofspeech": "V", "start": 75, "lemma": "olema"}, {"root_tokens": ["ole"], "form": "vad", "clitic": "", "ending": "0", "end": 77, "root": "ole", "_index_": 11, "partofspeech": "V", "start": 75, "lemma": "olema"}], [{"root_tokens": ["makstud"], "form": "", "clitic": "", "ending": "0", "end": 85, "root": "maks=tud", "_index_": 12, "partofspeech": "A", "start": 78, "lemma": "makstud"}, {"root_tokens": ["makstud"], "form": "sg n", "clitic": "", "ending": "0", "end": 85, "root": "maks=tud", "_index_": 12, "partofspeech": "A", "start": 78, "lemma": "makstud"}, {"root_tokens": ["makstud"], "form": "pl n", "clitic": "", "ending": "d", "end": 85, "root": "maks=tud", "_index_": 12, "partofspeech": "A", "start": 78, "lemma": "makstud"}, {"root_tokens": ["maks"], "form": "tud", "clitic": "", "ending": "tud", "end": 85, "root": "maks", "_index_": 12, "partofspeech": "V", "start": 78, "lemma": "maksma"}], [{"root_tokens": ["enne", "täht", "aegselt"], "form": "", "clitic": "", "ending": "0", "end": 101, "root": "enne_täht_aegse=lt", "_index_": 13, "partofspeech": "D", "start": 86, "lemma": "ennetähtaegselt"}], [{"root_tokens": ["."], "form": "", "clitic": "", "ending": "", "end": 103, "root": ".", "_index_": 14, "partofspeech": "Z", "start": 102, "lemma": "."}], [{"root_tokens": ["kaasa"], "form": "sg in", "clitic": "", "ending": "s", "end": 110, "root": "kaasa", "_index_": 15, "partofspeech": "S", "start": 104, "lemma": "kaasa"}], [{"root_tokens": ["ole"], "form": "b", "clitic": "", "ending": "0", "end": 113, "root": "ole", "_index_": 16, "partofspeech": "V", "start": 111, "lemma": "olema"}, {"root_tokens": ["ole"], "form": "vad", "clitic": "", "ending": "0", "end": 113, "root": "ole", "_index_": 16, "partofspeech": "V", "start": 111, "lemma": "olema"}], [{"root_tokens": ["kõik"], "form": "pl n", "clitic": "", "ending": "0", "end": 118, "root": "kõik", "_index_": 17, "partofspeech": "P", "start": 114, "lemma": "kõik"}, {"root_tokens": ["kõik"], "form": "sg n", "clitic": "", "ending": "0", "end": 118, "root": "kõik", "_index_": 17, "partofspeech": "P", "start": 114, "lemma": "kõik"}], [{"root_tokens": ["pood"], "form": "sg el", "clitic": "", "ending": "st", "end": 124, "root": "pood", "_index_": 18, "partofspeech": "S", "start": 119, "lemma": "pood"}], [{"root_tokens": ["saadud"], "form": "", "clitic": "", "ending": "0", "end": 131, "root": "saadud", "_index_": 19, "partofspeech": "A", "start": 125, "lemma": "saadud"}, {"root_tokens": ["saadud"], "form": "sg n", "clitic": "", "ending": "0", "end": 131, "root": "saadud", "_index_": 19, "partofspeech": "A", "start": 125, "lemma": "saadud"}, {"root_tokens": ["saa"], "form": "tud", "clitic": "", "ending": "dud", "end": 131, "root": "saa", "_index_": 19, "partofspeech": "V", "start": 125, "lemma": "saama"}, {"root_tokens": ["saadud"], "form": "pl n", "clitic": "", "ending": "d", "end": 131, "root": "saadud", "_index_": 19, "partofspeech": "A", "start": 125, "lemma": "saadud"}], [{"root_tokens": ["stuff"], "form": "sg n", "clitic": "", "ending": "0", "end": 137, "root": "stuff", "_index_": 20, "partofspeech": "S", "start": 132, "lemma": "stuff"}], [{"root_tokens": [":"], "form": "", "clitic": "", "ending": "", "end": 139, "root": ":", "_index_": 21, "partofspeech": "Z", "start": 138, "lemma": ":"}], [{"root_tokens": ["karp"], "form": "sg n", "clitic": "", "ending": "0", "end": 144, "root": "karp", "_index_": 22, "partofspeech": "S", "start": 140, "lemma": "karp"}], [{"root_tokens": [","], "form": "", "clitic": "", "ending": "", "end": 146, "root": ",", "_index_": 23, "partofspeech": "Z", "start": 145, "lemma": ","}], [{"root_tokens": ["laadija"], "form": "sg n", "clitic": "", "ending": "0", "end": 154, "root": "laadija", "_index_": 24, "partofspeech": "S", "start": 147, "lemma": "laadija"}], [{"root_tokens": [","], "form": "", "clitic": "", "ending": "", "end": 156, "root": ",", "_index_": 25, "partofspeech": "Z", "start": 155, "lemma": ","}], [{"root_tokens": ["handsfree"], "form": "sg n", "clitic": "", "ending": "0", "end": 166, "root": "handsfree", "_index_": 26, "partofspeech": "S", "start": 157, "lemma": "handsfree"}], [{"root_tokens": ["."], "form": "", "clitic": "", "ending": "", "end": 168, "root": ".", "_index_": 27, "partofspeech": "Z", "start": 167, "lemma": "."}], [{"root_tokens": ["hind"], "form": "sg n", "clitic": "", "ending": "0", "end": 174, "root": "hind", "_index_": 28, "partofspeech": "S", "start": 170, "lemma": "hind"}], [{"root_tokens": [":"], "form": "", "clitic": "", "ending": "", "end": 176, "root": ":", "_index_": 29, "partofspeech": "Z", "start": 175, "lemma": ":"}], [{"root_tokens": ["1800EEK"], "form": "?", "clitic": "", "ending": "0", "end": 184, "root": "1800EEK", "_index_": 30, "partofspeech": "Y", "start": 177, "lemma": "1800EEK"}], [{"root_tokens": ["oodatud"], "form": "", "clitic": "", "ending": "0", "end": 192, "root": "oodatud", "_index_": 31, "partofspeech": "A", "start": 185, "lemma": "oodatud"}, {"root_tokens": ["oodatud"], "form": "sg n", "clitic": "", "ending": "0", "end": 192, "root": "oodatud", "_index_": 31, "partofspeech": "A", "start": 185, "lemma": "oodatud"}, {"root_tokens": ["oodatud"], "form": "pl n", "clitic": "", "ending": "d", "end": 192, "root": "oodatud", "_index_": 31, "partofspeech": "A", "start": 185, "lemma": "oodatud"}, {"root_tokens": ["oota"], "form": "tud", "clitic": "", "ending": "tud", "end": 192, "root": "oota", "_index_": 31, "partofspeech": "V", "start": 185, "lemma": "ootama"}], [{"root_tokens": ["ka"], "form": "", "clitic": "", "ending": "0", "end": 195, "root": "ka", "_index_": 32, "partofspeech": "D", "start": 193, "lemma": "ka"}], [{"root_tokens": ["vahetus", "variant"], "form": "pl n", "clitic": "", "ending": "d", "end": 212, "root": "vahetus_variant", "_index_": 33, "partofspeech": "S", "start": 196, "lemma": "vahetusvariant"}], [{"root_tokens": ["*"], "form": "", "clitic": "", "ending": "", "end": 215, "root": "*", "_index_": 34, "partofspeech": "Z", "start": 214, "lemma": "*"}], [{"root_tokens": ["Kaupa"], "form": "sg n", "clitic": "", "ending": "0", "end": 220, "root": "Kaupa", "_index_": 35, "partofspeech": "H", "start": 215, "lemma": "Kaupa"}], [{"root_tokens": ["post"], "form": "sg kom", "clitic": "", "ending": "ga", "end": 228, "root": "post", "_index_": 36, "partofspeech": "S", "start": 221, "lemma": "post"}], [{"root_tokens": ["saat"], "form": "ma", "clitic": "", "ending": "ma", "end": 235, "root": "saat", "_index_": 37, "partofspeech": "V", "start": 229, "lemma": "saatma"}], [{"root_tokens": ["ei"], "form": "neg", "clitic": "", "ending": "0", "end": 238, "root": "ei", "_index_": 38, "partofspeech": "V", "start": 236, "lemma": "ei"}], [{"root_tokens": ["hakka"], "form": "o", "clitic": "", "ending": "0", "end": 244, "root": "hakka", "_index_": 39, "partofspeech": "V", "start": 239, "lemma": "hakkama"}], [{"root_tokens": [","], "form": "", "clitic": "", "ending": "", "end": 246, "root": ",", "_index_": 40, "partofspeech": "Z", "start": 245, "lemma": ","}], [{"root_tokens": ["diil"], "form": "sg n", "clitic": "", "ending": "0", "end": 251, "root": "diil", "_index_": 41, "partofspeech": "S", "start": 247, "lemma": "diil"}], [{"root_tokens": ["käi"], "form": "b", "clitic": "", "ending": "b", "end": 256, "root": "käi", "_index_": 42, "partofspeech": "V", "start": 252, "lemma": "käima"}], [{"root_tokens": ["käsi"], "form": "sg el", "clitic": "", "ending": "st", "end": 262, "root": "käsi", "_index_": 43, "partofspeech": "S", "start": 257, "lemma": "käsi"}], [{"root_tokens": ["käsi"], "form": "adt", "clitic": "", "ending": "tte", "end": 268, "root": "käsi", "_index_": 44, "partofspeech": "S", "start": 263, "lemma": "käsi"}], [{"root_tokens": ["."], "form": "", "clitic": "", "ending": "", "end": 270, "root": ".", "_index_": 45, "partofspeech": "Z", "start": 269, "lemma": "."}], [{"root_tokens": ["kontakt"], "form": "sg n", "clitic": "", "ending": "0", "end": 278, "root": "kontakt", "_index_": 46, "partofspeech": "S", "start": 271, "lemma": "kontakt"}], [{"root_tokens": [":"], "form": "", "clitic": "", "ending": "", "end": 280, "root": ":", "_index_": 47, "partofspeech": "Z", "start": 279, "lemma": ":"}], [{"root_tokens": ["5244466"], "form": "?", "clitic": "", "ending": "0", "end": 288, "root": "5244466", "_index_": 48, "partofspeech": "N", "start": 281, "lemma": "5244466"}], [{"root_tokens": ["E", "Mail"], "form": "sg n", "clitic": "", "ending": "0", "end": 296, "root": "E-Mail", "_index_": 49, "partofspeech": "H", "start": 290, "lemma": "E-Mail"}], [{"root_tokens": [":"], "form": "", "clitic": "", "ending": "", "end": 297, "root": ":", "_index_": 50, "partofspeech": "Z", "start": 296, "lemma": ":"}], [{"root_tokens": ["äri"], "form": "sg g", "clitic": "", "ending": "0", "end": 302, "root": "äri", "_index_": 51, "partofspeech": "S", "start": 299, "lemma": "äri"}], [{"root_tokens": ["handsfree"], "form": "sg n", "clitic": "", "ending": "0", "end": 312, "root": "handsfree", "_index_": 52, "partofspeech": "S", "start": 303, "lemma": "handsfree"}], [{"root_tokens": ["nii", "sama"], "form": "", "clitic": "", "ending": "0", "end": 320, "root": "nii_sama", "_index_": 53, "partofspeech": "D", "start": 313, "lemma": "niisama"}], [{"root_tokens": ["maha"], "form": "", "clitic": "", "ending": "0", "end": 325, "root": "maha", "_index_": 54, "partofspeech": "D", "start": 321, "lemma": "maha"}], [{"root_tokens": ["!"], "form": "", "clitic": "", "ending": "", "end": 327, "root": "!", "_index_": 55, "partofspeech": "Z", "start": 326, "lemma": "!"}], [{"root_tokens": ["150"], "form": "?", "clitic": "", "ending": "0", "end": 332, "root": "150", "_index_": 56, "partofspeech": "N", "start": 329, "lemma": "150"}], [{"root_tokens": ["eek"], "form": "sg n", "clitic": "", "ending": "0", "end": 336, "root": "eek", "_index_": 57, "partofspeech": "S", "start": 333, "lemma": "eek"}], [{"root_tokens": ["tekki"], "form": "s", "clitic": "", "ending": "s", "end": 344, "root": "tekki", "_index_": 58, "partofspeech": "V", "start": 338, "lemma": "tekkima"}], [{"root_tokens": ["huvi"], "form": "sg p", "clitic": "", "ending": "0", "end": 349, "root": "huvi", "_index_": 59, "partofspeech": "S", "start": 345, "lemma": "huvi"}], [{"root_tokens": ["-"], "form": "", "clitic": "", "ending": "", "end": 351, "root": "-", "_index_": 60, "partofspeech": "Z", "start": 350, "lemma": "-"}], [{"root_tokens": ["suvi"], "form": "sg n", "clitic": "", "ending": "0", "end": 356, "root": "suvi", "_index_": 61, "partofspeech": "S", "start": 352, "lemma": "suvi"}], [{"root_tokens": ["tulek"], "form": "sg ad", "clitic": "", "ending": "l", "end": 364, "root": "tulek", "_index_": 62, "partofspeech": "S", "start": 357, "lemma": "tulek"}], [{"root_tokens": ["ja"], "form": "", "clitic": "", "ending": "0", "end": 367, "root": "ja", "_index_": 63, "partofspeech": "J", "start": 365, "lemma": "ja"}], [{"root_tokens": ["mina"], "form": "sg ad", "clitic": "", "ending": "l", "end": 371, "root": "mina", "_index_": 64, "partofspeech": "P", "start": 368, "lemma": "mina"}], [{"root_tokens": ["ole"], "form": "neg o", "clitic": "", "ending": "0", "end": 376, "root": "ole", "_index_": 65, "partofspeech": "V", "start": 372, "lemma": "olema"}], [{"root_tokens": ["mobla"], "form": "sg p", "clitic": "", "ending": "t", "end": 383, "root": "mobla", "_index_": 66, "partofspeech": "S", "start": 377, "lemma": "mobla"}], [{"root_tokens": [","], "form": "", "clitic": "", "ending": "", "end": 385, "root": ",", "_index_": 67, "partofspeech": "Z", "start": 384, "lemma": ","}], [{"root_tokens": ["palju"], "form": "", "clitic": "", "ending": "0", "end": 391, "root": "palju", "_index_": 68, "partofspeech": "D", "start": 386, "lemma": "palju"}], [{"root_tokens": ["taht"], "form": "d", "clitic": "", "ending": "d", "end": 397, "root": "taht", "_index_": 69, "partofspeech": "V", "start": 392, "lemma": "tahtma"}], [{"root_tokens": ["ja"], "form": "", "clitic": "", "ending": "0", "end": 400, "root": "ja", "_index_": 70, "partofspeech": "J", "start": 398, "lemma": "ja"}], [{"root_tokens": ["kus"], "form": "", "clitic": "", "ending": "0", "end": 404, "root": "kus", "_index_": 71, "partofspeech": "D", "start": 401, "lemma": "kus"}], [{"root_tokens": ["ela"], "form": "d", "clitic": "", "ending": "d", "end": 409, "root": "ela", "_index_": 72, "partofspeech": "V", "start": 405, "lemma": "elama"}], [{"root_tokens": ["?"], "form": "", "clitic": "", "ending": "", "end": 411, "root": "?", "_index_": 73, "partofspeech": "Z", "start": 410, "lemma": "?"}], [{"root_tokens": ["kui"], "form": "", "clitic": "", "ending": "0", "end": 416, "root": "kui", "_index_": 74, "partofspeech": "D", "start": 413, "lemma": "kui"}, {"root_tokens": ["kui"], "form": "", "clitic": "", "ending": "0", "end": 416, "root": "kui", "_index_": 74, "partofspeech": "J", "start": 413, "lemma": "kui"}], [{"root_tokens": ["ela"], "form": "d", "clitic": "", "ending": "d", "end": 421, "root": "ela", "_index_": 75, "partofspeech": "V", "start": 417, "lemma": "elama"}], [{"root_tokens": ["tartu"], "form": "sg in", "clitic": "", "ending": "s", "end": 428, "root": "tartu", "_index_": 76, "partofspeech": "S", "start": 422, "lemma": "tartu"}], [{"root_tokens": ["siis"], "form": "", "clitic": "", "ending": "0", "end": 433, "root": "siis", "_index_": 77, "partofspeech": "D", "start": 429, "lemma": "siis"}], [{"root_tokens": ["ost"], "form": "ks", "clitic": "", "ending": "ks", "end": 440, "root": "ost", "_index_": 78, "partofspeech": "V", "start": 434, "lemma": "ostma"}], [{"root_tokens": ["kindlalt"], "form": "", "clitic": "", "ending": "0", "end": 449, "root": "kindlalt", "_index_": 79, "partofspeech": "D", "start": 441, "lemma": "kindlalt"}], [{"root_tokens": ["ära"], "form": "", "clitic": "", "ending": "0", "end": 453, "root": "ära", "_index_": 80, "partofspeech": "D", "start": 450, "lemma": "ära"}], [{"root_tokens": ["."], "form": "", "clitic": "", "ending": "", "end": 455, "root": ".", "_index_": 81, "partofspeech": "Z", "start": 454, "lemma": "."}], [{"root_tokens": ["saa"], "form": "da", "clitic": "", "ending": "da", "end": 461, "root": "saa", "_index_": 82, "partofspeech": "V", "start": 456, "lemma": "saama"}], [{"root_tokens": ["mina"], "form": "pl ad", "clitic": "", "ending": "l", "end": 466, "root": "mina", "_index_": 83, "partofspeech": "P", "start": 462, "lemma": "mina"}]]}, {"enveloping": null, "attributes": ["lemma", "root", "root_tokens", "ending", "clitic", "form", "partofspeech"], "name": "gt_morph_analysis", "parent": "morph_analysis", "_base": "words", "ambiguous": true, "spans": [[{"root_tokens": ["M"], "form": "?", "clitic": "", "ending": "0", "end": 1, "root": "M", "_index_": 0, "partofspeech": "Y", "start": 0, "lemma": "M"}], [{"root_tokens": [":"], "form": "", "clitic": "", "ending": "", "end": 2, "root": ":", "_index_": 1, "partofspeech": "Z", "start": 1, "lemma": ":"}], [{"root_tokens": ["6610i"], "form": "?", "clitic": "", "ending": "0", "end": 7, "root": "6610i", "_index_": 2, "partofspeech": "Y", "start": 2, "lemma": "6610i"}], [{"root_tokens": ["ostetu"], "form": "Pl Nom", "clitic": "", "ending": "d", "end": 16, "root": "oste=tu", "_index_": 3, "partofspeech": "S", "start": 9, "lemma": "ostetu"}], [{"root_tokens": ["051104"], "form": "?", "clitic": "", "ending": "0", "end": 25, "root": "051104", "_index_": 4, "partofspeech": "N", "start": 17, "lemma": "051104"}], [{"root_tokens": ["EMT"], "form": "Sg Ela", "clitic": "", "ending": "ist", "end": 33, "root": "EMT", "_index_": 5, "partofspeech": "Y", "start": 26, "lemma": "EMT"}], [{"root_tokens": ["järel", "maks"], "form": "Sg Com", "clitic": "", "ending": "ga", "end": 46, "root": "järel_maks", "_index_": 6, "partofspeech": "S", "start": 34, "lemma": "järelmaks"}], [{"root_tokens": ["."], "form": "", "clitic": "", "ending": "", "end": 48, "root": ".", "_index_": 7, "partofspeech": "Z", "start": 47, "lemma": "."}], [{"root_tokens": ["järel", "maks"], "form": "Sg Ill", "clitic": "", "ending": "0", "end": 59, "root": "järel_maks", "_index_": 8, "partofspeech": "S", "start": 49, "lemma": "järelmaks"}], [{"root_tokens": ["kõik"], "form": "Pl Nom", "clitic": "", "ending": "0", "end": 64, "root": "kõik", "_index_": 9, "partofspeech": "P", "start": 60, "lemma": "kõik"}, {"root_tokens": ["kõik"], "form": "Sg Nom", "clitic": "", "ending": "0", "end": 64, "root": "kõik", "_index_": 9, "partofspeech": "P", "start": 60, "lemma": "kõik"}], [{"root_tokens": ["osa", "makse"], "form": "Pl Nom", "clitic": "", "ending": "d", "end": 74, "root": "osa_makse", "_index_": 10, "partofspeech": "S", "start": 65, "lemma": "osamakse"}], [{"root_tokens": ["ole"], "form": "Pers Prs Ind Sg 3 Aff", "clitic": "", "ending": "0", "end": 77, "root": "ole", "_index_": 11, "partofspeech": "V", "start": 75, "lemma": "olema"}, {"root_tokens": ["ole"], "form": "Pers Prs Ind Pl 3 Aff", "clitic": "", "ending": "0", "end": 77, "root": "ole", "_index_": 11, "partofspeech": "V", "start": 75, "lemma": "olema"}], [{"root_tokens": ["makstud"], "form": "", "clitic": "", "ending": "0", "end": 85, "root": "maks=tud", "_index_": 12, "partofspeech": "A", "start": 78, "lemma": "makstud"}, {"root_tokens": ["makstud"], "form": "Sg Nom", "clitic": "", "ending": "0", "end": 85, "root": "maks=tud", "_index_": 12, "partofspeech": "A", "start": 78, "lemma": "makstud"}, {"root_tokens": ["makstud"], "form": "Pl Nom", "clitic": "", "ending": "d", "end": 85, "root": "maks=tud", "_index_": 12, "partofspeech": "A", "start": 78, "lemma": "makstud"}, {"root_tokens": ["maks"], "form": "Impers Prt Prc", "clitic": "", "ending": "tud", "end": 85, "root": "maks", "_index_": 12, "partofspeech": "V", "start": 78, "lemma": "maksma"}], [{"root_tokens": ["enne", "täht", "aegselt"], "form": "", "clitic": "", "ending": "0", "end": 101, "root": "enne_täht_aegse=lt", "_index_": 13, "partofspeech": "D", "start": 86, "lemma": "ennetähtaegselt"}], [{"root_tokens": ["."], "form": "", "clitic": "", "ending": "", "end": 103, "root": ".", "_index_": 14, "partofspeech": "Z", "start": 102, "lemma": "."}], [{"root_tokens": ["kaasa"], "form": "Sg Ine", "clitic": "", "ending": "s", "end": 110, "root": "kaasa", "_index_": 15, "partofspeech": "S", "start": 104, "lemma": "kaasa"}], [{"root_tokens": ["ole"], "form": "Pers Prs Ind Sg 3 Aff", "clitic": "", "ending": "0", "end": 113, "root": "ole", "_index_": 16, "partofspeech": "V", "start": 111, "lemma": "olema"}, {"root_tokens": ["ole"], "form": "Pers Prs Ind Pl 3 Aff", "clitic": "", "ending": "0", "end": 113, "root": "ole", "_index_": 16, "partofspeech": "V", "start": 111, "lemma": "olema"}], [{"root_tokens": ["kõik"], "form": "Pl Nom", "clitic": "", "ending": "0", "end": 118, "root": "kõik", "_index_": 17, "partofspeech": "P", "start": 114, "lemma": "kõik"}, {"root_tokens": ["kõik"], "form": "Sg Nom", "clitic": "", "ending": "0", "end": 118, "root": "kõik", "_index_": 17, "partofspeech": "P", "start": 114, "lemma": "kõik"}], [{"root_tokens": ["pood"], "form": "Sg Ela", "clitic": "", "ending": "st", "end": 124, "root": "pood", "_index_": 18, "partofspeech": "S", "start": 119, "lemma": "pood"}], [{"root_tokens": ["saadud"], "form": "", "clitic": "", "ending": "0", "end": 131, "root": "saadud", "_index_": 19, "partofspeech": "A", "start": 125, "lemma": "saadud"}, {"root_tokens": ["saadud"], "form": "Sg Nom", "clitic": "", "ending": "0", "end": 131, "root": "saadud", "_index_": 19, "partofspeech": "A", "start": 125, "lemma": "saadud"}, {"root_tokens": ["saa"], "form": "Impers Prt Prc", "clitic": "", "ending": "dud", "end": 131, "root": "saa", "_index_": 19, "partofspeech": "V", "start": 125, "lemma": "saama"}, {"root_tokens": ["saadud"], "form": "Pl Nom", "clitic": "", "ending": "d", "end": 131, "root": "saadud", "_index_": 19, "partofspeech": "A", "start": 125, "lemma": "saadud"}], [{"root_tokens": ["stuff"], "form": "Sg Nom", "clitic": "", "ending": "0", "end": 137, "root": "stuff", "_index_": 20, "partofspeech": "S", "start": 132, "lemma": "stuff"}], [{"root_tokens": [":"], "form": "", "clitic": "", "ending": "", "end": 139, "root": ":", "_index_": 21, "partofspeech": "Z", "start": 138, "lemma": ":"}], [{"root_tokens": ["karp"], "form": "Sg Nom", "clitic": "", "ending": "0", "end": 144, "root": "karp", "_index_": 22, "partofspeech": "S", "start": 140, "lemma": "karp"}], [{"root_tokens": [","], "form": "", "clitic": "", "ending": "", "end": 146, "root": ",", "_index_": 23, "partofspeech": "Z", "start": 145, "lemma": ","}], [{"root_tokens": ["laadija"], "form": "Sg Nom", "clitic": "", "ending": "0", "end": 154, "root": "laadija", "_index_": 24, "partofspeech": "S", "start": 147, "lemma": "laadija"}], [{"root_tokens": [","], "form": "", "clitic": "", "ending": "", "end": 156, "root": ",", "_index_": 25, "partofspeech": "Z", "start": 155, "lemma": ","}], [{"root_tokens": ["handsfree"], "form": "Sg Nom", "clitic": "", "ending": "0", "end": 166, "root": "handsfree", "_index_": 26, "partofspeech": "S", "start": 157, "lemma": "handsfree"}], [{"root_tokens": ["."], "form": "", "clitic": "", "ending": "", "end": 168, "root": ".", "_index_": 27, "partofspeech": "Z", "start": 167, "lemma": "."}], [{"root_tokens": ["hind"], "form": "Sg Nom", "clitic": "", "ending": "0", "end": 174, "root": "hind", "_index_": 28, "partofspeech": "S", "start": 170, "lemma": "hind"}], [{"root_tokens": [":"], "form": "", "clitic": "", "ending": "", "end": 176, "root": ":", "_index_": 29, "partofspeech": "Z", "start": 175, "lemma": ":"}], [{"root_tokens": ["1800EEK"], "form": "?", "clitic": "", "ending": "0", "end": 184, "root": "1800EEK", "_index_": 30, "partofspeech": "Y", "start": 177, "lemma": "1800EEK"}], [{"root_tokens": ["oodatud"], "form": "", "clitic": "", "ending": "0", "end": 192, "root": "oodatud", "_index_": 31, "partofspeech": "A", "start": 185, "lemma": "oodatud"}, {"root_tokens": ["oodatud"], "form": "Sg Nom", "clitic": "", "ending": "0", "end": 192, "root": "oodatud", "_index_": 31, "partofspeech": "A", "start": 185, "lemma": "oodatud"}, {"root_tokens": ["oodatud"], "form": "Pl Nom", "clitic": "", "ending": "d", "end": 192, "root": "oodatud", "_index_": 31, "partofspeech": "A", "start": 185, "lemma": "oodatud"}, {"root_tokens": ["oota"], "form": "Impers Prt Prc", "clitic": "", "ending": "tud", "end": 192, "root": "oota", "_index_": 31, "partofspeech": "V", "start": 185, "lemma": "ootama"}], [{"root_tokens": ["ka"], "form": "", "clitic": "", "ending": "0", "end": 195, "root": "ka", "_index_": 32, "partofspeech": "D", "start": 193, "lemma": "ka"}], [{"root_tokens": ["vahetus", "variant"], "form": "Pl Nom", "clitic": "", "ending": "d", "end": 212, "root": "vahetus_variant", "_index_": 33, "partofspeech": "S", "start": 196, "lemma": "vahetusvariant"}], [{"root_tokens": ["*"], "form": "", "clitic": "", "ending": "", "end": 215, "root": "*", "_index_": 34, "partofspeech": "Z", "start": 214, "lemma": "*"}], [{"root_tokens": ["Kaupa"], "form": "Sg Nom", "clitic": "", "ending": "0", "end": 220, "root": "Kaupa", "_index_": 35, "partofspeech": "H", "start": 215, "lemma": "Kaupa"}], [{"root_tokens": ["post"], "form": "Sg Com", "clitic": "", "ending": "ga", "end": 228, "root": "post", "_index_": 36, "partofspeech": "S", "start": 221, "lemma": "post"}], [{"root_tokens": ["saat"], "form": "Pers Sup Ill", "clitic": "", "ending": "ma", "end": 235, "root": "saat", "_index_": 37, "partofspeech": "V", "start": 229, "lemma": "saatma"}], [{"root_tokens": ["ei"], "form": "Neg", "clitic": "", "ending": "0", "end": 238, "root": "ei", "_index_": 38, "partofspeech": "V", "start": 236, "lemma": "ei"}], [{"root_tokens": ["hakka"], "form": "Pers Prs Ind Neg", "clitic": "", "ending": "0", "end": 244, "root": "hakka", "_index_": 39, "partofspeech": "V", "start": 239, "lemma": "hakkama"}], [{"root_tokens": [","], "form": "", "clitic": "", "ending": "", "end": 246, "root": ",", "_index_": 40, "partofspeech": "Z", "start": 245, "lemma": ","}], [{"root_tokens": ["diil"], "form": "Sg Nom", "clitic": "", "ending": "0", "end": 251, "root": "diil", "_index_": 41, "partofspeech": "S", "start": 247, "lemma": "diil"}], [{"root_tokens": ["käi"], "form": "Pers Prs Ind Sg 3 Aff", "clitic": "", "ending": "b", "end": 256, "root": "käi", "_index_": 42, "partofspeech": "V", "start": 252, "lemma": "käima"}], [{"root_tokens": ["käsi"], "form": "Sg Ela", "clitic": "", "ending": "st", "end": 262, "root": "käsi", "_index_": 43, "partofspeech": "S", "start": 257, "lemma": "käsi"}], [{"root_tokens": ["käsi"], "form": "Sg Ill", "clitic": "", "ending": "tte", "end": 268, "root": "käsi", "_index_": 44, "partofspeech": "S", "start": 263, "lemma": "käsi"}], [{"root_tokens": ["."], "form": "", "clitic": "", "ending": "", "end": 270, "root": ".", "_index_": 45, "partofspeech": "Z", "start": 269, "lemma": "."}], [{"root_tokens": ["kontakt"], "form": "Sg Nom", "clitic": "", "ending": "0", "end": 278, "root": "kontakt", "_index_": 46, "partofspeech": "S", "start": 271, "lemma": "kontakt"}], [{"root_tokens": [":"], "form": "", "clitic": "", "ending": "", "end": 280, "root": ":", "_index_": 47, "partofspeech": "Z", "start": 279, "lemma": ":"}], [{"root_tokens": ["5244466"], "form": "?", "clitic": "", "ending": "0", "end": 288, "root": "5244466", "_index_": 48, "partofspeech": "N", "start": 281, "lemma": "5244466"}], [{"root_tokens": ["E", "Mail"], "form": "Sg Nom", "clitic": "", "ending": "0", "end": 296, "root": "E-Mail", "_index_": 49, "partofspeech": "H", "start": 290, "lemma": "E-Mail"}], [{"root_tokens": [":"], "form": "", "clitic": "", "ending": "", "end": 297, "root": ":", "_index_": 50, "partofspeech": "Z", "start": 296, "lemma": ":"}], [{"root_tokens": ["äri"], "form": "Sg Gen", "clitic": "", "ending": "0", "end": 302, "root": "äri", "_index_": 51, "partofspeech": "S", "start": 299, "lemma": "äri"}], [{"root_tokens": ["handsfree"], "form": "Sg Nom", "clitic": "", "ending": "0", "end": 312, "root": "handsfree", "_index_": 52, "partofspeech": "S", "start": 303, "lemma": "handsfree"}], [{"root_tokens": ["nii", "sama"], "form": "", "clitic": "", "ending": "0", "end": 320, "root": "nii_sama", "_index_": 53, "partofspeech": "D", "start": 313, "lemma": "niisama"}], [{"root_tokens": ["maha"], "form": "", "clitic": "", "ending": "0", "end": 325, "root": "maha", "_index_": 54, "partofspeech": "D", "start": 321, "lemma": "maha"}], [{"root_tokens": ["!"], "form": "", "clitic": "", "ending": "", "end": 327, "root": "!", "_index_": 55, "partofspeech": "Z", "start": 326, "lemma": "!"}], [{"root_tokens": ["150"], "form": "?", "clitic": "", "ending": "0", "end": 332, "root": "150", "_index_": 56, "partofspeech": "N", "start": 329, "lemma": "150"}], [{"root_tokens": ["eek"], "form": "Sg Nom", "clitic": "", "ending": "0", "end": 336, "root": "eek", "_index_": 57, "partofspeech": "S", "start": 333, "lemma": "eek"}], [{"root_tokens": ["tekki"], "form": "Pers Prt Ind Sg 3 Aff", "clitic": "", "ending": "s", "end": 344, "root": "tekki", "_index_": 58, "partofspeech": "V", "start": 338, "lemma": "tekkima"}], [{"root_tokens": ["huvi"], "form": "Sg Par", "clitic": "", "ending": "0", "end": 349, "root": "huvi", "_index_": 59, "partofspeech": "S", "start": 345, "lemma": "huvi"}], [{"root_tokens": ["-"], "form": "", "clitic": "", "ending": "", "end": 351, "root": "-", "_index_": 60, "partofspeech": "Z", "start": 350, "lemma": "-"}], [{"root_tokens": ["suvi"], "form": "Sg Nom", "clitic": "", "ending": "0", "end": 356, "root": "suvi", "_index_": 61, "partofspeech": "S", "start": 352, "lemma": "suvi"}], [{"root_tokens": ["tulek"], "form": "Sg Ade", "clitic": "", "ending": "l", "end": 364, "root": "tulek", "_index_": 62, "partofspeech": "S", "start": 357, "lemma": "tulek"}], [{"root_tokens": ["ja"], "form": "", "clitic": "", "ending": "0", "end": 367, "root": "ja", "_index_": 63, "partofspeech": "J", "start": 365, "lemma": "ja"}], [{"root_tokens": ["mina"], "form": "Sg Ade", "clitic": "", "ending": "l", "end": 371, "root": "mina", "_index_": 64, "partofspeech": "P", "start": 368, "lemma": "mina"}], [{"root_tokens": ["ole"], "form": "Pers Prs Ind Neg", "clitic": "", "ending": "0", "end": 376, "root": "ole", "_index_": 65, "partofspeech": "V", "start": 372, "lemma": "olema"}], [{"root_tokens": ["mobla"], "form": "Sg Par", "clitic": "", "ending": "t", "end": 383, "root": "mobla", "_index_": 66, "partofspeech": "S", "start": 377, "lemma": "mobla"}], [{"root_tokens": [","], "form": "", "clitic": "", "ending": "", "end": 385, "root": ",", "_index_": 67, "partofspeech": "Z", "start": 384, "lemma": ","}], [{"root_tokens": ["palju"], "form": "", "clitic": "", "ending": "0", "end": 391, "root": "palju", "_index_": 68, "partofspeech": "D", "start": 386, "lemma": "palju"}], [{"root_tokens": ["taht"], "form": "Pers Prs Ind Sg 2 Aff", "clitic": "", "ending": "d", "end": 397, "root": "taht", "_index_": 69, "partofspeech": "V", "start": 392, "lemma": "tahtma"}], [{"root_tokens": ["ja"], "form": "", "clitic": "", "ending": "0", "end": 400, "root": "ja", "_index_": 70, "partofspeech": "J", "start": 398, "lemma": "ja"}], [{"root_tokens": ["kus"], "form": "", "clitic": "", "ending": "0", "end": 404, "root": "kus", "_index_": 71, "partofspeech": "D", "start": 401, "lemma": "kus"}], [{"root_tokens": ["ela"], "form": "Pers Prs Ind Sg 2 Aff", "clitic": "", "ending": "d", "end": 409, "root": "ela", "_index_": 72, "partofspeech": "V", "start": 405, "lemma": "elama"}], [{"root_tokens": ["?"], "form": "", "clitic": "", "ending": "", "end": 411, "root": "?", "_index_": 73, "partofspeech": "Z", "start": 410, "lemma": "?"}], [{"root_tokens": ["kui"], "form": "", "clitic": "", "ending": "0", "end": 416, "root": "kui", "_index_": 74, "partofspeech": "D", "start": 413, "lemma": "kui"}, {"root_tokens": ["kui"], "form": "", "clitic": "", "ending": "0", "end": 416, "root": "kui", "_index_": 74, "partofspeech": "J", "start": 413, "lemma": "kui"}], [{"root_tokens": ["ela"], "form": "Pers Prs Ind Sg 2 Aff", "clitic": "", "ending": "d", "end": 421, "root": "ela", "_index_": 75, "partofspeech": "V", "start": 417, "lemma": "elama"}], [{"root_tokens": ["tartu"], "form": "Sg Ine", "clitic": "", "ending": "s", "end": 428, "root": "tartu", "_index_": 76, "partofspeech": "S", "start": 422, "lemma": "tartu"}], [{"root_tokens": ["siis"], "form": "", "clitic": "", "ending": "0", "end": 433, "root": "siis", "_index_": 77, "partofspeech": "D", "start": 429, "lemma": "siis"}], [{"root_tokens": ["ost"], "form": "Pers Prs Cond", "clitic": "", "ending": "ks", "end": 440, "root": "ost", "_index_": 78, "partofspeech": "V", "start": 434, "lemma": "ostma"}], [{"root_tokens": ["kindlalt"], "form": "", "clitic": "", "ending": "0", "end": 449, "root": "kindlalt", "_index_": 79, "partofspeech": "D", "start": 441, "lemma": "kindlalt"}], [{"root_tokens": ["ära"], "form": "", "clitic": "", "ending": "0", "end": 453, "root": "ära", "_index_": 80, "partofspeech": "D", "start": 450, "lemma": "ära"}], [{"root_tokens": ["."], "form": "", "clitic": "", "ending": "", "end": 455, "root": ".", "_index_": 81, "partofspeech": "Z", "start": 454, "lemma": "."}], [{"root_tokens": ["saa"], "form": "Inf", "clitic": "", "ending": "da", "end": 461, "root": "saa", "_index_": 82, "partofspeech": "V", "start": 456, "lemma": "saama"}], [{"root_tokens": ["mina"], "form": "Pl Ade", "clitic": "", "ending": "l", "end": 466, "root": "mina", "_index_": 83, "partofspeech": "P", "start": 462, "lemma": "mina"}]]}, {"enveloping": null, "attributes": [], "name": "tokens", "parent": null, "_base": "tokens", "ambiguous": false, "spans": [{"start": 0, "end": 1}, {"start": 1, "end": 2}, {"start": 2, "end": 7}, {"start": 9, "end": 16}, {"start": 17, "end": 19}, {"start": 19, "end": 20}, {"start": 20, "end": 22}, {"start": 22, "end": 23}, {"start": 23, "end": 25}, {"start": 26, "end": 29}, {"start": 29, "end": 30}, {"start": 30, "end": 33}, {"start": 34, "end": 46}, {"start": 47, "end": 48}, {"start": 49, "end": 59}, {"start": 60, "end": 64}, {"start": 65, "end": 74}, {"start": 75, "end": 77}, {"start": 78, "end": 85}, {"start": 86, "end": 101}, {"start": 102, "end": 103}, {"start": 104, "end": 110}, {"start": 111, "end": 113}, {"start": 114, "end": 118}, {"start": 119, "end": 124}, {"start": 125, "end": 131}, {"start": 132, "end": 137}, {"start": 138, "end": 139}, {"start": 140, "end": 144}, {"start": 145, "end": 146}, {"start": 147, "end": 154}, {"start": 155, "end": 156}, {"start": 157, "end": 166}, {"start": 167, "end": 168}, {"start": 170, "end": 174}, {"start": 175, "end": 176}, {"start": 177, "end": 184}, {"start": 185, "end": 192}, {"start": 193, "end": 195}, {"start": 196, "end": 212}, {"start": 214, "end": 215}, {"start": 215, "end": 220}, {"start": 221, "end": 228}, {"start": 229, "end": 235}, {"start": 236, "end": 238}, {"start": 239, "end": 244}, {"start": 245, "end": 246}, {"start": 247, "end": 251}, {"start": 252, "end": 256}, {"start": 257, "end": 262}, {"start": 263, "end": 268}, {"start": 269, "end": 270}, {"start": 271, "end": 278}, {"start": 279, "end": 280}, {"start": 281, "end": 288}, {"start": 290, "end": 291}, {"start": 291, "end": 292}, {"start": 292, "end": 296}, {"start": 296, "end": 297}, {"start": 299, "end": 302}, {"start": 303, "end": 312}, {"start": 313, "end": 320}, {"start": 321, "end": 325}, {"start": 326, "end": 327}, {"start": 329, "end": 332}, {"start": 333, "end": 336}, {"start": 338, "end": 344}, {"start": 345, "end": 349}, {"start": 350, "end": 351}, {"start": 352, "end": 356}, {"start": 357, "end": 364}, {"start": 365, "end": 367}, {"start": 368, "end": 371}, {"start": 372, "end": 376}, {"start": 377, "end": 383}, {"start": 384, "end": 385}, {"start": 386, "end": 391}, {"start": 392, "end": 397}, {"start": 398, "end": 400}, {"start": 401, "end": 404}, {"start": 405, "end": 409}, {"start": 410, "end": 411}, {"start": 413, "end": 416}, {"start": 417, "end": 421}, {"start": 422, "end": 428}, {"start": 429, "end": 433}, {"start": 434, "end": 440}, {"start": 441, "end": 449}, {"start": 450, "end": 453}, {"start": 454, "end": 455}, {"start": 456, "end": 461}, {"start": 462, "end": 466}]}, {"enveloping": "tokens", "attributes": ["type", "normalized"], "name": "compound_tokens", "parent": null, "_base": "compound_tokens", "ambiguous": false, "spans": [{"_index_": [4, 5, 6, 7, 8], "type": ["numeric"], "normalized": "051104"}, {"_index_": [9, 10, 11], "type": ["hyphenation", "case_ending"], "normalized": "EMT-ist"}, {"_index_": [55, 56, 57], "type": ["hyphenation"], "normalized": null}]}], "meta": {"subcorpus": "netifoorum", "type": "teema", "title": "M:6610i - 01. leht ( Planet Foorumid - Varia - Turg )", "alamfoorum": "Turg"}, "text": "M:6610i\n\nOstetud 05.11.04 EMT-ist järelmaksuga .\nJärelmaksu kõik osamaksed on makstud ennetähtaegselt .\nKaasas on kõik poest saadud stuff : karp , laadija , handsfree .\n\nHind : 1800EEK oodatud ka vahetusvariandid\n\n*Kaupa postiga saatma ei hakka , diil käib käest kätte .\nKontakt : 5244466\n\nE-Mail:\n\nÄri handsfree niisama maha !\n\n150 eek\n\ntekkis huvi - suvi tulekul ja mul pole moblat , palju tahad ja kus elad ?\n\nkui elad tartus siis ostaks kindlalt ära .\nsaada meil"}