{"meta": {"title": "M: Joystick Locitech Wingman - 01. leht ( Planet Foorumid - Varia - Turg )", "subcorpus": "netifoorum", "type": "teema", "alamfoorum": "Turg"}, "text": "M: Joystick Locitech Wingman\n\nLogitech Wingman siis müügis .\n\nPõhja all sellised andmed :\n\nModel : #3001\n\nS/N: AE 84310749\n\nP/N: 863001-3000", "layers": [{"_base": "words", "parent": null, "ambiguous": false, "name": "words", "enveloping": null, "spans": [{"start": 0, "end": 1, "normalized_form": null}, {"start": 1, "end": 2, "normalized_form": null}, {"start": 3, "end": 11, "normalized_form": null}, {"start": 12, "end": 20, "normalized_form": null}, {"start": 21, "end": 28, "normalized_form": null}, {"start": 30, "end": 38, "normalized_form": null}, {"start": 39, "end": 46, "normalized_form": null}, {"start": 47, "end": 51, "normalized_form": null}, {"start": 52, "end": 58, "normalized_form": null}, {"start": 59, "end": 60, "normalized_form": null}, {"start": 62, "end": 67, "normalized_form": null}, {"start": 68, "end": 71, "normalized_form": null}, {"start": 72, "end": 80, "normalized_form": null}, {"start": 81, "end": 87, "normalized_form": null}, {"start": 88, "end": 89, "normalized_form": null}, {"start": 91, "end": 96, "normalized_form": null}, {"start": 97, "end": 98, "normalized_form": null}, {"start": 99, "end": 100, "normalized_form": null}, {"start": 100, "end": 104, "normalized_form": null}, {"start": 106, "end": 109, "normalized_form": "S/N"}, {"start": 109, "end": 110, "normalized_form": null}, {"start": 111, "end": 113, "normalized_form": null}, {"start": 114, "end": 122, "normalized_form": null}, {"start": 124, "end": 127, "normalized_form": "P/N"}, {"start": 127, "end": 128, "normalized_form": null}, {"start": 129, "end": 135, "normalized_form": null}, {"start": 135, "end": 136, "normalized_form": null}, {"start": 136, "end": 140, "normalized_form": null}], "attributes": ["normalized_form"]}, {"_base": "words", "parent": "words", "ambiguous": true, "name": "morph_analysis", "enveloping": null, "spans": [[{"lemma": "M", "start": 0, "root": "M", "_index_": 0, "end": 1, "clitic": "", "form": "?", "ending": "0", "partofspeech": "Y", "root_tokens": ["M"]}], [{"lemma": ":", "start": 1, "root": ":", "_index_": 1, "end": 2, "clitic": "", "form": "", "ending": "", "partofspeech": "Z", "root_tokens": [":"]}], [{"lemma": "Joystick", "start": 3, "root": "Joystick", "_index_": 2, "end": 11, "clitic": "", "form": "sg n", "ending": "0", "partofspeech": "H", "root_tokens": ["Joystick"]}], [{"lemma": "Locitech", "start": 12, "root": "Locitech", "_index_": 3, "end": 20, "clitic": "", "form": "sg n", "ending": "0", "partofspeech": "H", "root_tokens": ["Locitech"]}], [{"lemma": "Wingman", "start": 21, "root": "Wingman", "_index_": 4, "end": 28, "clitic": "", "form": "sg n", "ending": "0", "partofspeech": "H", "root_tokens": ["Wingman"]}], [{"lemma": "Logitech", "start": 30, "root": "Logitech", "_index_": 5, "end": 38, "clitic": "", "form": "sg n", "ending": "0", "partofspeech": "H", "root_tokens": ["Logitech"]}], [{"lemma": "Wingman", "start": 39, "root": "Wingman", "_index_": 6, "end": 46, "clitic": "", "form": "sg n", "ending": "0", "partofspeech": "H", "root_tokens": ["Wingman"]}], [{"lemma": "siis", "start": 47, "root": "siis", "_index_": 7, "end": 51, "clitic": "", "form": "", "ending": "0", "partofspeech": "D", "root_tokens": ["siis"]}], [{"lemma": "müük", "start": 52, "root": "müük", "_index_": 8, "end": 58, "clitic": "", "form": "sg in", "ending": "s", "partofspeech": "S", "root_tokens": ["müük"]}], [{"lemma": ".", "start": 59, "root": ".", "_index_": 9, "end": 60, "clitic": "", "form": "", "ending": "", "partofspeech": "Z", "root_tokens": ["."]}], [{"lemma": "põhi", "start": 62, "root": "põhi", "_index_": 10, "end": 67, "clitic": "", "form": "sg g", "ending": "0", "partofspeech": "S", "root_tokens": ["põhi"]}], [{"lemma": "all", "start": 68, "root": "all", "_index_": 11, "end": 71, "clitic": "", "form": "", "ending": "0", "partofspeech": "K", "root_tokens": ["all"]}], [{"lemma": "selline", "start": 72, "root": "selline", "_index_": 12, "end": 80, "clitic": "", "form": "pl n", "ending": "d", "partofspeech": "P", "root_tokens": ["selline"]}], [{"lemma": "andmed", "start": 81, "root": "andmed", "_index_": 13, "end": 87, "clitic": "", "form": "pl n", "ending": "d", "partofspeech": "S", "root_tokens": ["andmed"]}], [{"lemma": ":", "start": 88, "root": ":", "_index_": 14, "end": 89, "clitic": "", "form": "", "ending": "", "partofspeech": "Z", "root_tokens": [":"]}], [{"lemma": "Model", "start": 91, "root": "Model", "_index_": 15, "end": 96, "clitic": "", "form": "sg n", "ending": "0", "partofspeech": "H", "root_tokens": ["Model"]}], [{"lemma": ":", "start": 97, "root": ":", "_index_": 16, "end": 98, "clitic": "", "form": "", "ending": "", "partofspeech": "Z", "root_tokens": [":"]}], [{"lemma": "#", "start": 99, "root": "#", "_index_": 17, "end": 100, "clitic": "", "form": "?", "ending": "0", "partofspeech": "Y", "root_tokens": ["#"]}], [{"lemma": "3001", "start": 100, "root": "3001", "_index_": 18, "end": 104, "clitic": "", "form": "?", "ending": "0", "partofspeech": "N", "root_tokens": ["3001"]}], [{"lemma": "S/N", "start": 106, "root": "S/N", "_index_": 19, "end": 109, "clitic": "", "form": "?", "ending": "0", "partofspeech": "Y", "root_tokens": ["S/N"]}], [{"lemma": ":", "start": 109, "root": ":", "_index_": 20, "end": 110, "clitic": "", "form": "", "ending": "", "partofspeech": "Z", "root_tokens": [":"]}], [{"lemma": "ae", "start": 111, "root": "ae", "_index_": 21, "end": 113, "clitic": "", "form": "", "ending": "0", "partofspeech": "I", "root_tokens": ["ae"]}], [{"lemma": "84310749", "start": 114, "root": "84310749", "_index_": 22, "end": 122, "clitic": "", "form": "?", "ending": "0", "partofspeech": "N", "root_tokens": ["84310749"]}], [{"lemma": "P/N", "start": 124, "root": "P/N", "_index_": 23, "end": 127, "clitic": "", "form": "?", "ending": "0", "partofspeech": "Y", "root_tokens": ["P/N"]}], [{"lemma": ":", "start": 127, "root": ":", "_index_": 24, "end": 128, "clitic": "", "form": "", "ending": "", "partofspeech": "Z", "root_tokens": [":"]}], [{"lemma": "863001", "start": 129, "root": "863001", "_index_": 25, "end": 135, "clitic": "", "form": "?", "ending": "0", "partofspeech": "N", "root_tokens": ["863001"]}], [{"lemma": "-", "start": 135, "root": "-", "_index_": 26, "end": 136, "clitic": "", "form": "", "ending": "", "partofspeech": "Z", "root_tokens": ["-"]}], [{"lemma": "3000", "start": 136, "root": "3000", "_index_": 27, "end": 140, "clitic": "", "form": "?", "ending": "0", "partofspeech": "N", "root_tokens": ["3000"]}]], "attributes": ["lemma", "root", "root_tokens", "ending", "clitic", "form", "partofspeech"]}, {"_base": "words", "parent": "morph_analysis", "ambiguous": true, "name": "gt_morph_analysis", "enveloping": null, "spans": [[{"lemma": "M", "start": 0, "root": "M", "_index_": 0, "end": 1, "clitic": "", "form": "?", "ending": "0", "partofspeech": "Y", "root_tokens": ["M"]}], [{"lemma": ":", "start": 1, "root": ":", "_index_": 1, "end": 2, "clitic": "", "form": "", "ending": "", "partofspeech": "Z", "root_tokens": [":"]}], [{"lemma": "Joystick", "start": 3, "root": "Joystick", "_index_": 2, "end": 11, "clitic": "", "form": "Sg Nom", "ending": "0", "partofspeech": "H", "root_tokens": ["Joystick"]}], [{"lemma": "Locitech", "start": 12, "root": "Locitech", "_index_": 3, "end": 20, "clitic": "", "form": "Sg Nom", "ending": "0", "partofspeech": "H", "root_tokens": ["Locitech"]}], [{"lemma": "Wingman", "start": 21, "root": "Wingman", "_index_": 4, "end": 28, "clitic": "", "form": "Sg Nom", "ending": "0", "partofspeech": "H", "root_tokens": ["Wingman"]}], [{"lemma": "Logitech", "start": 30, "root": "Logitech", "_index_": 5, "end": 38, "clitic": "", "form": "Sg Nom", "ending": "0", "partofspeech": "H", "root_tokens": ["Logitech"]}], [{"lemma": "Wingman", "start": 39, "root": "Wingman", "_index_": 6, "end": 46, "clitic": "", "form": "Sg Nom", "ending": "0", "partofspeech": "H", "root_tokens": ["Wingman"]}], [{"lemma": "siis", "start": 47, "root": "siis", "_index_": 7, "end": 51, "clitic": "", "form": "", "ending": "0", "partofspeech": "D", "root_tokens": ["siis"]}], [{"lemma": "müük", "start": 52, "root": "müük", "_index_": 8, "end": 58, "clitic": "", "form": "Sg Ine", "ending": "s", "partofspeech": "S", "root_tokens": ["müük"]}], [{"lemma": ".", "start": 59, "root": ".", "_index_": 9, "end": 60, "clitic": "", "form": "", "ending": "", "partofspeech": "Z", "root_tokens": ["."]}], [{"lemma": "põhi", "start": 62, "root": "põhi", "_index_": 10, "end": 67, "clitic": "", "form": "Sg Gen", "ending": "0", "partofspeech": "S", "root_tokens": ["põhi"]}], [{"lemma": "all", "start": 68, "root": "all", "_index_": 11, "end": 71, "clitic": "", "form": "", "ending": "0", "partofspeech": "K", "root_tokens": ["all"]}], [{"lemma": "selline", "start": 72, "root": "selline", "_index_": 12, "end": 80, "clitic": "", "form": "Pl Nom", "ending": "d", "partofspeech": "P", "root_tokens": ["selline"]}], [{"lemma": "andmed", "start": 81, "root": "andmed", "_index_": 13, "end": 87, "clitic": "", "form": "Pl Nom", "ending": "d", "partofspeech": "S", "root_tokens": ["andmed"]}], [{"lemma": ":", "start": 88, "root": ":", "_index_": 14, "end": 89, "clitic": "", "form": "", "ending": "", "partofspeech": "Z", "root_tokens": [":"]}], [{"lemma": "Model", "start": 91, "root": "Model", "_index_": 15, "end": 96, "clitic": "", "form": "Sg Nom", "ending": "0", "partofspeech": "H", "root_tokens": ["Model"]}], [{"lemma": ":", "start": 97, "root": ":", "_index_": 16, "end": 98, "clitic": "", "form": "", "ending": "", "partofspeech": "Z", "root_tokens": [":"]}], [{"lemma": "#", "start": 99, "root": "#", "_index_": 17, "end": 100, "clitic": "", "form": "?", "ending": "0", "partofspeech": "Y", "root_tokens": ["#"]}], [{"lemma": "3001", "start": 100, "root": "3001", "_index_": 18, "end": 104, "clitic": "", "form": "?", "ending": "0", "partofspeech": "N", "root_tokens": ["3001"]}], [{"lemma": "S/N", "start": 106, "root": "S/N", "_index_": 19, "end": 109, "clitic": "", "form": "?", "ending": "0", "partofspeech": "Y", "root_tokens": ["S/N"]}], [{"lemma": ":", "start": 109, "root": ":", "_index_": 20, "end": 110, "clitic": "", "form": "", "ending": "", "partofspeech": "Z", "root_tokens": [":"]}], [{"lemma": "ae", "start": 111, "root": "ae", "_index_": 21, "end": 113, "clitic": "", "form": "", "ending": "0", "partofspeech": "I", "root_tokens": ["ae"]}], [{"lemma": "84310749", "start": 114, "root": "84310749", "_index_": 22, "end": 122, "clitic": "", "form": "?", "ending": "0", "partofspeech": "N", "root_tokens": ["84310749"]}], [{"lemma": "P/N", "start": 124, "root": "P/N", "_index_": 23, "end": 127, "clitic": "", "form": "?", "ending": "0", "partofspeech": "Y", "root_tokens": ["P/N"]}], [{"lemma": ":", "start": 127, "root": ":", "_index_": 24, "end": 128, "clitic": "", "form": "", "ending": "", "partofspeech": "Z", "root_tokens": [":"]}], [{"lemma": "863001", "start": 129, "root": "863001", "_index_": 25, "end": 135, "clitic": "", "form": "?", "ending": "0", "partofspeech": "N", "root_tokens": ["863001"]}], [{"lemma": "-", "start": 135, "root": "-", "_index_": 26, "end": 136, "clitic": "", "form": "", "ending": "", "partofspeech": "Z", "root_tokens": ["-"]}], [{"lemma": "3000", "start": 136, "root": "3000", "_index_": 27, "end": 140, "clitic": "", "form": "?", "ending": "0", "partofspeech": "N", "root_tokens": ["3000"]}]], "attributes": ["lemma", "root", "root_tokens", "ending", "clitic", "form", "partofspeech"]}, {"_base": "sentences", "parent": null, "ambiguous": false, "name": "sentences", "enveloping": "words", "spans": [{"_index_": [0, 1, 2, 3, 4], "fix_types": ["double_newline_ending"]}, {"_index_": [5, 6, 7, 8, 9], "fix_types": []}, {"_index_": [10, 11, 12, 13, 14], "fix_types": ["double_newline_ending"]}, {"_index_": [15, 16, 17, 18], "fix_types": ["double_newline_ending"]}, {"_index_": [19, 20, 21, 22], "fix_types": ["double_newline_ending"]}, {"_index_": [23, 24, 25, 26, 27], "fix_types": []}], "attributes": ["fix_types"]}, {"_base": "paragraphs", "parent": null, "ambiguous": false, "name": "paragraphs", "enveloping": "sentences", "spans": [{"_index_": [0]}, {"_index_": [1]}, {"_index_": [2]}, {"_index_": [3]}, {"_index_": [4]}, {"_index_": [5]}], "attributes": []}, {"_base": "syntax_ignore", "parent": null, "ambiguous": false, "name": "syntax_ignore", "enveloping": "words", "spans": [], "attributes": ["type"]}, {"_base": "tokens", "parent": null, "ambiguous": false, "name": "tokens", "enveloping": null, "spans": [{"start": 0, "end": 1}, {"start": 1, "end": 2}, {"start": 3, "end": 11}, {"start": 12, "end": 20}, {"start": 21, "end": 28}, {"start": 30, "end": 38}, {"start": 39, "end": 46}, {"start": 47, "end": 51}, {"start": 52, "end": 58}, {"start": 59, "end": 60}, {"start": 62, "end": 67}, {"start": 68, "end": 71}, {"start": 72, "end": 80}, {"start": 81, "end": 87}, {"start": 88, "end": 89}, {"start": 91, "end": 96}, {"start": 97, "end": 98}, {"start": 99, "end": 100}, {"start": 100, "end": 104}, {"start": 106, "end": 107}, {"start": 107, "end": 108}, {"start": 108, "end": 109}, {"start": 109, "end": 110}, {"start": 111, "end": 113}, {"start": 114, "end": 122}, {"start": 124, "end": 125}, {"start": 125, "end": 126}, {"start": 126, "end": 127}, {"start": 127, "end": 128}, {"start": 129, "end": 135}, {"start": 135, "end": 136}, {"start": 136, "end": 140}], "attributes": []}, {"_base": "compound_tokens", "parent": null, "ambiguous": false, "name": "compound_tokens", "enveloping": "tokens", "spans": [{"_index_": [19, 20, 21], "normalized": "S/N", "type": ["unit"]}, {"_index_": [25, 26, 27], "normalized": "P/N", "type": ["unit"]}], "attributes": ["type", "normalized"]}]}