{"layers": [{"enveloping": null, "attributes": ["normalized_form"], "name": "words", "parent": null, "_base": "words", "ambiguous": false, "spans": [{"start": 0, "normalized_form": null, "end": 1}, {"start": 1, "normalized_form": null, "end": 2}, {"start": 3, "normalized_form": null, "end": 16}, {"start": 17, "normalized_form": null, "end": 21}, {"start": 22, "normalized_form": "X-2", "end": 25}, {"start": 27, "normalized_form": null, "end": 31}, {"start": 32, "normalized_form": null, "end": 36}, {"start": 37, "normalized_form": null, "end": 41}, {"start": 42, "normalized_form": "X-2", "end": 45}, {"start": 46, "normalized_form": null, "end": 59}, {"start": 60, "normalized_form": null, "end": 76}, {"start": 77, "normalized_form": null, "end": 78}, {"start": 79, "normalized_form": null, "end": 87}, {"start": 88, "normalized_form": null, "end": 98}, {"start": 99, "normalized_form": null, "end": 105}, {"start": 106, "normalized_form": null, "end": 107}, {"start": 108, "normalized_form": null, "end": 114}, {"start": 115, "normalized_form": null, "end": 119}, {"start": 120, "normalized_form": null, "end": 125}, {"start": 126, "normalized_form": null, "end": 134}, {"start": 135, "normalized_form": null, "end": 136}, {"start": 137, "normalized_form": null, "end": 146}, {"start": 148, "normalized_form": null, "end": 151}, {"start": 152, "normalized_form": null, "end": 157}, {"start": 158, "normalized_form": null, "end": 163}, {"start": 164, "normalized_form": null, "end": 169}, {"start": 170, "normalized_form": null, "end": 171}, {"start": 172, "normalized_form": null, "end": 176}, {"start": 177, "normalized_form": null, "end": 186}, {"start": 187, "normalized_form": null, "end": 196}, {"start": 197, "normalized_form": null, "end": 198}, {"start": 200, "normalized_form": null, "end": 206}, {"start": 207, "normalized_form": null, "end": 212}, {"start": 215, "normalized_form": null, "end": 216}, {"start": 217, "normalized_form": null, "end": 226}, {"start": 227, "normalized_form": null, "end": 229}, {"start": 230, "normalized_form": null, "end": 239}, {"start": 240, "normalized_form": null, "end": 249}, {"start": 252, "normalized_form": null, "end": 253}, {"start": 255, "normalized_form": null, "end": 262}, {"start": 263, "normalized_form": null, "end": 270}, {"start": 271, "normalized_form": null, "end": 272}, {"start": 273, "normalized_form": null, "end": 289}, {"start": 290, "normalized_form": null, "end": 292}, {"start": 293, "normalized_form": null, "end": 295}, {"start": 296, "normalized_form": null, "end": 297}]}, {"enveloping": "words", "attributes": ["fix_types"], "name": "sentences", "parent": null, "_base": "sentences", "ambiguous": false, "spans": [{"fix_types": ["double_newline_ending"], "_index_": [0, 1, 2, 3, 4]}, {"fix_types": [], "_index_": [5, 6, 7, 8, 9, 10, 11]}, {"fix_types": ["double_newline_ending"], "_index_": [12, 13, 14, 15, 16, 17, 18, 19, 20, 21]}, {"fix_types": [], "_index_": [22, 23, 24, 25, 26]}, {"fix_types": [], "_index_": [27, 28, 29, 30]}, {"fix_types": [], "_index_": [31, 32, 33, 34, 35, 36, 37, 38]}, {"fix_types": [], "_index_": [39, 40, 41, 42, 43, 44, 45]}]}, {"enveloping": "sentences", "attributes": [], "name": "paragraphs", "parent": null, "_base": "paragraphs", "ambiguous": false, "spans": [{"_index_": [0]}, {"_index_": [1, 2]}, {"_index_": [3, 4]}, {"_index_": [5]}, {"_index_": [6]}]}, {"enveloping": "words", "attributes": ["type"], "name": "syntax_ignore", "parent": null, "_base": "syntax_ignore", "ambiguous": false, "spans": []}, {"enveloping": null, "attributes": ["lemma", "root", "root_tokens", "ending", "clitic", "form", "partofspeech"], "name": "morph_analysis", "parent": "words", "_base": "words", "ambiguous": true, "spans": [[{"root_tokens": ["M"], "form": "?", "clitic": "", "ending": "0", "end": 1, "root": "M", "_index_": 0, "partofspeech": "Y", "start": 0, "lemma": "M"}], [{"root_tokens": [":"], "form": "", "clitic": "", "ending": "", "end": 2, "root": ":", "_index_": 1, "partofspeech": "Z", "start": 1, "lemma": ":"}], [{"root_tokens": ["Elektri", "kitarr"], "form": "sg n", "clitic": "", "ending": "0", "end": 16, "root": "Elektri_kitarr", "_index_": 2, "partofspeech": "H", "start": 3, "lemma": "Elektrikitarr"}], [{"root_tokens": ["Cort"], "form": "sg n", "clitic": "", "ending": "0", "end": 21, "root": "Cort", "_index_": 3, "partofspeech": "H", "start": 17, "lemma": "Cort"}], [{"root_tokens": ["X", "2"], "form": "?", "clitic": "", "ending": "0", "end": 25, "root": "X-2", "_index_": 4, "partofspeech": "N", "start": 22, "lemma": "X-2"}], [{"root_tokens": ["müü"], "form": "da", "clitic": "", "ending": "a", "end": 31, "root": "müü", "_index_": 5, "partofspeech": "V", "start": 27, "lemma": "müüma"}], [{"root_tokens": ["must"], "form": "sg n", "clitic": "", "ending": "0", "end": 36, "root": "must", "_index_": 6, "partofspeech": "A", "start": 32, "lemma": "must"}], [{"root_tokens": ["Cort"], "form": "sg n", "clitic": "", "ending": "0", "end": 41, "root": "Cort", "_index_": 7, "partofspeech": "H", "start": 37, "lemma": "Cort"}], [{"root_tokens": ["X", "2"], "form": "?", "clitic": "", "ending": "0", "end": 45, "root": "X-2", "_index_": 8, "partofspeech": "N", "start": 42, "lemma": "X-2"}], [{"root_tokens": ["elektri", "kitarr"], "form": "sg n", "clitic": "", "ending": "0", "end": 59, "root": "elektri_kitarr", "_index_": 9, "partofspeech": "S", "start": 46, "lemma": "elektrikitarr"}], [{"root_tokens": ["vasaku", "käeline"], "form": "pl all", "clitic": "", "ending": "tele", "end": 76, "root": "vasaku_käeline", "_index_": 10, "partofspeech": "A", "start": 60, "lemma": "vasakukäeline"}], [{"root_tokens": ["."], "form": "", "clitic": "", "ending": "", "end": 78, "root": ".", "_index_": 11, "partofspeech": "Z", "start": 77, "lemma": "."}], [{"root_tokens": ["igat", "pidi"], "form": "", "clitic": "", "ending": "0", "end": 87, "root": "igat_pidi", "_index_": 12, "partofspeech": "D", "start": 79, "lemma": "igatpidi"}], [{"root_tokens": ["täiuslik"], "form": "sg in", "clitic": "", "ending": "s", "end": 98, "root": "täiuslik", "_index_": 13, "partofspeech": "A", "start": 88, "lemma": "täiuslik"}], [{"root_tokens": ["kord"], "form": "sg in", "clitic": "", "ending": "s", "end": 105, "root": "kord", "_index_": 14, "partofspeech": "S", "start": 99, "lemma": "kord"}], [{"root_tokens": [","], "form": "", "clitic": "", "ending": "", "end": 107, "root": ",", "_index_": 15, "partofspeech": "Z", "start": 106, "lemma": ","}], [{"root_tokens": ["ainult"], "form": "", "clitic": "", "ending": "0", "end": 114, "root": "ainult", "_index_": 16, "partofspeech": "D", "start": 108, "lemma": "ainult"}], [{"root_tokens": ["paar"], "form": "sg n", "clitic": "", "ending": "0", "end": 119, "root": "paar", "_index_": 17, "partofspeech": "N", "start": 115, "lemma": "paar"}], [{"root_tokens": ["päev"], "form": "sg p", "clitic": "", "ending": "0", "end": 125, "root": "päev", "_index_": 18, "partofspeech": "S", "start": 120, "lemma": "päev"}], [{"root_tokens": ["mängitud"], "form": "", "clitic": "", "ending": "0", "end": 134, "root": "mängi=tud", "_index_": 19, "partofspeech": "A", "start": 126, "lemma": "mängitud"}, {"root_tokens": ["mängitud"], "form": "sg n", "clitic": "", "ending": "0", "end": 134, "root": "mängi=tud", "_index_": 19, "partofspeech": "A", "start": 126, "lemma": "mängitud"}, {"root_tokens": ["mängitud"], "form": "pl n", "clitic": "", "ending": "d", "end": 134, "root": "mängi=tud", "_index_": 19, "partofspeech": "A", "start": 126, "lemma": "mängitud"}, {"root_tokens": ["mängi"], "form": "tud", "clitic": "", "ending": "tud", "end": 134, "root": "mängi", "_index_": 19, "partofspeech": "V", "start": 126, "lemma": "mängima"}], [{"root_tokens": [","], "form": "", "clitic": "", "ending": "", "end": 136, "root": ",", "_index_": 20, "partofspeech": "Z", "start": 135, "lemma": ","}], [{"root_tokens": ["üle", "jäänud"], "form": "", "clitic": "", "ending": "0", "end": 146, "root": "üle_jäänud", "_index_": 21, "partofspeech": "A", "start": 137, "lemma": "ülejäänud"}, {"root_tokens": ["üle", "jäänud"], "form": "sg n", "clitic": "", "ending": "0", "end": 146, "root": "üle_jäänud", "_index_": 21, "partofspeech": "A", "start": 137, "lemma": "ülejäänud"}, {"root_tokens": ["üle", "jäänud"], "form": "pl n", "clitic": "", "ending": "d", "end": 146, "root": "üle_jäänud", "_index_": 21, "partofspeech": "A", "start": 137, "lemma": "ülejäänud"}], [{"root_tokens": ["aeg"], "form": "sg g", "clitic": "", "ending": "0", "end": 151, "root": "aeg", "_index_": 22, "partofspeech": "S", "start": 148, "lemma": "aeg"}], [{"root_tokens": ["kogus"], "form": "sg n", "clitic": "", "ending": "0", "end": 157, "root": "kogus", "_index_": 23, "partofspeech": "S", "start": 152, "lemma": "kogus"}], [{"root_tokens": ["kapp"], "form": "sg in", "clitic": "", "ending": "s", "end": 163, "root": "kapp", "_index_": 24, "partofspeech": "S", "start": 158, "lemma": "kapp"}], [{"root_tokens": ["tolm"], "form": "sg p", "clitic": "", "ending": "0", "end": 169, "root": "tolm", "_index_": 25, "partofspeech": "S", "start": 164, "lemma": "tolm"}], [{"root_tokens": ["."], "form": "", "clitic": "", "ending": "", "end": 171, "root": ".", "_index_": 26, "partofspeech": "Z", "start": 170, "lemma": "."}], [{"root_tokens": ["asu"], "form": "b", "clitic": "", "ending": "b", "end": 176, "root": "asu", "_index_": 27, "partofspeech": "V", "start": 172, "lemma": "asuma"}], [{"root_tokens": ["Tallinn"], "form": "sg in", "clitic": "", "ending": "s", "end": 186, "root": "Tallinn", "_index_": 28, "partofspeech": "H", "start": 177, "lemma": "Tallinn"}], [{"root_tokens": ["musta", "mägi"], "form": "sg ad", "clitic": "", "ending": "l", "end": 196, "root": "musta_mägi", "_index_": 29, "partofspeech": "S", "start": 187, "lemma": "mustamägi"}], [{"root_tokens": ["."], "form": "", "clitic": "", "ending": "", "end": 198, "root": ".", "_index_": 30, "partofspeech": "Z", "start": 197, "lemma": "."}], [{"root_tokens": ["pilt"], "form": "pl n", "clitic": "", "ending": "d", "end": 206, "root": "pilt", "_index_": 31, "partofspeech": "S", "start": 200, "lemma": "pilt"}], [{"root_tokens": ["leid"], "form": "b", "clitic": "", "ending": "b", "end": 212, "root": "leid", "_index_": 32, "partofspeech": "V", "start": 207, "lemma": "leidma"}], [{"root_tokens": [","], "form": "", "clitic": "", "ending": "", "end": 216, "root": ",", "_index_": 33, "partofspeech": "Z", "start": 215, "lemma": ","}], [{"root_tokens": ["üle", "vaade"], "form": "pl n", "clitic": "", "ending": "d", "end": 226, "root": "üle_vaade", "_index_": 34, "partofspeech": "S", "start": 217, "lemma": "ülevaade"}], [{"root_tokens": ["ja"], "form": "", "clitic": "", "ending": "0", "end": 229, "root": "ja", "_index_": 35, "partofspeech": "J", "start": 227, "lemma": "ja"}], [{"root_tokens": ["hinnang"], "form": "pl n", "clitic": "", "ending": "d", "end": 239, "root": "hinnang", "_index_": 36, "partofspeech": "S", "start": 230, "lemma": "hinnang"}], [{"root_tokens": ["kitarr"], "form": "sg all", "clitic": "", "ending": "le", "end": 249, "root": "kitarr", "_index_": 37, "partofspeech": "S", "start": 240, "lemma": "kitarr"}], [{"root_tokens": ["."], "form": "", "clitic": "", "ending": "", "end": 253, "root": ".", "_index_": 38, "partofspeech": "Z", "start": 252, "lemma": "."}], [{"root_tokens": ["Alg", "hind"], "form": "sg n", "clitic": "", "ending": "0", "end": 262, "root": "Alg_hind", "_index_": 39, "partofspeech": "H", "start": 255, "lemma": "Alghind"}, {"root_tokens": ["Alghind"], "form": "sg n", "clitic": "", "ending": "0", "end": 262, "root": "Alghind", "_index_": 39, "partofspeech": "H", "start": 255, "lemma": "Alghind"}], [{"root_tokens": ["2800EEK"], "form": "?", "clitic": "", "ending": "0", "end": 270, "root": "2800EEK", "_index_": 40, "partofspeech": "Y", "start": 263, "lemma": "2800EEK"}], [{"root_tokens": [","], "form": "", "clitic": "", "ending": "", "end": 272, "root": ",", "_index_": 41, "partofspeech": "Z", "start": 271, "lemma": ","}], [{"root_tokens": ["tingimis", "võimalus"], "form": "sg n", "clitic": "", "ending": "0", "end": 289, "root": "tingimis_võimalus", "_index_": 42, "partofspeech": "S", "start": 273, "lemma": "tingimisvõimalus"}], [{"root_tokens": ["ole"], "form": "b", "clitic": "", "ending": "0", "end": 292, "root": "ole", "_index_": 43, "partofspeech": "V", "start": 290, "lemma": "olema"}, {"root_tokens": ["ole"], "form": "vad", "clitic": "", "ending": "0", "end": 292, "root": "ole", "_index_": 43, "partofspeech": "V", "start": 290, "lemma": "olema"}], [{"root_tokens": ["ka"], "form": "", "clitic": "", "ending": "0", "end": 295, "root": "ka", "_index_": 44, "partofspeech": "D", "start": 293, "lemma": "ka"}], [{"root_tokens": ["."], "form": "", "clitic": "", "ending": "", "end": 297, "root": ".", "_index_": 45, "partofspeech": "Z", "start": 296, "lemma": "."}]]}, {"enveloping": null, "attributes": ["lemma", "root", "root_tokens", "ending", "clitic", "form", "partofspeech"], "name": "gt_morph_analysis", "parent": "morph_analysis", "_base": "words", "ambiguous": true, "spans": [[{"root_tokens": ["M"], "form": "?", "clitic": "", "ending": "0", "end": 1, "root": "M", "_index_": 0, "partofspeech": "Y", "start": 0, "lemma": "M"}], [{"root_tokens": [":"], "form": "", "clitic": "", "ending": "", "end": 2, "root": ":", "_index_": 1, "partofspeech": "Z", "start": 1, "lemma": ":"}], [{"root_tokens": ["Elektri", "kitarr"], "form": "Sg Nom", "clitic": "", "ending": "0", "end": 16, "root": "Elektri_kitarr", "_index_": 2, "partofspeech": "H", "start": 3, "lemma": "Elektrikitarr"}], [{"root_tokens": ["Cort"], "form": "Sg Nom", "clitic": "", "ending": "0", "end": 21, "root": "Cort", "_index_": 3, "partofspeech": "H", "start": 17, "lemma": "Cort"}], [{"root_tokens": ["X", "2"], "form": "?", "clitic": "", "ending": "0", "end": 25, "root": "X-2", "_index_": 4, "partofspeech": "N", "start": 22, "lemma": "X-2"}], [{"root_tokens": ["müü"], "form": "Inf", "clitic": "", "ending": "a", "end": 31, "root": "müü", "_index_": 5, "partofspeech": "V", "start": 27, "lemma": "müüma"}], [{"root_tokens": ["must"], "form": "Sg Nom", "clitic": "", "ending": "0", "end": 36, "root": "must", "_index_": 6, "partofspeech": "A", "start": 32, "lemma": "must"}], [{"root_tokens": ["Cort"], "form": "Sg Nom", "clitic": "", "ending": "0", "end": 41, "root": "Cort", "_index_": 7, "partofspeech": "H", "start": 37, "lemma": "Cort"}], [{"root_tokens": ["X", "2"], "form": "?", "clitic": "", "ending": "0", "end": 45, "root": "X-2", "_index_": 8, "partofspeech": "N", "start": 42, "lemma": "X-2"}], [{"root_tokens": ["elektri", "kitarr"], "form": "Sg Nom", "clitic": "", "ending": "0", "end": 59, "root": "elektri_kitarr", "_index_": 9, "partofspeech": "S", "start": 46, "lemma": "elektrikitarr"}], [{"root_tokens": ["vasaku", "käeline"], "form": "Pl All", "clitic": "", "ending": "tele", "end": 76, "root": "vasaku_käeline", "_index_": 10, "partofspeech": "A", "start": 60, "lemma": "vasakukäeline"}], [{"root_tokens": ["."], "form": "", "clitic": "", "ending": "", "end": 78, "root": ".", "_index_": 11, "partofspeech": "Z", "start": 77, "lemma": "."}], [{"root_tokens": ["igat", "pidi"], "form": "", "clitic": "", "ending": "0", "end": 87, "root": "igat_pidi", "_index_": 12, "partofspeech": "D", "start": 79, "lemma": "igatpidi"}], [{"root_tokens": ["täiuslik"], "form": "Sg Ine", "clitic": "", "ending": "s", "end": 98, "root": "täiuslik", "_index_": 13, "partofspeech": "A", "start": 88, "lemma": "täiuslik"}], [{"root_tokens": ["kord"], "form": "Sg Ine", "clitic": "", "ending": "s", "end": 105, "root": "kord", "_index_": 14, "partofspeech": "S", "start": 99, "lemma": "kord"}], [{"root_tokens": [","], "form": "", "clitic": "", "ending": "", "end": 107, "root": ",", "_index_": 15, "partofspeech": "Z", "start": 106, "lemma": ","}], [{"root_tokens": ["ainult"], "form": "", "clitic": "", "ending": "0", "end": 114, "root": "ainult", "_index_": 16, "partofspeech": "D", "start": 108, "lemma": "ainult"}], [{"root_tokens": ["paar"], "form": "Sg Nom", "clitic": "", "ending": "0", "end": 119, "root": "paar", "_index_": 17, "partofspeech": "N", "start": 115, "lemma": "paar"}], [{"root_tokens": ["päev"], "form": "Sg Par", "clitic": "", "ending": "0", "end": 125, "root": "päev", "_index_": 18, "partofspeech": "S", "start": 120, "lemma": "päev"}], [{"root_tokens": ["mängitud"], "form": "", "clitic": "", "ending": "0", "end": 134, "root": "mängi=tud", "_index_": 19, "partofspeech": "A", "start": 126, "lemma": "mängitud"}, {"root_tokens": ["mängitud"], "form": "Sg Nom", "clitic": "", "ending": "0", "end": 134, "root": "mängi=tud", "_index_": 19, "partofspeech": "A", "start": 126, "lemma": "mängitud"}, {"root_tokens": ["mängitud"], "form": "Pl Nom", "clitic": "", "ending": "d", "end": 134, "root": "mängi=tud", "_index_": 19, "partofspeech": "A", "start": 126, "lemma": "mängitud"}, {"root_tokens": ["mängi"], "form": "Impers Prt Prc", "clitic": "", "ending": "tud", "end": 134, "root": "mängi", "_index_": 19, "partofspeech": "V", "start": 126, "lemma": "mängima"}], [{"root_tokens": [","], "form": "", "clitic": "", "ending": "", "end": 136, "root": ",", "_index_": 20, "partofspeech": "Z", "start": 135, "lemma": ","}], [{"root_tokens": ["üle", "jäänud"], "form": "", "clitic": "", "ending": "0", "end": 146, "root": "üle_jäänud", "_index_": 21, "partofspeech": "A", "start": 137, "lemma": "ülejäänud"}, {"root_tokens": ["üle", "jäänud"], "form": "Sg Nom", "clitic": "", "ending": "0", "end": 146, "root": "üle_jäänud", "_index_": 21, "partofspeech": "A", "start": 137, "lemma": "ülejäänud"}, {"root_tokens": ["üle", "jäänud"], "form": "Pl Nom", "clitic": "", "ending": "d", "end": 146, "root": "üle_jäänud", "_index_": 21, "partofspeech": "A", "start": 137, "lemma": "ülejäänud"}], [{"root_tokens": ["aeg"], "form": "Sg Gen", "clitic": "", "ending": "0", "end": 151, "root": "aeg", "_index_": 22, "partofspeech": "S", "start": 148, "lemma": "aeg"}], [{"root_tokens": ["kogus"], "form": "Sg Nom", "clitic": "", "ending": "0", "end": 157, "root": "kogus", "_index_": 23, "partofspeech": "S", "start": 152, "lemma": "kogus"}], [{"root_tokens": ["kapp"], "form": "Sg Ine", "clitic": "", "ending": "s", "end": 163, "root": "kapp", "_index_": 24, "partofspeech": "S", "start": 158, "lemma": "kapp"}], [{"root_tokens": ["tolm"], "form": "Sg Par", "clitic": "", "ending": "0", "end": 169, "root": "tolm", "_index_": 25, "partofspeech": "S", "start": 164, "lemma": "tolm"}], [{"root_tokens": ["."], "form": "", "clitic": "", "ending": "", "end": 171, "root": ".", "_index_": 26, "partofspeech": "Z", "start": 170, "lemma": "."}], [{"root_tokens": ["asu"], "form": "Pers Prs Ind Sg 3 Aff", "clitic": "", "ending": "b", "end": 176, "root": "asu", "_index_": 27, "partofspeech": "V", "start": 172, "lemma": "asuma"}], [{"root_tokens": ["Tallinn"], "form": "Sg Ine", "clitic": "", "ending": "s", "end": 186, "root": "Tallinn", "_index_": 28, "partofspeech": "H", "start": 177, "lemma": "Tallinn"}], [{"root_tokens": ["musta", "mägi"], "form": "Sg Ade", "clitic": "", "ending": "l", "end": 196, "root": "musta_mägi", "_index_": 29, "partofspeech": "S", "start": 187, "lemma": "mustamägi"}], [{"root_tokens": ["."], "form": "", "clitic": "", "ending": "", "end": 198, "root": ".", "_index_": 30, "partofspeech": "Z", "start": 197, "lemma": "."}], [{"root_tokens": ["pilt"], "form": "Pl Nom", "clitic": "", "ending": "d", "end": 206, "root": "pilt", "_index_": 31, "partofspeech": "S", "start": 200, "lemma": "pilt"}], [{"root_tokens": ["leid"], "form": "Pers Prs Ind Sg 3 Aff", "clitic": "", "ending": "b", "end": 212, "root": "leid", "_index_": 32, "partofspeech": "V", "start": 207, "lemma": "leidma"}], [{"root_tokens": [","], "form": "", "clitic": "", "ending": "", "end": 216, "root": ",", "_index_": 33, "partofspeech": "Z", "start": 215, "lemma": ","}], [{"root_tokens": ["üle", "vaade"], "form": "Pl Nom", "clitic": "", "ending": "d", "end": 226, "root": "üle_vaade", "_index_": 34, "partofspeech": "S", "start": 217, "lemma": "ülevaade"}], [{"root_tokens": ["ja"], "form": "", "clitic": "", "ending": "0", "end": 229, "root": "ja", "_index_": 35, "partofspeech": "J", "start": 227, "lemma": "ja"}], [{"root_tokens": ["hinnang"], "form": "Pl Nom", "clitic": "", "ending": "d", "end": 239, "root": "hinnang", "_index_": 36, "partofspeech": "S", "start": 230, "lemma": "hinnang"}], [{"root_tokens": ["kitarr"], "form": "Sg All", "clitic": "", "ending": "le", "end": 249, "root": "kitarr", "_index_": 37, "partofspeech": "S", "start": 240, "lemma": "kitarr"}], [{"root_tokens": ["."], "form": "", "clitic": "", "ending": "", "end": 253, "root": ".", "_index_": 38, "partofspeech": "Z", "start": 252, "lemma": "."}], [{"root_tokens": ["Alg", "hind"], "form": "Sg Nom", "clitic": "", "ending": "0", "end": 262, "root": "Alg_hind", "_index_": 39, "partofspeech": "H", "start": 255, "lemma": "Alghind"}, {"root_tokens": ["Alghind"], "form": "Sg Nom", "clitic": "", "ending": "0", "end": 262, "root": "Alghind", "_index_": 39, "partofspeech": "H", "start": 255, "lemma": "Alghind"}], [{"root_tokens": ["2800EEK"], "form": "?", "clitic": "", "ending": "0", "end": 270, "root": "2800EEK", "_index_": 40, "partofspeech": "Y", "start": 263, "lemma": "2800EEK"}], [{"root_tokens": [","], "form": "", "clitic": "", "ending": "", "end": 272, "root": ",", "_index_": 41, "partofspeech": "Z", "start": 271, "lemma": ","}], [{"root_tokens": ["tingimis", "võimalus"], "form": "Sg Nom", "clitic": "", "ending": "0", "end": 289, "root": "tingimis_võimalus", "_index_": 42, "partofspeech": "S", "start": 273, "lemma": "tingimisvõimalus"}], [{"root_tokens": ["ole"], "form": "Pers Prs Ind Sg 3 Aff", "clitic": "", "ending": "0", "end": 292, "root": "ole", "_index_": 43, "partofspeech": "V", "start": 290, "lemma": "olema"}, {"root_tokens": ["ole"], "form": "Pers Prs Ind Pl 3 Aff", "clitic": "", "ending": "0", "end": 292, "root": "ole", "_index_": 43, "partofspeech": "V", "start": 290, "lemma": "olema"}], [{"root_tokens": ["ka"], "form": "", "clitic": "", "ending": "0", "end": 295, "root": "ka", "_index_": 44, "partofspeech": "D", "start": 293, "lemma": "ka"}], [{"root_tokens": ["."], "form": "", "clitic": "", "ending": "", "end": 297, "root": ".", "_index_": 45, "partofspeech": "Z", "start": 296, "lemma": "."}]]}, {"enveloping": null, "attributes": [], "name": "tokens", "parent": null, "_base": "tokens", "ambiguous": false, "spans": [{"start": 0, "end": 1}, {"start": 1, "end": 2}, {"start": 3, "end": 16}, {"start": 17, "end": 21}, {"start": 22, "end": 23}, {"start": 23, "end": 24}, {"start": 24, "end": 25}, {"start": 27, "end": 31}, {"start": 32, "end": 36}, {"start": 37, "end": 41}, {"start": 42, "end": 43}, {"start": 43, "end": 44}, {"start": 44, "end": 45}, {"start": 46, "end": 59}, {"start": 60, "end": 76}, {"start": 77, "end": 78}, {"start": 79, "end": 87}, {"start": 88, "end": 98}, {"start": 99, "end": 105}, {"start": 106, "end": 107}, {"start": 108, "end": 114}, {"start": 115, "end": 119}, {"start": 120, "end": 125}, {"start": 126, "end": 134}, {"start": 135, "end": 136}, {"start": 137, "end": 146}, {"start": 148, "end": 151}, {"start": 152, "end": 157}, {"start": 158, "end": 163}, {"start": 164, "end": 169}, {"start": 170, "end": 171}, {"start": 172, "end": 176}, {"start": 177, "end": 186}, {"start": 187, "end": 196}, {"start": 197, "end": 198}, {"start": 200, "end": 206}, {"start": 207, "end": 212}, {"start": 215, "end": 216}, {"start": 217, "end": 226}, {"start": 227, "end": 229}, {"start": 230, "end": 239}, {"start": 240, "end": 249}, {"start": 252, "end": 253}, {"start": 255, "end": 262}, {"start": 263, "end": 270}, {"start": 271, "end": 272}, {"start": 273, "end": 289}, {"start": 290, "end": 292}, {"start": 293, "end": 295}, {"start": 296, "end": 297}]}, {"enveloping": "tokens", "attributes": ["type", "normalized"], "name": "compound_tokens", "parent": null, "_base": "compound_tokens", "ambiguous": false, "spans": [{"_index_": [4, 5, 6], "type": ["abbreviation"], "normalized": "X-2"}, {"_index_": [10, 11, 12], "type": ["abbreviation"], "normalized": "X-2"}]}], "meta": {"subcorpus": "netifoorum", "type": "teema", "title": "M: Elektrikitarr Cort X-2 - 01. leht ( Planet Foorumid - Varia - Turg )", "alamfoorum": "Turg"}, "text": "M: Elektrikitarr Cort X-2\n\nMüüa must Cort X-2 elektrikitarr vasakukäelistele .\nIgatpidi täiuslikus korras , ainult paar päeva mängitud , ülejäänud\n\naja kogus kapis tolmu .\nAsub Tallinnas Mustamäel .\n\nPildid leiab   , ülevaated ja hinnangud kitarrile   .\n\nAlghind 2800EEK , tingimisvõimalus on ka ."}