{"layers": [{"enveloping": null, "attributes": ["normalized_form"], "name": "words", "parent": null, "_base": "words", "ambiguous": false, "spans": [{"start": 0, "normalized_form": null, "end": 1}, {"start": 1, "normalized_form": null, "end": 2}, {"start": 3, "normalized_form": null, "end": 6}, {"start": 7, "normalized_form": null, "end": 9}, {"start": 10, "normalized_form": null, "end": 16}, {"start": 17, "normalized_form": null, "end": 20}, {"start": 21, "normalized_form": null, "end": 26}, {"start": 28, "normalized_form": null, "end": 34}, {"start": 36, "normalized_form": null, "end": 38}, {"start": 39, "normalized_form": null, "end": 40}, {"start": 41, "normalized_form": null, "end": 44}, {"start": 45, "normalized_form": null, "end": 47}, {"start": 48, "normalized_form": null, "end": 54}, {"start": 55, "normalized_form": null, "end": 58}, {"start": 59, "normalized_form": null, "end": 64}, {"start": 66, "normalized_form": null, "end": 69}, {"start": 70, "normalized_form": null, "end": 75}, {"start": 76, "normalized_form": null, "end": 79}, {"start": 80, "normalized_form": null, "end": 84}, {"start": 86, "normalized_form": null, "end": 90}, {"start": 91, "normalized_form": null, "end": 95}, {"start": 96, "normalized_form": null, "end": 97}, {"start": 98, "normalized_form": null, "end": 102}, {"start": 103, "normalized_form": null, "end": 104}, {"start": 106, "normalized_form": null, "end": 109}, {"start": 110, "normalized_form": null, "end": 112}, {"start": 113, "normalized_form": null, "end": 115}, {"start": 116, "normalized_form": null, "end": 121}, {"start": 122, "normalized_form": null, "end": 124}, {"start": 125, "normalized_form": null, "end": 128}, {"start": 129, "normalized_form": null, "end": 132}, {"start": 134, "normalized_form": null, "end": 139}, {"start": 140, "normalized_form": null, "end": 149}, {"start": 150, "normalized_form": "450", "end": 155}, {"start": 157, "normalized_form": null, "end": 158}, {"start": 158, "normalized_form": null, "end": 159}, {"start": 161, "normalized_form": null, "end": 167}, {"start": 168, "normalized_form": null, "end": 169}, {"start": 170, "normalized_form": null, "end": 173}, {"start": 174, "normalized_form": null, "end": 175}]}, {"enveloping": "words", "attributes": ["fix_types"], "name": "sentences", "parent": null, "_base": "sentences", "ambiguous": false, "spans": [{"fix_types": ["double_newline_ending"], "_index_": [0, 1, 2, 3, 4, 5, 6]}, {"fix_types": ["double_newline_ending"], "_index_": [7]}, {"fix_types": ["double_newline_ending"], "_index_": [8, 9, 10, 11, 12, 13, 14]}, {"fix_types": ["double_newline_ending"], "_index_": [15, 16, 17, 18]}, {"fix_types": [], "_index_": [19, 20, 21]}, {"fix_types": [], "_index_": [22, 23]}, {"fix_types": ["double_newline_ending"], "_index_": [24, 25, 26, 27, 28, 29, 30]}, {"fix_types": ["double_newline_ending", "numeric_monetary"], "_index_": [31, 32, 33, 34, 35]}, {"fix_types": [], "_index_": [36, 37, 38, 39]}]}, {"enveloping": "sentences", "attributes": [], "name": "paragraphs", "parent": null, "_base": "paragraphs", "ambiguous": false, "spans": [{"_index_": [0]}, {"_index_": [1]}, {"_index_": [2]}, {"_index_": [3]}, {"_index_": [4, 5]}, {"_index_": [6]}, {"_index_": [7]}, {"_index_": [8]}]}, {"enveloping": "words", "attributes": ["type"], "name": "syntax_ignore", "parent": null, "_base": "syntax_ignore", "ambiguous": false, "spans": [{"type": "parentheses_1to3", "_index_": [37, 38, 39]}]}, {"enveloping": null, "attributes": ["lemma", "root", "root_tokens", "ending", "clitic", "form", "partofspeech"], "name": "morph_analysis", "parent": "words", "_base": "words", "ambiguous": true, "spans": [[{"root_tokens": ["M"], "form": "?", "clitic": "", "ending": "0", "end": 1, "root": "M", "_index_": 0, "partofspeech": "Y", "start": 0, "lemma": "M"}], [{"root_tokens": [":"], "form": "", "clitic": "", "ending": "", "end": 2, "root": ":", "_index_": 1, "partofspeech": "Z", "start": 1, "lemma": ":"}], [{"root_tokens": ["256"], "form": "?", "clitic": "", "ending": "0", "end": 6, "root": "256", "_index_": 2, "partofspeech": "N", "start": 3, "lemma": "256"}], [{"root_tokens": ["Mb"], "form": "?", "clitic": "", "ending": "0", "end": 9, "root": "Mb", "_index_": 3, "partofspeech": "Y", "start": 7, "lemma": "Mb"}], [{"root_tokens": ["Pc2700"], "form": "?", "clitic": "", "ending": "0", "end": 16, "root": "Pc2700", "_index_": 4, "partofspeech": "Y", "start": 10, "lemma": "Pc2700"}], [{"root_tokens": ["Ddr"], "form": "sg n", "clitic": "", "ending": "0", "end": 20, "root": "Ddr", "_index_": 5, "partofspeech": "H", "start": 17, "lemma": "Ddr"}], [{"root_tokens": ["Sdram"], "form": "sg n", "clitic": "", "ending": "0", "end": 26, "root": "Sdram", "_index_": 6, "partofspeech": "H", "start": 21, "lemma": "Sdram"}], [{"root_tokens": ["470EEK"], "form": "?", "clitic": "", "ending": "0", "end": 34, "root": "470EEK", "_index_": 7, "partofspeech": "Y", "start": 28, "lemma": "470EEK"}], [{"root_tokens": ["Re"], "form": "?", "clitic": "", "ending": "0", "end": 38, "root": "Re", "_index_": 8, "partofspeech": "Y", "start": 36, "lemma": "Re"}], [{"root_tokens": [":"], "form": "", "clitic": "", "ending": "", "end": 40, "root": ":", "_index_": 9, "partofspeech": "Z", "start": 39, "lemma": ":"}], [{"root_tokens": ["256"], "form": "?", "clitic": "", "ending": "0", "end": 44, "root": "256", "_index_": 10, "partofspeech": "N", "start": 41, "lemma": "256"}], [{"root_tokens": ["Mb"], "form": "?", "clitic": "", "ending": "0", "end": 47, "root": "Mb", "_index_": 11, "partofspeech": "Y", "start": 45, "lemma": "Mb"}], [{"root_tokens": ["Pc2700"], "form": "?", "clitic": "", "ending": "0", "end": 54, "root": "Pc2700", "_index_": 12, "partofspeech": "Y", "start": 48, "lemma": "Pc2700"}], [{"root_tokens": ["Ddr"], "form": "sg n", "clitic": "", "ending": "0", "end": 58, "root": "Ddr", "_index_": 13, "partofspeech": "H", "start": 55, "lemma": "Ddr"}], [{"root_tokens": ["Sdram"], "form": "sg n", "clitic": "", "ending": "0", "end": 64, "root": "Sdram", "_index_": 14, "partofspeech": "H", "start": 59, "lemma": "Sdram"}], [{"root_tokens": ["kas"], "form": "", "clitic": "", "ending": "0", "end": 69, "root": "kas", "_index_": 15, "partofspeech": "D", "start": 66, "lemma": "kas"}], [{"root_tokens": ["ost"], "form": "d", "clitic": "", "ending": "d", "end": 75, "root": "ost", "_index_": 16, "partofspeech": "V", "start": 70, "lemma": "ostma"}], [{"root_tokens": ["või"], "form": "", "clitic": "", "ending": "0", "end": 79, "root": "või", "_index_": 17, "partofspeech": "J", "start": 76, "lemma": "või"}], [{"root_tokens": ["müü"], "form": "d", "clitic": "", "ending": "d", "end": 84, "root": "müü", "_index_": 18, "partofspeech": "V", "start": 80, "lemma": "müüma"}], [{"root_tokens": ["mina"], "form": "sg g", "clitic": "", "ending": "0", "end": 90, "root": "mina", "_index_": 19, "partofspeech": "P", "start": 86, "lemma": "mina"}], [{"root_tokens": ["viga"], "form": "sg n", "clitic": "", "ending": "0", "end": 95, "root": "viga", "_index_": 20, "partofspeech": "S", "start": 91, "lemma": "viga"}], [{"root_tokens": ["."], "form": "", "clitic": "", "ending": "", "end": 97, "root": ".", "_index_": 21, "partofspeech": "Z", "start": 96, "lemma": "."}], [{"root_tokens": ["müü"], "form": "n", "clitic": "", "ending": "n", "end": 102, "root": "müü", "_index_": 22, "partofspeech": "V", "start": 98, "lemma": "müüma"}], [{"root_tokens": ["!"], "form": "", "clitic": "", "ending": "", "end": 104, "root": "!", "_index_": 23, "partofspeech": "Z", "start": 103, "lemma": "!"}], [{"root_tokens": ["350"], "form": "?", "clitic": "", "ending": "0", "end": 109, "root": "350", "_index_": 24, "partofspeech": "N", "start": 106, "lemma": "350"}], [{"root_tokens": ["ja"], "form": "", "clitic": "", "ending": "0", "end": 112, "root": "ja", "_index_": 25, "partofspeech": "J", "start": 110, "lemma": "ja"}], [{"root_tokens": ["mina"], "form": "sg n", "clitic": "", "ending": "0", "end": 115, "root": "mina", "_index_": 26, "partofspeech": "P", "start": 113, "lemma": "mina"}], [{"root_tokens": ["võt"], "form": "n", "clitic": "", "ending": "n", "end": 121, "root": "võt", "_index_": 27, "partofspeech": "V", "start": 116, "lemma": "võtma"}], [{"root_tokens": ["tema"], "form": "sg g", "clitic": "", "ending": "0", "end": 124, "root": "tema", "_index_": 28, "partofspeech": "P", "start": 122, "lemma": "tema"}], [{"root_tokens": ["ära"], "form": "", "clitic": "", "ending": "0", "end": 128, "root": "ära", "_index_": 29, "partofspeech": "D", "start": 125, "lemma": "ära"}], [{"root_tokens": ["..."], "form": "", "clitic": "", "ending": "", "end": 132, "root": "...", "_index_": 30, "partofspeech": "Z", "start": 129, "lemma": "..."}], [{"root_tokens": ["parim"], "form": "sg n", "clitic": "", "ending": "0", "end": 139, "root": "parim", "_index_": 31, "partofspeech": "U", "start": 134, "lemma": "parim"}], [{"root_tokens": ["pakkumine"], "form": "sg n", "clitic": "", "ending": "0", "end": 149, "root": "pakkumine", "_index_": 32, "partofspeech": "S", "start": 140, "lemma": "pakkumine"}], [{"root_tokens": ["450"], "form": "?", "clitic": "", "ending": "0", "end": 155, "root": "450", "_index_": 33, "partofspeech": "N", "start": 150, "lemma": "450"}], [{"root_tokens": ["-"], "form": "", "clitic": "", "ending": "", "end": 158, "root": "-", "_index_": 34, "partofspeech": "Z", "start": 157, "lemma": "-"}], [{"root_tokens": ["-"], "form": "", "clitic": "", "ending": "", "end": 159, "root": "-", "_index_": 35, "partofspeech": "Z", "start": 158, "lemma": "-"}], [{"root_tokens": ["müüdud"], "form": "", "clitic": "", "ending": "0", "end": 167, "root": "müü=dud", "_index_": 36, "partofspeech": "A", "start": 161, "lemma": "müüdud"}, {"root_tokens": ["müüdud"], "form": "sg n", "clitic": "", "ending": "0", "end": 167, "root": "müü=dud", "_index_": 36, "partofspeech": "A", "start": 161, "lemma": "müüdud"}, {"root_tokens": ["müüdud"], "form": "pl n", "clitic": "", "ending": "d", "end": 167, "root": "müü=dud", "_index_": 36, "partofspeech": "A", "start": 161, "lemma": "müüdud"}, {"root_tokens": ["müü"], "form": "tud", "clitic": "", "ending": "dud", "end": 167, "root": "müü", "_index_": 36, "partofspeech": "V", "start": 161, "lemma": "müüma"}], [{"root_tokens": ["("], "form": "", "clitic": "", "ending": "", "end": 169, "root": "(", "_index_": 37, "partofspeech": "Z", "start": 168, "lemma": "("}], [{"root_tokens": ["450"], "form": "?", "clitic": "", "ending": "0", "end": 173, "root": "450", "_index_": 38, "partofspeech": "N", "start": 170, "lemma": "450"}], [{"root_tokens": [")"], "form": "", "clitic": "", "ending": "", "end": 175, "root": ")", "_index_": 39, "partofspeech": "Z", "start": 174, "lemma": ")"}]]}, {"enveloping": null, "attributes": ["lemma", "root", "root_tokens", "ending", "clitic", "form", "partofspeech"], "name": "gt_morph_analysis", "parent": "morph_analysis", "_base": "words", "ambiguous": true, "spans": [[{"root_tokens": ["M"], "form": "?", "clitic": "", "ending": "0", "end": 1, "root": "M", "_index_": 0, "partofspeech": "Y", "start": 0, "lemma": "M"}], [{"root_tokens": [":"], "form": "", "clitic": "", "ending": "", "end": 2, "root": ":", "_index_": 1, "partofspeech": "Z", "start": 1, "lemma": ":"}], [{"root_tokens": ["256"], "form": "?", "clitic": "", "ending": "0", "end": 6, "root": "256", "_index_": 2, "partofspeech": "N", "start": 3, "lemma": "256"}], [{"root_tokens": ["Mb"], "form": "?", "clitic": "", "ending": "0", "end": 9, "root": "Mb", "_index_": 3, "partofspeech": "Y", "start": 7, "lemma": "Mb"}], [{"root_tokens": ["Pc2700"], "form": "?", "clitic": "", "ending": "0", "end": 16, "root": "Pc2700", "_index_": 4, "partofspeech": "Y", "start": 10, "lemma": "Pc2700"}], [{"root_tokens": ["Ddr"], "form": "Sg Nom", "clitic": "", "ending": "0", "end": 20, "root": "Ddr", "_index_": 5, "partofspeech": "H", "start": 17, "lemma": "Ddr"}], [{"root_tokens": ["Sdram"], "form": "Sg Nom", "clitic": "", "ending": "0", "end": 26, "root": "Sdram", "_index_": 6, "partofspeech": "H", "start": 21, "lemma": "Sdram"}], [{"root_tokens": ["470EEK"], "form": "?", "clitic": "", "ending": "0", "end": 34, "root": "470EEK", "_index_": 7, "partofspeech": "Y", "start": 28, "lemma": "470EEK"}], [{"root_tokens": ["Re"], "form": "?", "clitic": "", "ending": "0", "end": 38, "root": "Re", "_index_": 8, "partofspeech": "Y", "start": 36, "lemma": "Re"}], [{"root_tokens": [":"], "form": "", "clitic": "", "ending": "", "end": 40, "root": ":", "_index_": 9, "partofspeech": "Z", "start": 39, "lemma": ":"}], [{"root_tokens": ["256"], "form": "?", "clitic": "", "ending": "0", "end": 44, "root": "256", "_index_": 10, "partofspeech": "N", "start": 41, "lemma": "256"}], [{"root_tokens": ["Mb"], "form": "?", "clitic": "", "ending": "0", "end": 47, "root": "Mb", "_index_": 11, "partofspeech": "Y", "start": 45, "lemma": "Mb"}], [{"root_tokens": ["Pc2700"], "form": "?", "clitic": "", "ending": "0", "end": 54, "root": "Pc2700", "_index_": 12, "partofspeech": "Y", "start": 48, "lemma": "Pc2700"}], [{"root_tokens": ["Ddr"], "form": "Sg Nom", "clitic": "", "ending": "0", "end": 58, "root": "Ddr", "_index_": 13, "partofspeech": "H", "start": 55, "lemma": "Ddr"}], [{"root_tokens": ["Sdram"], "form": "Sg Nom", "clitic": "", "ending": "0", "end": 64, "root": "Sdram", "_index_": 14, "partofspeech": "H", "start": 59, "lemma": "Sdram"}], [{"root_tokens": ["kas"], "form": "", "clitic": "", "ending": "0", "end": 69, "root": "kas", "_index_": 15, "partofspeech": "D", "start": 66, "lemma": "kas"}], [{"root_tokens": ["ost"], "form": "Pers Prs Ind Sg 2 Aff", "clitic": "", "ending": "d", "end": 75, "root": "ost", "_index_": 16, "partofspeech": "V", "start": 70, "lemma": "ostma"}], [{"root_tokens": ["või"], "form": "", "clitic": "", "ending": "0", "end": 79, "root": "või", "_index_": 17, "partofspeech": "J", "start": 76, "lemma": "või"}], [{"root_tokens": ["müü"], "form": "Pers Prs Ind Sg 2 Aff", "clitic": "", "ending": "d", "end": 84, "root": "müü", "_index_": 18, "partofspeech": "V", "start": 80, "lemma": "müüma"}], [{"root_tokens": ["mina"], "form": "Sg Gen", "clitic": "", "ending": "0", "end": 90, "root": "mina", "_index_": 19, "partofspeech": "P", "start": 86, "lemma": "mina"}], [{"root_tokens": ["viga"], "form": "Sg Nom", "clitic": "", "ending": "0", "end": 95, "root": "viga", "_index_": 20, "partofspeech": "S", "start": 91, "lemma": "viga"}], [{"root_tokens": ["."], "form": "", "clitic": "", "ending": "", "end": 97, "root": ".", "_index_": 21, "partofspeech": "Z", "start": 96, "lemma": "."}], [{"root_tokens": ["müü"], "form": "Pers Prs Ind Sg 1 Aff", "clitic": "", "ending": "n", "end": 102, "root": "müü", "_index_": 22, "partofspeech": "V", "start": 98, "lemma": "müüma"}], [{"root_tokens": ["!"], "form": "", "clitic": "", "ending": "", "end": 104, "root": "!", "_index_": 23, "partofspeech": "Z", "start": 103, "lemma": "!"}], [{"root_tokens": ["350"], "form": "?", "clitic": "", "ending": "0", "end": 109, "root": "350", "_index_": 24, "partofspeech": "N", "start": 106, "lemma": "350"}], [{"root_tokens": ["ja"], "form": "", "clitic": "", "ending": "0", "end": 112, "root": "ja", "_index_": 25, "partofspeech": "J", "start": 110, "lemma": "ja"}], [{"root_tokens": ["mina"], "form": "Sg Nom", "clitic": "", "ending": "0", "end": 115, "root": "mina", "_index_": 26, "partofspeech": "P", "start": 113, "lemma": "mina"}], [{"root_tokens": ["võt"], "form": "Pers Prs Ind Sg 1 Aff", "clitic": "", "ending": "n", "end": 121, "root": "võt", "_index_": 27, "partofspeech": "V", "start": 116, "lemma": "võtma"}], [{"root_tokens": ["tema"], "form": "Sg Gen", "clitic": "", "ending": "0", "end": 124, "root": "tema", "_index_": 28, "partofspeech": "P", "start": 122, "lemma": "tema"}], [{"root_tokens": ["ära"], "form": "", "clitic": "", "ending": "0", "end": 128, "root": "ära", "_index_": 29, "partofspeech": "D", "start": 125, "lemma": "ära"}], [{"root_tokens": ["..."], "form": "", "clitic": "", "ending": "", "end": 132, "root": "...", "_index_": 30, "partofspeech": "Z", "start": 129, "lemma": "..."}], [{"root_tokens": ["parim"], "form": "Sg Nom", "clitic": "", "ending": "0", "end": 139, "root": "parim", "_index_": 31, "partofspeech": "U", "start": 134, "lemma": "parim"}], [{"root_tokens": ["pakkumine"], "form": "Sg Nom", "clitic": "", "ending": "0", "end": 149, "root": "pakkumine", "_index_": 32, "partofspeech": "S", "start": 140, "lemma": "pakkumine"}], [{"root_tokens": ["450"], "form": "?", "clitic": "", "ending": "0", "end": 155, "root": "450", "_index_": 33, "partofspeech": "N", "start": 150, "lemma": "450"}], [{"root_tokens": ["-"], "form": "", "clitic": "", "ending": "", "end": 158, "root": "-", "_index_": 34, "partofspeech": "Z", "start": 157, "lemma": "-"}], [{"root_tokens": ["-"], "form": "", "clitic": "", "ending": "", "end": 159, "root": "-", "_index_": 35, "partofspeech": "Z", "start": 158, "lemma": "-"}], [{"root_tokens": ["müüdud"], "form": "", "clitic": "", "ending": "0", "end": 167, "root": "müü=dud", "_index_": 36, "partofspeech": "A", "start": 161, "lemma": "müüdud"}, {"root_tokens": ["müüdud"], "form": "Sg Nom", "clitic": "", "ending": "0", "end": 167, "root": "müü=dud", "_index_": 36, "partofspeech": "A", "start": 161, "lemma": "müüdud"}, {"root_tokens": ["müüdud"], "form": "Pl Nom", "clitic": "", "ending": "d", "end": 167, "root": "müü=dud", "_index_": 36, "partofspeech": "A", "start": 161, "lemma": "müüdud"}, {"root_tokens": ["müü"], "form": "Impers Prt Prc", "clitic": "", "ending": "dud", "end": 167, "root": "müü", "_index_": 36, "partofspeech": "V", "start": 161, "lemma": "müüma"}], [{"root_tokens": ["("], "form": "", "clitic": "", "ending": "", "end": 169, "root": "(", "_index_": 37, "partofspeech": "Z", "start": 168, "lemma": "("}], [{"root_tokens": ["450"], "form": "?", "clitic": "", "ending": "0", "end": 173, "root": "450", "_index_": 38, "partofspeech": "N", "start": 170, "lemma": "450"}], [{"root_tokens": [")"], "form": "", "clitic": "", "ending": "", "end": 175, "root": ")", "_index_": 39, "partofspeech": "Z", "start": 174, "lemma": ")"}]]}, {"enveloping": null, "attributes": [], "name": "tokens", "parent": null, "_base": "tokens", "ambiguous": false, "spans": [{"start": 0, "end": 1}, {"start": 1, "end": 2}, {"start": 3, "end": 6}, {"start": 7, "end": 9}, {"start": 10, "end": 16}, {"start": 17, "end": 20}, {"start": 21, "end": 26}, {"start": 28, "end": 34}, {"start": 36, "end": 38}, {"start": 39, "end": 40}, {"start": 41, "end": 44}, {"start": 45, "end": 47}, {"start": 48, "end": 54}, {"start": 55, "end": 58}, {"start": 59, "end": 64}, {"start": 66, "end": 69}, {"start": 70, "end": 75}, {"start": 76, "end": 79}, {"start": 80, "end": 84}, {"start": 86, "end": 90}, {"start": 91, "end": 95}, {"start": 96, "end": 97}, {"start": 98, "end": 102}, {"start": 103, "end": 104}, {"start": 106, "end": 109}, {"start": 110, "end": 112}, {"start": 113, "end": 115}, {"start": 116, "end": 121}, {"start": 122, "end": 124}, {"start": 125, "end": 128}, {"start": 129, "end": 132}, {"start": 134, "end": 139}, {"start": 140, "end": 149}, {"start": 150, "end": 153}, {"start": 154, "end": 155}, {"start": 157, "end": 158}, {"start": 158, "end": 159}, {"start": 161, "end": 167}, {"start": 168, "end": 169}, {"start": 170, "end": 173}, {"start": 174, "end": 175}]}, {"enveloping": "tokens", "attributes": ["type", "normalized"], "name": "compound_tokens", "parent": null, "_base": "compound_tokens", "ambiguous": false, "spans": [{"_index_": [33, 34], "type": ["numeric"], "normalized": "450"}]}], "meta": {"subcorpus": "netifoorum", "type": "teema", "title": "256 Mb Pc2700 Ddr Sdram - 01. leht ( Planet Foorumid - Varia - Turg )", "alamfoorum": "Turg"}, "text": "M: 256 Mb Pc2700 Ddr Sdram\n\n470EEK\n\nRe : 256 Mb Pc2700 Ddr Sdram\n\nkas ostad või müüd\n\nminu viga .\nmüün !\n\n350 ja ma võtan ta ära ...\n\nparim pakkumine 450 .\n\n--\n\nmüüdud ( 450 )"}