{"meta": {"alamfoorum": "Turg", "subcorpus": "netifoorum", "type": "teema", "title": "MÜÜA lapsekäru - 01. leht ( Planet Foorumid - Varia - Turg )"}, "text": "MÜÜA lapsekäru\n\nmüüa lapsekäru 1500kr et äkki kellegil tuttav last ootamas et odav pakkumine ja käru on heas korras ja peaaegu nagu uus käru asub pärnus ja kontakst :\n\ntel:55935389\n\nMuide , siin foorumis on eraldi alafoorum müümise jaoks .\n\naa ja see oleks ??!\n\nÄkki ta tahtis saada käru südamelt ära ?\n\nseda ka aga aga kobin turule siis !!", "layers": [{"spans": [{"end": 4, "start": 0}, {"end": 14, "start": 5}, {"end": 20, "start": 16}, {"end": 30, "start": 21}, {"end": 37, "start": 31}, {"end": 40, "start": 38}, {"end": 45, "start": 41}, {"end": 54, "start": 46}, {"end": 61, "start": 55}, {"end": 66, "start": 62}, {"end": 74, "start": 67}, {"end": 77, "start": 75}, {"end": 82, "start": 78}, {"end": 92, "start": 83}, {"end": 95, "start": 93}, {"end": 100, "start": 96}, {"end": 103, "start": 101}, {"end": 108, "start": 104}, {"end": 115, "start": 109}, {"end": 118, "start": 116}, {"end": 126, "start": 119}, {"end": 131, "start": 127}, {"end": 135, "start": 132}, {"end": 140, "start": 136}, {"end": 145, "start": 141}, {"end": 152, "start": 146}, {"end": 155, "start": 153}, {"end": 164, "start": 156}, {"end": 166, "start": 165}, {"end": 171, "start": 168}, {"end": 172, "start": 171}, {"end": 180, "start": 172}, {"end": 187, "start": 182}, {"end": 189, "start": 188}, {"end": 194, "start": 190}, {"end": 203, "start": 195}, {"end": 206, "start": 204}, {"end": 213, "start": 207}, {"end": 223, "start": 214}, {"end": 231, "start": 224}, {"end": 237, "start": 232}, {"end": 239, "start": 238}, {"end": 243, "start": 241}, {"end": 246, "start": 244}, {"end": 250, "start": 247}, {"end": 256, "start": 251}, {"end": 260, "start": 257}, {"end": 266, "start": 262}, {"end": 269, "start": 267}, {"end": 276, "start": 270}, {"end": 282, "start": 277}, {"end": 287, "start": 283}, {"end": 296, "start": 288}, {"end": 300, "start": 297}, {"end": 302, "start": 301}, {"end": 308, "start": 304}, {"end": 311, "start": 309}, {"end": 315, "start": 312}, {"end": 319, "start": 316}, {"end": 325, "start": 320}, {"end": 332, "start": 326}, {"end": 337, "start": 333}, {"end": 340, "start": 338}], "parent": null, "name": "tokens", "_base": "tokens", "ambiguous": false, "enveloping": null, "attributes": []}, {"spans": [], "parent": null, "name": "compound_tokens", "_base": "compound_tokens", "ambiguous": false, "enveloping": "tokens", "attributes": ["type", "normalized"]}, {"spans": [{"normalized_form": null, "end": 4, "start": 0}, {"normalized_form": null, "end": 14, "start": 5}, {"normalized_form": null, "end": 20, "start": 16}, {"normalized_form": null, "end": 30, "start": 21}, {"normalized_form": null, "end": 37, "start": 31}, {"normalized_form": null, "end": 40, "start": 38}, {"normalized_form": null, "end": 45, "start": 41}, {"normalized_form": null, "end": 54, "start": 46}, {"normalized_form": null, "end": 61, "start": 55}, {"normalized_form": null, "end": 66, "start": 62}, {"normalized_form": null, "end": 74, "start": 67}, {"normalized_form": null, "end": 77, "start": 75}, {"normalized_form": null, "end": 82, "start": 78}, {"normalized_form": null, "end": 92, "start": 83}, {"normalized_form": null, "end": 95, "start": 93}, {"normalized_form": null, "end": 100, "start": 96}, {"normalized_form": null, "end": 103, "start": 101}, {"normalized_form": null, "end": 108, "start": 104}, {"normalized_form": null, "end": 115, "start": 109}, {"normalized_form": null, "end": 118, "start": 116}, {"normalized_form": null, "end": 126, "start": 119}, {"normalized_form": null, "end": 131, "start": 127}, {"normalized_form": null, "end": 135, "start": 132}, {"normalized_form": null, "end": 140, "start": 136}, {"normalized_form": null, "end": 145, "start": 141}, {"normalized_form": null, "end": 152, "start": 146}, {"normalized_form": null, "end": 155, "start": 153}, {"normalized_form": null, "end": 164, "start": 156}, {"normalized_form": null, "end": 166, "start": 165}, {"normalized_form": null, "end": 171, "start": 168}, {"normalized_form": null, "end": 172, "start": 171}, {"normalized_form": null, "end": 180, "start": 172}, {"normalized_form": null, "end": 187, "start": 182}, {"normalized_form": null, "end": 189, "start": 188}, {"normalized_form": null, "end": 194, "start": 190}, {"normalized_form": null, "end": 203, "start": 195}, {"normalized_form": null, "end": 206, "start": 204}, {"normalized_form": null, "end": 213, "start": 207}, {"normalized_form": null, "end": 223, "start": 214}, {"normalized_form": null, "end": 231, "start": 224}, {"normalized_form": null, "end": 237, "start": 232}, {"normalized_form": null, "end": 239, "start": 238}, {"normalized_form": null, "end": 243, "start": 241}, {"normalized_form": null, "end": 246, "start": 244}, {"normalized_form": null, "end": 250, "start": 247}, {"normalized_form": null, "end": 256, "start": 251}, {"normalized_form": null, "end": 260, "start": 257}, {"normalized_form": null, "end": 266, "start": 262}, {"normalized_form": null, "end": 269, "start": 267}, {"normalized_form": null, "end": 276, "start": 270}, {"normalized_form": null, "end": 282, "start": 277}, {"normalized_form": null, "end": 287, "start": 283}, {"normalized_form": null, "end": 296, "start": 288}, {"normalized_form": null, "end": 300, "start": 297}, {"normalized_form": null, "end": 302, "start": 301}, {"normalized_form": null, "end": 308, "start": 304}, {"normalized_form": null, "end": 311, "start": 309}, {"normalized_form": null, "end": 315, "start": 312}, {"normalized_form": null, "end": 319, "start": 316}, {"normalized_form": null, "end": 325, "start": 320}, {"normalized_form": null, "end": 332, "start": 326}, {"normalized_form": null, "end": 337, "start": 333}, {"normalized_form": null, "end": 340, "start": 338}], "parent": null, "name": "words", "_base": "words", "ambiguous": false, "enveloping": null, "attributes": ["normalized_form"]}, {"spans": [[{"lemma": "müüma", "form": "da", "ending": "a", "clitic": "", "start": 0, "root_tokens": ["müü"], "_index_": 0, "end": 4, "partofspeech": "V", "root": "müü"}], [{"lemma": "lapsekäru", "form": "sg g", "ending": "0", "clitic": "", "start": 5, "root_tokens": ["lapse", "käru"], "_index_": 1, "end": 14, "partofspeech": "S", "root": "lapse_käru"}], [{"lemma": "müüma", "form": "da", "ending": "a", "clitic": "", "start": 16, "root_tokens": ["müü"], "_index_": 2, "end": 20, "partofspeech": "V", "root": "müü"}], [{"lemma": "lapsekäru", "form": "sg p", "ending": "0", "clitic": "", "start": 21, "root_tokens": ["lapse", "käru"], "_index_": 3, "end": 30, "partofspeech": "S", "root": "lapse_käru"}], [{"lemma": "1500kr", "form": "?", "ending": "0", "clitic": "", "start": 31, "root_tokens": ["1500kr"], "_index_": 4, "end": 37, "partofspeech": "Y", "root": "1500kr"}], [{"lemma": "et", "form": "", "ending": "0", "clitic": "", "start": 38, "root_tokens": ["et"], "_index_": 5, "end": 40, "partofspeech": "J", "root": "et"}], [{"lemma": "äkki", "form": "", "ending": "0", "clitic": "", "start": 41, "root_tokens": ["äkki"], "_index_": 6, "end": 45, "partofspeech": "D", "root": "äkki"}], [{"lemma": "kellegi", "form": "sg ad", "ending": "l", "clitic": "", "start": 46, "root_tokens": ["kellegi"], "_index_": 7, "end": 54, "partofspeech": "S", "root": "kellegi"}, {"lemma": "kelleg", "form": "sg ad", "ending": "l", "clitic": "", "start": 46, "root_tokens": ["kelleg"], "_index_": 7, "end": 54, "partofspeech": "S", "root": "kelleg"}], [{"lemma": "tuttav", "form": "sg n", "ending": "0", "clitic": "", "start": 55, "root_tokens": ["tuttav"], "_index_": 8, "end": 61, "partofspeech": "A", "root": "tuttav"}], [{"lemma": "laps", "form": "sg p", "ending": "t", "clitic": "", "start": 62, "root_tokens": ["laps"], "_index_": 9, "end": 66, "partofspeech": "S", "root": "laps"}], [{"lemma": "ootama", "form": "mas", "ending": "mas", "clitic": "", "start": 67, "root_tokens": ["oota"], "_index_": 10, "end": 74, "partofspeech": "V", "root": "oota"}], [{"lemma": "et", "form": "", "ending": "0", "clitic": "", "start": 75, "root_tokens": ["et"], "_index_": 11, "end": 77, "partofspeech": "J", "root": "et"}], [{"lemma": "odav", "form": "sg n", "ending": "0", "clitic": "", "start": 78, "root_tokens": ["odav"], "_index_": 12, "end": 82, "partofspeech": "A", "root": "odav"}], [{"lemma": "pakkumine", "form": "sg n", "ending": "0", "clitic": "", "start": 83, "root_tokens": ["pakkumine"], "_index_": 13, "end": 92, "partofspeech": "S", "root": "pakkumine"}], [{"lemma": "ja", "form": "", "ending": "0", "clitic": "", "start": 93, "root_tokens": ["ja"], "_index_": 14, "end": 95, "partofspeech": "J", "root": "ja"}], [{"lemma": "käru", "form": "sg n", "ending": "0", "clitic": "", "start": 96, "root_tokens": ["käru"], "_index_": 15, "end": 100, "partofspeech": "S", "root": "käru"}], [{"lemma": "olema", "form": "b", "ending": "0", "clitic": "", "start": 101, "root_tokens": ["ole"], "_index_": 16, "end": 103, "partofspeech": "V", "root": "ole"}, {"lemma": "olema", "form": "vad", "ending": "0", "clitic": "", "start": 101, "root_tokens": ["ole"], "_index_": 16, "end": 103, "partofspeech": "V", "root": "ole"}], [{"lemma": "hea", "form": "sg in", "ending": "s", "clitic": "", "start": 104, "root_tokens": ["hea"], "_index_": 17, "end": 108, "partofspeech": "A", "root": "hea"}], [{"lemma": "kord", "form": "sg in", "ending": "s", "clitic": "", "start": 109, "root_tokens": ["kord"], "_index_": 18, "end": 115, "partofspeech": "S", "root": "kord"}], [{"lemma": "ja", "form": "", "ending": "0", "clitic": "", "start": 116, "root_tokens": ["ja"], "_index_": 19, "end": 118, "partofspeech": "J", "root": "ja"}], [{"lemma": "peaaegu", "form": "", "ending": "0", "clitic": "", "start": 119, "root_tokens": ["pea", "aegu"], "_index_": 20, "end": 126, "partofspeech": "D", "root": "pea_aegu"}], [{"lemma": "nagu", "form": "", "ending": "0", "clitic": "", "start": 127, "root_tokens": ["nagu"], "_index_": 21, "end": 131, "partofspeech": "D", "root": "nagu"}, {"lemma": "nagu", "form": "", "ending": "0", "clitic": "", "start": 127, "root_tokens": ["nagu"], "_index_": 21, "end": 131, "partofspeech": "J", "root": "nagu"}], [{"lemma": "uus", "form": "sg n", "ending": "0", "clitic": "", "start": 132, "root_tokens": ["uus"], "_index_": 22, "end": 135, "partofspeech": "A", "root": "uus"}], [{"lemma": "käru", "form": "sg n", "ending": "0", "clitic": "", "start": 136, "root_tokens": ["käru"], "_index_": 23, "end": 140, "partofspeech": "S", "root": "käru"}], [{"lemma": "asuma", "form": "b", "ending": "b", "clitic": "", "start": 141, "root_tokens": ["asu"], "_index_": 24, "end": 145, "partofspeech": "V", "root": "asu"}], [{"lemma": "pärnus", "form": "sg n", "ending": "0", "clitic": "", "start": 146, "root_tokens": ["pärnus"], "_index_": 25, "end": 152, "partofspeech": "S", "root": "pärnus"}], [{"lemma": "ja", "form": "", "ending": "0", "clitic": "", "start": 153, "root_tokens": ["ja"], "_index_": 26, "end": 155, "partofspeech": "J", "root": "ja"}], [{"lemma": "kontakst", "form": "sg n", "ending": "0", "clitic": "", "start": 156, "root_tokens": ["kontakst"], "_index_": 27, "end": 164, "partofspeech": "S", "root": "kontakst"}], [{"lemma": ":", "form": "", "ending": "", "clitic": "", "start": 165, "root_tokens": [":"], "_index_": 28, "end": 166, "partofspeech": "Z", "root": ":"}], [{"lemma": "tel", "form": "?", "ending": "0", "clitic": "", "start": 168, "root_tokens": ["tel"], "_index_": 29, "end": 171, "partofspeech": "Y", "root": "tel"}], [{"lemma": ":", "form": "", "ending": "", "clitic": "", "start": 171, "root_tokens": [":"], "_index_": 30, "end": 172, "partofspeech": "Z", "root": ":"}], [{"lemma": "55935389", "form": "?", "ending": "0", "clitic": "", "start": 172, "root_tokens": ["55935389"], "_index_": 31, "end": 180, "partofspeech": "N", "root": "55935389"}], [{"lemma": "muide", "form": "", "ending": "0", "clitic": "", "start": 182, "root_tokens": ["muide"], "_index_": 32, "end": 187, "partofspeech": "D", "root": "muide"}], [{"lemma": ",", "form": "", "ending": "", "clitic": "", "start": 188, "root_tokens": [","], "_index_": 33, "end": 189, "partofspeech": "Z", "root": ","}], [{"lemma": "siin", "form": "", "ending": "0", "clitic": "", "start": 190, "root_tokens": ["siin"], "_index_": 34, "end": 194, "partofspeech": "D", "root": "siin"}], [{"lemma": "foorum", "form": "sg in", "ending": "s", "clitic": "", "start": 195, "root_tokens": ["foorum"], "_index_": 35, "end": 203, "partofspeech": "S", "root": "foorum"}], [{"lemma": "olema", "form": "b", "ending": "0", "clitic": "", "start": 204, "root_tokens": ["ole"], "_index_": 36, "end": 206, "partofspeech": "V", "root": "ole"}, {"lemma": "olema", "form": "vad", "ending": "0", "clitic": "", "start": 204, "root_tokens": ["ole"], "_index_": 36, "end": 206, "partofspeech": "V", "root": "ole"}], [{"lemma": "eraldi", "form": "", "ending": "0", "clitic": "", "start": 207, "root_tokens": ["eraldi"], "_index_": 37, "end": 213, "partofspeech": "D", "root": "eraldi"}], [{"lemma": "alafoorum", "form": "sg n", "ending": "0", "clitic": "", "start": 214, "root_tokens": ["ala", "foorum"], "_index_": 38, "end": 223, "partofspeech": "S", "root": "ala_foorum"}], [{"lemma": "müümine", "form": "sg g", "ending": "0", "clitic": "", "start": 224, "root_tokens": ["müümine"], "_index_": 39, "end": 231, "partofspeech": "S", "root": "müümine"}], [{"lemma": "jaoks", "form": "", "ending": "0", "clitic": "", "start": 232, "root_tokens": ["jaoks"], "_index_": 40, "end": 237, "partofspeech": "K", "root": "jaoks"}], [{"lemma": ".", "form": "", "ending": "", "clitic": "", "start": 238, "root_tokens": ["."], "_index_": 41, "end": 239, "partofspeech": "Z", "root": "."}], [{"lemma": "aa", "form": "", "ending": "0", "clitic": "", "start": 241, "root_tokens": ["aa"], "_index_": 42, "end": 243, "partofspeech": "I", "root": "aa"}], [{"lemma": "ja", "form": "", "ending": "0", "clitic": "", "start": 244, "root_tokens": ["ja"], "_index_": 43, "end": 246, "partofspeech": "J", "root": "ja"}], [{"lemma": "see", "form": "sg n", "ending": "0", "clitic": "", "start": 247, "root_tokens": ["see"], "_index_": 44, "end": 250, "partofspeech": "P", "root": "see"}], [{"lemma": "olema", "form": "ks", "ending": "ks", "clitic": "", "start": 251, "root_tokens": ["ole"], "_index_": 45, "end": 256, "partofspeech": "V", "root": "ole"}], [{"lemma": "!", "form": "", "ending": "", "clitic": "", "start": 257, "root_tokens": ["!"], "_index_": 46, "end": 260, "partofspeech": "Z", "root": "!"}], [{"lemma": "äkki", "form": "", "ending": "0", "clitic": "", "start": 262, "root_tokens": ["äkki"], "_index_": 47, "end": 266, "partofspeech": "D", "root": "äkki"}], [{"lemma": "tema", "form": "sg n", "ending": "0", "clitic": "", "start": 267, "root_tokens": ["tema"], "_index_": 48, "end": 269, "partofspeech": "P", "root": "tema"}], [{"lemma": "tahtma", "form": "s", "ending": "is", "clitic": "", "start": 270, "root_tokens": ["taht"], "_index_": 49, "end": 276, "partofspeech": "V", "root": "taht"}], [{"lemma": "saama", "form": "da", "ending": "da", "clitic": "", "start": 277, "root_tokens": ["saa"], "_index_": 50, "end": 282, "partofspeech": "V", "root": "saa"}], [{"lemma": "käru", "form": "sg g", "ending": "0", "clitic": "", "start": 283, "root_tokens": ["käru"], "_index_": 51, "end": 287, "partofspeech": "S", "root": "käru"}], [{"lemma": "süda", "form": "sg abl", "ending": "lt", "clitic": "", "start": 288, "root_tokens": ["süda"], "_index_": 52, "end": 296, "partofspeech": "S", "root": "süda"}], [{"lemma": "ära", "form": "", "ending": "0", "clitic": "", "start": 297, "root_tokens": ["ära"], "_index_": 53, "end": 300, "partofspeech": "D", "root": "ära"}], [{"lemma": "?", "form": "", "ending": "", "clitic": "", "start": 301, "root_tokens": ["?"], "_index_": 54, "end": 302, "partofspeech": "Z", "root": "?"}], [{"lemma": "see", "form": "sg p", "ending": "da", "clitic": "", "start": 304, "root_tokens": ["see"], "_index_": 55, "end": 308, "partofspeech": "P", "root": "see"}], [{"lemma": "ka", "form": "", "ending": "0", "clitic": "", "start": 309, "root_tokens": ["ka"], "_index_": 56, "end": 311, "partofspeech": "D", "root": "ka"}], [{"lemma": "aga", "form": "", "ending": "0", "clitic": "", "start": 312, "root_tokens": ["aga"], "_index_": 57, "end": 315, "partofspeech": "J", "root": "aga"}], [{"lemma": "aga", "form": "", "ending": "0", "clitic": "", "start": 316, "root_tokens": ["aga"], "_index_": 58, "end": 319, "partofspeech": "J", "root": "aga"}], [{"lemma": "kobin", "form": "sg n", "ending": "0", "clitic": "", "start": 320, "root_tokens": ["kobin"], "_index_": 59, "end": 325, "partofspeech": "S", "root": "kobin"}], [{"lemma": "turg", "form": "sg all", "ending": "le", "clitic": "", "start": 326, "root_tokens": ["turg"], "_index_": 60, "end": 332, "partofspeech": "S", "root": "turg"}], [{"lemma": "siis", "form": "", "ending": "0", "clitic": "", "start": 333, "root_tokens": ["siis"], "_index_": 61, "end": 337, "partofspeech": "D", "root": "siis"}], [{"lemma": "!!", "form": "", "ending": "", "clitic": "", "start": 338, "root_tokens": ["!!"], "_index_": 62, "end": 340, "partofspeech": "Z", "root": "!!"}]], "parent": "words", "name": "morph_analysis", "_base": "words", "ambiguous": true, "enveloping": null, "attributes": ["lemma", "root", "root_tokens", "ending", "clitic", "form", "partofspeech"]}, {"spans": [[{"lemma": "müüma", "form": "Inf", "ending": "a", "clitic": "", "start": 0, "root_tokens": ["müü"], "_index_": 0, "end": 4, "partofspeech": "V", "root": "müü"}], [{"lemma": "lapsekäru", "form": "Sg Gen", "ending": "0", "clitic": "", "start": 5, "root_tokens": ["lapse", "käru"], "_index_": 1, "end": 14, "partofspeech": "S", "root": "lapse_käru"}], [{"lemma": "müüma", "form": "Inf", "ending": "a", "clitic": "", "start": 16, "root_tokens": ["müü"], "_index_": 2, "end": 20, "partofspeech": "V", "root": "müü"}], [{"lemma": "lapsekäru", "form": "Sg Par", "ending": "0", "clitic": "", "start": 21, "root_tokens": ["lapse", "käru"], "_index_": 3, "end": 30, "partofspeech": "S", "root": "lapse_käru"}], [{"lemma": "1500kr", "form": "?", "ending": "0", "clitic": "", "start": 31, "root_tokens": ["1500kr"], "_index_": 4, "end": 37, "partofspeech": "Y", "root": "1500kr"}], [{"lemma": "et", "form": "", "ending": "0", "clitic": "", "start": 38, "root_tokens": ["et"], "_index_": 5, "end": 40, "partofspeech": "J", "root": "et"}], [{"lemma": "äkki", "form": "", "ending": "0", "clitic": "", "start": 41, "root_tokens": ["äkki"], "_index_": 6, "end": 45, "partofspeech": "D", "root": "äkki"}], [{"lemma": "kellegi", "form": "Sg Ade", "ending": "l", "clitic": "", "start": 46, "root_tokens": ["kellegi"], "_index_": 7, "end": 54, "partofspeech": "S", "root": "kellegi"}, {"lemma": "kelleg", "form": "Sg Ade", "ending": "l", "clitic": "", "start": 46, "root_tokens": ["kelleg"], "_index_": 7, "end": 54, "partofspeech": "S", "root": "kelleg"}], [{"lemma": "tuttav", "form": "Sg Nom", "ending": "0", "clitic": "", "start": 55, "root_tokens": ["tuttav"], "_index_": 8, "end": 61, "partofspeech": "A", "root": "tuttav"}], [{"lemma": "laps", "form": "Sg Par", "ending": "t", "clitic": "", "start": 62, "root_tokens": ["laps"], "_index_": 9, "end": 66, "partofspeech": "S", "root": "laps"}], [{"lemma": "ootama", "form": "Pers Sup Ine", "ending": "mas", "clitic": "", "start": 67, "root_tokens": ["oota"], "_index_": 10, "end": 74, "partofspeech": "V", "root": "oota"}], [{"lemma": "et", "form": "", "ending": "0", "clitic": "", "start": 75, "root_tokens": ["et"], "_index_": 11, "end": 77, "partofspeech": "J", "root": "et"}], [{"lemma": "odav", "form": "Sg Nom", "ending": "0", "clitic": "", "start": 78, "root_tokens": ["odav"], "_index_": 12, "end": 82, "partofspeech": "A", "root": "odav"}], [{"lemma": "pakkumine", "form": "Sg Nom", "ending": "0", "clitic": "", "start": 83, "root_tokens": ["pakkumine"], "_index_": 13, "end": 92, "partofspeech": "S", "root": "pakkumine"}], [{"lemma": "ja", "form": "", "ending": "0", "clitic": "", "start": 93, "root_tokens": ["ja"], "_index_": 14, "end": 95, "partofspeech": "J", "root": "ja"}], [{"lemma": "käru", "form": "Sg Nom", "ending": "0", "clitic": "", "start": 96, "root_tokens": ["käru"], "_index_": 15, "end": 100, "partofspeech": "S", "root": "käru"}], [{"lemma": "olema", "form": "Pers Prs Ind Sg 3 Aff", "ending": "0", "clitic": "", "start": 101, "root_tokens": ["ole"], "_index_": 16, "end": 103, "partofspeech": "V", "root": "ole"}, {"lemma": "olema", "form": "Pers Prs Ind Pl 3 Aff", "ending": "0", "clitic": "", "start": 101, "root_tokens": ["ole"], "_index_": 16, "end": 103, "partofspeech": "V", "root": "ole"}], [{"lemma": "hea", "form": "Sg Ine", "ending": "s", "clitic": "", "start": 104, "root_tokens": ["hea"], "_index_": 17, "end": 108, "partofspeech": "A", "root": "hea"}], [{"lemma": "kord", "form": "Sg Ine", "ending": "s", "clitic": "", "start": 109, "root_tokens": ["kord"], "_index_": 18, "end": 115, "partofspeech": "S", "root": "kord"}], [{"lemma": "ja", "form": "", "ending": "0", "clitic": "", "start": 116, "root_tokens": ["ja"], "_index_": 19, "end": 118, "partofspeech": "J", "root": "ja"}], [{"lemma": "peaaegu", "form": "", "ending": "0", "clitic": "", "start": 119, "root_tokens": ["pea", "aegu"], "_index_": 20, "end": 126, "partofspeech": "D", "root": "pea_aegu"}], [{"lemma": "nagu", "form": "", "ending": "0", "clitic": "", "start": 127, "root_tokens": ["nagu"], "_index_": 21, "end": 131, "partofspeech": "D", "root": "nagu"}, {"lemma": "nagu", "form": "", "ending": "0", "clitic": "", "start": 127, "root_tokens": ["nagu"], "_index_": 21, "end": 131, "partofspeech": "J", "root": "nagu"}], [{"lemma": "uus", "form": "Sg Nom", "ending": "0", "clitic": "", "start": 132, "root_tokens": ["uus"], "_index_": 22, "end": 135, "partofspeech": "A", "root": "uus"}], [{"lemma": "käru", "form": "Sg Nom", "ending": "0", "clitic": "", "start": 136, "root_tokens": ["käru"], "_index_": 23, "end": 140, "partofspeech": "S", "root": "käru"}], [{"lemma": "asuma", "form": "Pers Prs Ind Sg 3 Aff", "ending": "b", "clitic": "", "start": 141, "root_tokens": ["asu"], "_index_": 24, "end": 145, "partofspeech": "V", "root": "asu"}], [{"lemma": "pärnus", "form": "Sg Nom", "ending": "0", "clitic": "", "start": 146, "root_tokens": ["pärnus"], "_index_": 25, "end": 152, "partofspeech": "S", "root": "pärnus"}], [{"lemma": "ja", "form": "", "ending": "0", "clitic": "", "start": 153, "root_tokens": ["ja"], "_index_": 26, "end": 155, "partofspeech": "J", "root": "ja"}], [{"lemma": "kontakst", "form": "Sg Nom", "ending": "0", "clitic": "", "start": 156, "root_tokens": ["kontakst"], "_index_": 27, "end": 164, "partofspeech": "S", "root": "kontakst"}], [{"lemma": ":", "form": "", "ending": "", "clitic": "", "start": 165, "root_tokens": [":"], "_index_": 28, "end": 166, "partofspeech": "Z", "root": ":"}], [{"lemma": "tel", "form": "?", "ending": "0", "clitic": "", "start": 168, "root_tokens": ["tel"], "_index_": 29, "end": 171, "partofspeech": "Y", "root": "tel"}], [{"lemma": ":", "form": "", "ending": "", "clitic": "", "start": 171, "root_tokens": [":"], "_index_": 30, "end": 172, "partofspeech": "Z", "root": ":"}], [{"lemma": "55935389", "form": "?", "ending": "0", "clitic": "", "start": 172, "root_tokens": ["55935389"], "_index_": 31, "end": 180, "partofspeech": "N", "root": "55935389"}], [{"lemma": "muide", "form": "", "ending": "0", "clitic": "", "start": 182, "root_tokens": ["muide"], "_index_": 32, "end": 187, "partofspeech": "D", "root": "muide"}], [{"lemma": ",", "form": "", "ending": "", "clitic": "", "start": 188, "root_tokens": [","], "_index_": 33, "end": 189, "partofspeech": "Z", "root": ","}], [{"lemma": "siin", "form": "", "ending": "0", "clitic": "", "start": 190, "root_tokens": ["siin"], "_index_": 34, "end": 194, "partofspeech": "D", "root": "siin"}], [{"lemma": "foorum", "form": "Sg Ine", "ending": "s", "clitic": "", "start": 195, "root_tokens": ["foorum"], "_index_": 35, "end": 203, "partofspeech": "S", "root": "foorum"}], [{"lemma": "olema", "form": "Pers Prs Ind Sg 3 Aff", "ending": "0", "clitic": "", "start": 204, "root_tokens": ["ole"], "_index_": 36, "end": 206, "partofspeech": "V", "root": "ole"}, {"lemma": "olema", "form": "Pers Prs Ind Pl 3 Aff", "ending": "0", "clitic": "", "start": 204, "root_tokens": ["ole"], "_index_": 36, "end": 206, "partofspeech": "V", "root": "ole"}], [{"lemma": "eraldi", "form": "", "ending": "0", "clitic": "", "start": 207, "root_tokens": ["eraldi"], "_index_": 37, "end": 213, "partofspeech": "D", "root": "eraldi"}], [{"lemma": "alafoorum", "form": "Sg Nom", "ending": "0", "clitic": "", "start": 214, "root_tokens": ["ala", "foorum"], "_index_": 38, "end": 223, "partofspeech": "S", "root": "ala_foorum"}], [{"lemma": "müümine", "form": "Sg Gen", "ending": "0", "clitic": "", "start": 224, "root_tokens": ["müümine"], "_index_": 39, "end": 231, "partofspeech": "S", "root": "müümine"}], [{"lemma": "jaoks", "form": "", "ending": "0", "clitic": "", "start": 232, "root_tokens": ["jaoks"], "_index_": 40, "end": 237, "partofspeech": "K", "root": "jaoks"}], [{"lemma": ".", "form": "", "ending": "", "clitic": "", "start": 238, "root_tokens": ["."], "_index_": 41, "end": 239, "partofspeech": "Z", "root": "."}], [{"lemma": "aa", "form": "", "ending": "0", "clitic": "", "start": 241, "root_tokens": ["aa"], "_index_": 42, "end": 243, "partofspeech": "I", "root": "aa"}], [{"lemma": "ja", "form": "", "ending": "0", "clitic": "", "start": 244, "root_tokens": ["ja"], "_index_": 43, "end": 246, "partofspeech": "J", "root": "ja"}], [{"lemma": "see", "form": "Sg Nom", "ending": "0", "clitic": "", "start": 247, "root_tokens": ["see"], "_index_": 44, "end": 250, "partofspeech": "P", "root": "see"}], [{"lemma": "olema", "form": "Pers Prs Cond", "ending": "ks", "clitic": "", "start": 251, "root_tokens": ["ole"], "_index_": 45, "end": 256, "partofspeech": "V", "root": "ole"}], [{"lemma": "!", "form": "", "ending": "", "clitic": "", "start": 257, "root_tokens": ["!"], "_index_": 46, "end": 260, "partofspeech": "Z", "root": "!"}], [{"lemma": "äkki", "form": "", "ending": "0", "clitic": "", "start": 262, "root_tokens": ["äkki"], "_index_": 47, "end": 266, "partofspeech": "D", "root": "äkki"}], [{"lemma": "tema", "form": "Sg Nom", "ending": "0", "clitic": "", "start": 267, "root_tokens": ["tema"], "_index_": 48, "end": 269, "partofspeech": "P", "root": "tema"}], [{"lemma": "tahtma", "form": "Pers Prt Ind Sg 3 Aff", "ending": "is", "clitic": "", "start": 270, "root_tokens": ["taht"], "_index_": 49, "end": 276, "partofspeech": "V", "root": "taht"}], [{"lemma": "saama", "form": "Inf", "ending": "da", "clitic": "", "start": 277, "root_tokens": ["saa"], "_index_": 50, "end": 282, "partofspeech": "V", "root": "saa"}], [{"lemma": "käru", "form": "Sg Gen", "ending": "0", "clitic": "", "start": 283, "root_tokens": ["käru"], "_index_": 51, "end": 287, "partofspeech": "S", "root": "käru"}], [{"lemma": "süda", "form": "Sg Abl", "ending": "lt", "clitic": "", "start": 288, "root_tokens": ["süda"], "_index_": 52, "end": 296, "partofspeech": "S", "root": "süda"}], [{"lemma": "ära", "form": "", "ending": "0", "clitic": "", "start": 297, "root_tokens": ["ära"], "_index_": 53, "end": 300, "partofspeech": "D", "root": "ära"}], [{"lemma": "?", "form": "", "ending": "", "clitic": "", "start": 301, "root_tokens": ["?"], "_index_": 54, "end": 302, "partofspeech": "Z", "root": "?"}], [{"lemma": "see", "form": "Sg Par", "ending": "da", "clitic": "", "start": 304, "root_tokens": ["see"], "_index_": 55, "end": 308, "partofspeech": "P", "root": "see"}], [{"lemma": "ka", "form": "", "ending": "0", "clitic": "", "start": 309, "root_tokens": ["ka"], "_index_": 56, "end": 311, "partofspeech": "D", "root": "ka"}], [{"lemma": "aga", "form": "", "ending": "0", "clitic": "", "start": 312, "root_tokens": ["aga"], "_index_": 57, "end": 315, "partofspeech": "J", "root": "aga"}], [{"lemma": "aga", "form": "", "ending": "0", "clitic": "", "start": 316, "root_tokens": ["aga"], "_index_": 58, "end": 319, "partofspeech": "J", "root": "aga"}], [{"lemma": "kobin", "form": "Sg Nom", "ending": "0", "clitic": "", "start": 320, "root_tokens": ["kobin"], "_index_": 59, "end": 325, "partofspeech": "S", "root": "kobin"}], [{"lemma": "turg", "form": "Sg All", "ending": "le", "clitic": "", "start": 326, "root_tokens": ["turg"], "_index_": 60, "end": 332, "partofspeech": "S", "root": "turg"}], [{"lemma": "siis", "form": "", "ending": "0", "clitic": "", "start": 333, "root_tokens": ["siis"], "_index_": 61, "end": 337, "partofspeech": "D", "root": "siis"}], [{"lemma": "!!", "form": "", "ending": "", "clitic": "", "start": 338, "root_tokens": ["!!"], "_index_": 62, "end": 340, "partofspeech": "Z", "root": "!!"}]], "parent": "morph_analysis", "name": "gt_morph_analysis", "_base": "words", "ambiguous": true, "enveloping": null, "attributes": ["lemma", "root", "root_tokens", "ending", "clitic", "form", "partofspeech"]}, {"spans": [], "parent": null, "name": "syntax_ignore", "_base": "syntax_ignore", "ambiguous": false, "enveloping": "words", "attributes": ["type"]}, {"spans": [{"fix_types": ["double_newline_ending"], "_index_": [0, 1]}, {"fix_types": ["double_newline_ending"], "_index_": [2, 3, 4, 5, 6, 7, 8, 9, 10, 11, 12, 13, 14, 15, 16, 17, 18, 19, 20, 21, 22, 23, 24, 25, 26, 27, 28]}, {"fix_types": ["double_newline_ending"], "_index_": [29, 30, 31]}, {"fix_types": [], "_index_": [32, 33, 34, 35, 36, 37, 38, 39, 40, 41]}, {"fix_types": [], "_index_": [42, 43, 44, 45, 46]}, {"fix_types": [], "_index_": [47, 48, 49, 50, 51, 52, 53, 54]}, {"fix_types": [], "_index_": [55, 56, 57, 58, 59, 60, 61, 62]}], "parent": null, "name": "sentences", "_base": "sentences", "ambiguous": false, "enveloping": "words", "attributes": ["fix_types"]}, {"spans": [{"_index_": [0]}, {"_index_": [1]}, {"_index_": [2]}, {"_index_": [3]}, {"_index_": [4]}, {"_index_": [5]}, {"_index_": [6]}], "parent": null, "name": "paragraphs", "_base": "paragraphs", "ambiguous": false, "enveloping": "sentences", "attributes": []}]}