{"layers": [{"enveloping": null, "attributes": ["normalized_form"], "name": "words", "parent": null, "_base": "words", "ambiguous": false, "spans": [{"start": 0, "normalized_form": null, "end": 2}, {"start": 3, "normalized_form": null, "end": 6}, {"start": 8, "normalized_form": null, "end": 12}, {"start": 13, "normalized_form": null, "end": 18}, {"start": 19, "normalized_form": null, "end": 23}, {"start": 24, "normalized_form": null, "end": 26}, {"start": 27, "normalized_form": null, "end": 31}, {"start": 32, "normalized_form": null, "end": 38}, {"start": 39, "normalized_form": null, "end": 49}, {"start": 50, "normalized_form": null, "end": 54}, {"start": 55, "normalized_form": null, "end": 58}, {"start": 60, "normalized_form": null, "end": 66}, {"start": 67, "normalized_form": null, "end": 71}, {"start": 72, "normalized_form": null, "end": 80}, {"start": 81, "normalized_form": null, "end": 83}, {"start": 84, "normalized_form": null, "end": 86}, {"start": 87, "normalized_form": null, "end": 92}, {"start": 93, "normalized_form": null, "end": 100}, {"start": 101, "normalized_form": null, "end": 107}, {"start": 108, "normalized_form": null, "end": 112}, {"start": 113, "normalized_form": null, "end": 124}, {"start": 125, "normalized_form": null, "end": 128}, {"start": 129, "normalized_form": null, "end": 135}, {"start": 136, "normalized_form": null, "end": 138}, {"start": 139, "normalized_form": null, "end": 143}, {"start": 144, "normalized_form": null, "end": 151}, {"start": 152, "normalized_form": null, "end": 155}, {"start": 156, "normalized_form": null, "end": 162}, {"start": 163, "normalized_form": null, "end": 165}, {"start": 166, "normalized_form": null, "end": 168}, {"start": 169, "normalized_form": null, "end": 172}, {"start": 173, "normalized_form": null, "end": 177}, {"start": 178, "normalized_form": null, "end": 182}, {"start": 183, "normalized_form": null, "end": 186}, {"start": 188, "normalized_form": null, "end": 193}, {"start": 194, "normalized_form": null, "end": 198}, {"start": 199, "normalized_form": null, "end": 204}, {"start": 205, "normalized_form": null, "end": 208}, {"start": 209, "normalized_form": null, "end": 215}, {"start": 216, "normalized_form": null, "end": 219}, {"start": 220, "normalized_form": null, "end": 223}, {"start": 224, "normalized_form": null, "end": 225}, {"start": 227, "normalized_form": null, "end": 236}, {"start": 237, "normalized_form": null, "end": 241}, {"start": 242, "normalized_form": null, "end": 244}, {"start": 245, "normalized_form": null, "end": 249}, {"start": 250, "normalized_form": null, "end": 259}, {"start": 260, "normalized_form": null, "end": 263}, {"start": 264, "normalized_form": null, "end": 267}, {"start": 268, "normalized_form": null, "end": 271}, {"start": 272, "normalized_form": null, "end": 275}, {"start": 276, "normalized_form": null, "end": 282}, {"start": 283, "normalized_form": null, "end": 286}, {"start": 288, "normalized_form": null, "end": 289}, {"start": 289, "normalized_form": null, "end": 295}, {"start": 296, "normalized_form": null, "end": 302}, {"start": 303, "normalized_form": null, "end": 308}, {"start": 309, "normalized_form": null, "end": 311}, {"start": 311, "normalized_form": null, "end": 312}, {"start": 312, "normalized_form": null, "end": 314}, {"start": 314, "normalized_form": null, "end": 315}, {"start": 315, "normalized_form": null, "end": 319}, {"start": 320, "normalized_form": null, "end": 324}, {"start": 325, "normalized_form": "20:05", "end": 330}, {"start": 330, "normalized_form": null, "end": 331}]}, {"enveloping": "words", "attributes": ["fix_types"], "name": "sentences", "parent": null, "_base": "sentences", "ambiguous": false, "spans": [{"fix_types": ["double_newline_ending"], "_index_": [0, 1]}, {"fix_types": ["double_newline_ending"], "_index_": [2, 3, 4, 5, 6, 7, 8, 9, 10]}, {"fix_types": ["double_newline_ending"], "_index_": [11, 12, 13, 14, 15, 16, 17, 18, 19, 20, 21, 22, 23, 24, 25, 26, 27, 28, 29, 30, 31, 32, 33]}, {"fix_types": ["double_newline_ending"], "_index_": [34, 35, 36, 37, 38, 39, 40, 41]}, {"fix_types": ["double_newline_ending"], "_index_": [42, 43, 44, 45, 46, 47, 48, 49, 50, 51, 52]}, {"fix_types": [], "_index_": [53, 54, 55, 56, 57, 58, 59, 60, 61, 62, 63, 64]}]}, {"enveloping": "sentences", "attributes": [], "name": "paragraphs", "parent": null, "_base": "paragraphs", "ambiguous": false, "spans": [{"_index_": [0]}, {"_index_": [1]}, {"_index_": [2]}, {"_index_": [3]}, {"_index_": [4]}, {"_index_": [5]}]}, {"enveloping": "words", "attributes": ["type"], "name": "syntax_ignore", "parent": null, "_base": "syntax_ignore", "ambiguous": false, "spans": []}, {"enveloping": null, "attributes": ["lemma", "root", "root_tokens", "ending", "clitic", "form", "partofspeech"], "name": "morph_analysis", "parent": "words", "_base": "words", "ambiguous": true, "spans": [[{"root_tokens": ["ok"], "form": "?", "clitic": "", "ending": "0", "end": 2, "root": "ok", "_index_": 0, "partofspeech": "Y", "start": 0, "lemma": "ok"}], [{"root_tokens": ["..."], "form": "", "clitic": "", "ending": "", "end": 6, "root": "...", "_index_": 1, "partofspeech": "Z", "start": 3, "lemma": "..."}], [{"root_tokens": ["mina"], "form": "sg g", "clitic": "", "ending": "0", "end": 12, "root": "mina", "_index_": 2, "partofspeech": "P", "start": 8, "lemma": "mina"}], [{"root_tokens": ["mingi"], "form": "sg g", "clitic": "", "ending": "0", "end": 18, "root": "mingi", "_index_": 3, "partofspeech": "P", "start": 13, "lemma": "mingi"}], [{"root_tokens": ["vana"], "form": "sg g", "clitic": "", "ending": "0", "end": 23, "root": "vana", "_index_": 4, "partofspeech": "A", "start": 19, "lemma": "vana"}], [{"root_tokens": ["ja"], "form": "", "clitic": "", "ending": "0", "end": 26, "root": "ja", "_index_": 5, "partofspeech": "J", "start": 24, "lemma": "ja"}], [{"root_tokens": ["äst"], "form": "sg g", "clitic": "", "ending": "0", "end": 31, "root": "äst", "_index_": 6, "partofspeech": "S", "start": 27, "lemma": "äst"}, {"root_tokens": ["ästi"], "form": "sg g", "clitic": "", "ending": "0", "end": 31, "root": "ästi", "_index_": 6, "partofspeech": "S", "start": 27, "lemma": "ästi"}], [{"root_tokens": ["bugine"], "form": "sg g", "clitic": "", "ending": "0", "end": 38, "root": "bugine", "_index_": 7, "partofspeech": "S", "start": 32, "lemma": "bugine"}], [{"root_tokens": ["quake3stat"], "form": "sg n", "clitic": "", "ending": "0", "end": 49, "root": "quake3stat", "_index_": 8, "partofspeech": "S", "start": 39, "lemma": "quake3stat"}], [{"root_tokens": ["tool"], "form": "sg n", "clitic": "", "ending": "0", "end": 54, "root": "tool", "_index_": 9, "partofspeech": "S", "start": 50, "lemma": "tool"}], [{"root_tokens": ["..."], "form": "", "clitic": "", "ending": "", "end": 58, "root": "...", "_index_": 10, "partofspeech": "Z", "start": 55, "lemma": "..."}], [{"root_tokens": ["pane"], "form": "te", "clitic": "", "ending": "te", "end": 66, "root": "pane", "_index_": 11, "partofspeech": "V", "start": 60, "lemma": "panema"}], [{"root_tokens": ["logi"], "form": "sg g", "clitic": "", "ending": "0", "end": 71, "root": "logi", "_index_": 12, "partofspeech": "S", "start": 67, "lemma": "logi"}], [{"root_tokens": ["aadress"], "form": "sg p", "clitic": "", "ending": "0", "end": 80, "root": "aadress", "_index_": 13, "partofspeech": "S", "start": 72, "lemma": "aadress"}], [{"root_tokens": ["ja"], "form": "", "clitic": "", "ending": "0", "end": 83, "root": "ja", "_index_": 14, "partofspeech": "J", "start": 81, "lemma": "ja"}], [{"root_tokens": ["tema"], "form": "sg n", "clitic": "", "ending": "0", "end": 86, "root": "tema", "_index_": 15, "partofspeech": "P", "start": 84, "lemma": "tema"}], [{"root_tokens": ["pida"], "form": "ks", "clitic": "", "ending": "ks", "end": 92, "root": "pida", "_index_": 16, "partofspeech": "V", "start": 87, "lemma": "pidama"}], [{"root_tokens": ["see"], "form": "sg el", "clitic": "", "ending": "st", "end": 100, "root": "see", "_index_": 17, "partofspeech": "P", "start": 93, "lemma": "see"}], [{"root_tokens": ["miski"], "form": "sg p", "clitic": "", "ending": "dagi", "end": 107, "root": "miski", "_index_": 18, "partofspeech": "P", "start": 101, "lemma": "miski"}], [{"root_tokens": ["siis"], "form": "", "clitic": "", "ending": "0", "end": 112, "root": "siis", "_index_": 19, "partofspeech": "D", "start": 108, "lemma": "siis"}], [{"root_tokens": ["genereeri"], "form": "ma", "clitic": "", "ending": "ma", "end": 124, "root": "genereeri", "_index_": 20, "partofspeech": "V", "start": 113, "lemma": "genereerima"}], [{"root_tokens": ["..."], "form": "", "clitic": "", "ending": "", "end": 128, "root": "...", "_index_": 21, "partofspeech": "Z", "start": 125, "lemma": "..."}], [{"root_tokens": ["kes"], "form": "pl ad", "clitic": "", "ending": "l", "end": 135, "root": "kes", "_index_": 22, "partofspeech": "P", "start": 129, "lemma": "kes"}, {"root_tokens": ["kes"], "form": "sg ad", "clitic": "", "ending": "l", "end": 135, "root": "kes", "_index_": 22, "partofspeech": "P", "start": 129, "lemma": "kes"}], [{"root_tokens": ["ole"], "form": "b", "clitic": "", "ending": "0", "end": 138, "root": "ole", "_index_": 23, "partofspeech": "V", "start": 136, "lemma": "olema"}, {"root_tokens": ["ole"], "form": "vad", "clitic": "", "ending": "0", "end": 138, "root": "ole", "_index_": 23, "partofspeech": "V", "start": 136, "lemma": "olema"}], [{"root_tokens": ["loge"], "form": "sg n", "clitic": "", "ending": "0", "end": 143, "root": "loge", "_index_": 24, "partofspeech": "S", "start": 139, "lemma": "loge"}], [{"root_tokens": ["vaata"], "form": "ge", "clitic": "", "ending": "ke", "end": 151, "root": "vaata", "_index_": 25, "partofspeech": "V", "start": 144, "lemma": "vaatama"}], [{"root_tokens": ["kas"], "form": "", "clitic": "", "ending": "0", "end": 155, "root": "kas", "_index_": 26, "partofspeech": "D", "start": 152, "lemma": "kas"}], [{"root_tokens": ["funkab"], "form": "sg n", "clitic": "", "ending": "0", "end": 162, "root": "funkab", "_index_": 27, "partofspeech": "S", "start": 156, "lemma": "funkab"}], [{"root_tokens": ["ka"], "form": "", "clitic": "", "ending": "0", "end": 165, "root": "ka", "_index_": 28, "partofspeech": "D", "start": 163, "lemma": "ka"}], [{"root_tokens": [".."], "form": "", "clitic": "", "ending": "", "end": 168, "root": "..", "_index_": 29, "partofspeech": "Z", "start": 166, "lemma": ".."}], [{"root_tokens": ["mina"], "form": "sg ad", "clitic": "", "ending": "l", "end": 172, "root": "mina", "_index_": 30, "partofspeech": "P", "start": 169, "lemma": "mina"}], [{"root_tokens": ["enam"], "form": "", "clitic": "", "ending": "0", "end": 177, "root": "enam", "_index_": 31, "partofspeech": "D", "start": 173, "lemma": "enam"}], [{"root_tokens": ["ole"], "form": "neg o", "clitic": "", "ending": "0", "end": 182, "root": "ole", "_index_": 32, "partofspeech": "V", "start": 178, "lemma": "olema"}], [{"root_tokens": ["..."], "form": "", "clitic": "", "ending": "", "end": 186, "root": "...", "_index_": 33, "partofspeech": "Z", "start": 183, "lemma": "..."}], [{"root_tokens": ["sinna"], "form": "", "clitic": "", "ending": "0", "end": 193, "root": "sinna", "_index_": 34, "partofspeech": "D", "start": 188, "lemma": "sinna"}], [{"root_tokens": ["siis"], "form": "", "clitic": "", "ending": "0", "end": 198, "root": "siis", "_index_": 35, "partofspeech": "D", "start": 194, "lemma": "siis"}], [{"root_tokens": ["pane"], "form": "ge", "clitic": "", "ending": "ge", "end": 204, "root": "pane", "_index_": 36, "partofspeech": "V", "start": 199, "lemma": "panema"}], [{"root_tokens": ["oma"], "form": "sg g", "clitic": "", "ending": "0", "end": 208, "root": "oma", "_index_": 37, "partofspeech": "P", "start": 205, "lemma": "oma"}], [{"root_tokens": ["quake3"], "form": "?", "clitic": "", "ending": "0", "end": 215, "root": "quake3", "_index_": 38, "partofspeech": "Y", "start": 209, "lemma": "quake3"}], [{"root_tokens": ["log"], "form": "sg n", "clitic": "", "ending": "0", "end": 219, "root": "log", "_index_": 39, "partofspeech": "S", "start": 216, "lemma": "log"}], [{"root_tokens": ["..."], "form": "", "clitic": "", "ending": "", "end": 223, "root": "...", "_index_": 40, "partofspeech": "Z", "start": 220, "lemma": "..."}], [{"root_tokens": [")"], "form": "", "clitic": "", "ending": "", "end": 225, "root": ")", "_index_": 41, "partofspeech": "Z", "start": 224, "lemma": ")"}], [{"root_tokens": ["kirjuta"], "form": "ge", "clitic": "", "ending": "ge", "end": 236, "root": "kirjuta", "_index_": 42, "partofspeech": "V", "start": 227, "lemma": "kirjutama"}], [{"root_tokens": ["siia"], "form": "", "clitic": "", "ending": "0", "end": 241, "root": "siia", "_index_": 43, "partofspeech": "D", "start": 237, "lemma": "siia"}], [{"root_tokens": ["ka"], "form": "", "clitic": "", "ending": "0", "end": 244, "root": "ka", "_index_": 44, "partofspeech": "D", "start": 242, "lemma": "ka"}], [{"root_tokens": ["siis"], "form": "", "clitic": "", "ending": "0", "end": 249, "root": "siis", "_index_": 45, "partofspeech": "D", "start": 245, "lemma": "siis"}], [{"root_tokens": ["kindlasti"], "form": "", "clitic": "", "ending": "0", "end": 259, "root": "kindlasti", "_index_": 46, "partofspeech": "D", "start": 250, "lemma": "kindlasti"}], [{"root_tokens": ["see"], "form": "sg n", "clitic": "", "ending": "0", "end": 263, "root": "see", "_index_": 47, "partofspeech": "P", "start": 260, "lemma": "see"}], [{"root_tokens": ["url"], "form": "sg n", "clitic": "", "ending": "0", "end": 267, "root": "url", "_index_": 48, "partofspeech": "S", "start": 264, "lemma": "url"}], [{"root_tokens": ["kus"], "form": "", "clitic": "", "ending": "0", "end": 271, "root": "kus", "_index_": 49, "partofspeech": "D", "start": 268, "lemma": "kus"}], [{"root_tokens": ["log"], "form": "sg n", "clitic": "", "ending": "0", "end": 275, "root": "log", "_index_": 50, "partofspeech": "S", "start": 272, "lemma": "log"}], [{"root_tokens": ["yleva"], "form": "sg ad", "clitic": "", "ending": "l", "end": 282, "root": "yleva", "_index_": 51, "partofspeech": "S", "start": 276, "lemma": "yleva"}], [{"root_tokens": ["..."], "form": "", "clitic": "", "ending": "", "end": 286, "root": "...", "_index_": 52, "partofspeech": "Z", "start": 283, "lemma": "..."}], [{"root_tokens": ["["], "form": "", "clitic": "", "ending": "", "end": 289, "root": "[", "_index_": 53, "partofspeech": "Z", "start": 288, "lemma": "["}], [{"root_tokens": ["Teadet"], "form": "sg n", "clitic": "", "ending": "0", "end": 295, "root": "Teadet", "_index_": 54, "partofspeech": "H", "start": 289, "lemma": "Teadet"}], [{"root_tokens": ["muut"], "form": "s", "clitic": "", "ending": "is", "end": 302, "root": "muut", "_index_": 55, "partofspeech": "V", "start": 296, "lemma": "muutma"}], [{"root_tokens": ["Mazta"], "form": "sg g", "clitic": "", "ending": "0", "end": 308, "root": "Mazta", "_index_": 56, "partofspeech": "H", "start": 303, "lemma": "Mazta"}], [{"root_tokens": ["05"], "form": "?", "clitic": "", "ending": "0", "end": 311, "root": "05", "_index_": 57, "partofspeech": "N", "start": 309, "lemma": "05"}], [{"root_tokens": ["-"], "form": "", "clitic": "", "ending": "", "end": 312, "root": "-", "_index_": 58, "partofspeech": "Z", "start": 311, "lemma": "-"}], [{"root_tokens": ["02"], "form": "?", "clitic": "", "ending": "0", "end": 314, "root": "02", "_index_": 59, "partofspeech": "N", "start": 312, "lemma": "02"}], [{"root_tokens": ["-"], "form": "", "clitic": "", "ending": "", "end": 315, "root": "-", "_index_": 60, "partofspeech": "Z", "start": 314, "lemma": "-"}], [{"root_tokens": ["2001"], "form": "?", "clitic": "", "ending": "0", "end": 319, "root": "2001", "_index_": 61, "partofspeech": "N", "start": 315, "lemma": "2001"}], [{"root_tokens": ["kell"], "form": "sg n", "clitic": "", "ending": "0", "end": 324, "root": "kell", "_index_": 62, "partofspeech": "S", "start": 320, "lemma": "kell"}], [{"root_tokens": ["20:05"], "form": "?", "clitic": "", "ending": "0", "end": 330, "root": "20:05", "_index_": 63, "partofspeech": "N", "start": 325, "lemma": "20:05"}], [{"root_tokens": ["]"], "form": "", "clitic": "", "ending": "", "end": 331, "root": "]", "_index_": 64, "partofspeech": "Z", "start": 330, "lemma": "]"}]]}, {"enveloping": null, "attributes": ["lemma", "root", "root_tokens", "ending", "clitic", "form", "partofspeech"], "name": "gt_morph_analysis", "parent": "morph_analysis", "_base": "words", "ambiguous": true, "spans": [[{"root_tokens": ["ok"], "form": "?", "clitic": "", "ending": "0", "end": 2, "root": "ok", "_index_": 0, "partofspeech": "Y", "start": 0, "lemma": "ok"}], [{"root_tokens": ["..."], "form": "", "clitic": "", "ending": "", "end": 6, "root": "...", "_index_": 1, "partofspeech": "Z", "start": 3, "lemma": "..."}], [{"root_tokens": ["mina"], "form": "Sg Gen", "clitic": "", "ending": "0", "end": 12, "root": "mina", "_index_": 2, "partofspeech": "P", "start": 8, "lemma": "mina"}], [{"root_tokens": ["mingi"], "form": "Sg Gen", "clitic": "", "ending": "0", "end": 18, "root": "mingi", "_index_": 3, "partofspeech": "P", "start": 13, "lemma": "mingi"}], [{"root_tokens": ["vana"], "form": "Sg Gen", "clitic": "", "ending": "0", "end": 23, "root": "vana", "_index_": 4, "partofspeech": "A", "start": 19, "lemma": "vana"}], [{"root_tokens": ["ja"], "form": "", "clitic": "", "ending": "0", "end": 26, "root": "ja", "_index_": 5, "partofspeech": "J", "start": 24, "lemma": "ja"}], [{"root_tokens": ["äst"], "form": "Sg Gen", "clitic": "", "ending": "0", "end": 31, "root": "äst", "_index_": 6, "partofspeech": "S", "start": 27, "lemma": "äst"}, {"root_tokens": ["ästi"], "form": "Sg Gen", "clitic": "", "ending": "0", "end": 31, "root": "ästi", "_index_": 6, "partofspeech": "S", "start": 27, "lemma": "ästi"}], [{"root_tokens": ["bugine"], "form": "Sg Gen", "clitic": "", "ending": "0", "end": 38, "root": "bugine", "_index_": 7, "partofspeech": "S", "start": 32, "lemma": "bugine"}], [{"root_tokens": ["quake3stat"], "form": "Sg Nom", "clitic": "", "ending": "0", "end": 49, "root": "quake3stat", "_index_": 8, "partofspeech": "S", "start": 39, "lemma": "quake3stat"}], [{"root_tokens": ["tool"], "form": "Sg Nom", "clitic": "", "ending": "0", "end": 54, "root": "tool", "_index_": 9, "partofspeech": "S", "start": 50, "lemma": "tool"}], [{"root_tokens": ["..."], "form": "", "clitic": "", "ending": "", "end": 58, "root": "...", "_index_": 10, "partofspeech": "Z", "start": 55, "lemma": "..."}], [{"root_tokens": ["pane"], "form": "Pers Prs Ind Pl 2 Aff", "clitic": "", "ending": "te", "end": 66, "root": "pane", "_index_": 11, "partofspeech": "V", "start": 60, "lemma": "panema"}], [{"root_tokens": ["logi"], "form": "Sg Gen", "clitic": "", "ending": "0", "end": 71, "root": "logi", "_index_": 12, "partofspeech": "S", "start": 67, "lemma": "logi"}], [{"root_tokens": ["aadress"], "form": "Sg Par", "clitic": "", "ending": "0", "end": 80, "root": "aadress", "_index_": 13, "partofspeech": "S", "start": 72, "lemma": "aadress"}], [{"root_tokens": ["ja"], "form": "", "clitic": "", "ending": "0", "end": 83, "root": "ja", "_index_": 14, "partofspeech": "J", "start": 81, "lemma": "ja"}], [{"root_tokens": ["tema"], "form": "Sg Nom", "clitic": "", "ending": "0", "end": 86, "root": "tema", "_index_": 15, "partofspeech": "P", "start": 84, "lemma": "tema"}], [{"root_tokens": ["pida"], "form": "Pers Prs Cond", "clitic": "", "ending": "ks", "end": 92, "root": "pida", "_index_": 16, "partofspeech": "V", "start": 87, "lemma": "pidama"}], [{"root_tokens": ["see"], "form": "Sg Ela", "clitic": "", "ending": "st", "end": 100, "root": "see", "_index_": 17, "partofspeech": "P", "start": 93, "lemma": "see"}], [{"root_tokens": ["miski"], "form": "Sg Par", "clitic": "", "ending": "dagi", "end": 107, "root": "miski", "_index_": 18, "partofspeech": "P", "start": 101, "lemma": "miski"}], [{"root_tokens": ["siis"], "form": "", "clitic": "", "ending": "0", "end": 112, "root": "siis", "_index_": 19, "partofspeech": "D", "start": 108, "lemma": "siis"}], [{"root_tokens": ["genereeri"], "form": "Pers Sup Ill", "clitic": "", "ending": "ma", "end": 124, "root": "genereeri", "_index_": 20, "partofspeech": "V", "start": 113, "lemma": "genereerima"}], [{"root_tokens": ["..."], "form": "", "clitic": "", "ending": "", "end": 128, "root": "...", "_index_": 21, "partofspeech": "Z", "start": 125, "lemma": "..."}], [{"root_tokens": ["kes"], "form": "Pl Ade", "clitic": "", "ending": "l", "end": 135, "root": "kes", "_index_": 22, "partofspeech": "P", "start": 129, "lemma": "kes"}, {"root_tokens": ["kes"], "form": "Sg Ade", "clitic": "", "ending": "l", "end": 135, "root": "kes", "_index_": 22, "partofspeech": "P", "start": 129, "lemma": "kes"}], [{"root_tokens": ["ole"], "form": "Pers Prs Ind Sg 3 Aff", "clitic": "", "ending": "0", "end": 138, "root": "ole", "_index_": 23, "partofspeech": "V", "start": 136, "lemma": "olema"}, {"root_tokens": ["ole"], "form": "Pers Prs Ind Pl 3 Aff", "clitic": "", "ending": "0", "end": 138, "root": "ole", "_index_": 23, "partofspeech": "V", "start": 136, "lemma": "olema"}], [{"root_tokens": ["loge"], "form": "Sg Nom", "clitic": "", "ending": "0", "end": 143, "root": "loge", "_index_": 24, "partofspeech": "S", "start": 139, "lemma": "loge"}], [{"root_tokens": ["vaata"], "form": "Pers Prs Imprt Pl 2", "clitic": "", "ending": "ke", "end": 151, "root": "vaata", "_index_": 25, "partofspeech": "V", "start": 144, "lemma": "vaatama"}], [{"root_tokens": ["kas"], "form": "", "clitic": "", "ending": "0", "end": 155, "root": "kas", "_index_": 26, "partofspeech": "D", "start": 152, "lemma": "kas"}], [{"root_tokens": ["funkab"], "form": "Sg Nom", "clitic": "", "ending": "0", "end": 162, "root": "funkab", "_index_": 27, "partofspeech": "S", "start": 156, "lemma": "funkab"}], [{"root_tokens": ["ka"], "form": "", "clitic": "", "ending": "0", "end": 165, "root": "ka", "_index_": 28, "partofspeech": "D", "start": 163, "lemma": "ka"}], [{"root_tokens": [".."], "form": "", "clitic": "", "ending": "", "end": 168, "root": "..", "_index_": 29, "partofspeech": "Z", "start": 166, "lemma": ".."}], [{"root_tokens": ["mina"], "form": "Sg Ade", "clitic": "", "ending": "l", "end": 172, "root": "mina", "_index_": 30, "partofspeech": "P", "start": 169, "lemma": "mina"}], [{"root_tokens": ["enam"], "form": "", "clitic": "", "ending": "0", "end": 177, "root": "enam", "_index_": 31, "partofspeech": "D", "start": 173, "lemma": "enam"}], [{"root_tokens": ["ole"], "form": "Pers Prs Ind Neg", "clitic": "", "ending": "0", "end": 182, "root": "ole", "_index_": 32, "partofspeech": "V", "start": 178, "lemma": "olema"}], [{"root_tokens": ["..."], "form": "", "clitic": "", "ending": "", "end": 186, "root": "...", "_index_": 33, "partofspeech": "Z", "start": 183, "lemma": "..."}], [{"root_tokens": ["sinna"], "form": "", "clitic": "", "ending": "0", "end": 193, "root": "sinna", "_index_": 34, "partofspeech": "D", "start": 188, "lemma": "sinna"}], [{"root_tokens": ["siis"], "form": "", "clitic": "", "ending": "0", "end": 198, "root": "siis", "_index_": 35, "partofspeech": "D", "start": 194, "lemma": "siis"}], [{"root_tokens": ["pane"], "form": "Pers Prs Imprt Pl 2", "clitic": "", "ending": "ge", "end": 204, "root": "pane", "_index_": 36, "partofspeech": "V", "start": 199, "lemma": "panema"}], [{"root_tokens": ["oma"], "form": "Sg Gen", "clitic": "", "ending": "0", "end": 208, "root": "oma", "_index_": 37, "partofspeech": "P", "start": 205, "lemma": "oma"}], [{"root_tokens": ["quake3"], "form": "?", "clitic": "", "ending": "0", "end": 215, "root": "quake3", "_index_": 38, "partofspeech": "Y", "start": 209, "lemma": "quake3"}], [{"root_tokens": ["log"], "form": "Sg Nom", "clitic": "", "ending": "0", "end": 219, "root": "log", "_index_": 39, "partofspeech": "S", "start": 216, "lemma": "log"}], [{"root_tokens": ["..."], "form": "", "clitic": "", "ending": "", "end": 223, "root": "...", "_index_": 40, "partofspeech": "Z", "start": 220, "lemma": "..."}], [{"root_tokens": [")"], "form": "", "clitic": "", "ending": "", "end": 225, "root": ")", "_index_": 41, "partofspeech": "Z", "start": 224, "lemma": ")"}], [{"root_tokens": ["kirjuta"], "form": "Pers Prs Imprt Pl 2", "clitic": "", "ending": "ge", "end": 236, "root": "kirjuta", "_index_": 42, "partofspeech": "V", "start": 227, "lemma": "kirjutama"}], [{"root_tokens": ["siia"], "form": "", "clitic": "", "ending": "0", "end": 241, "root": "siia", "_index_": 43, "partofspeech": "D", "start": 237, "lemma": "siia"}], [{"root_tokens": ["ka"], "form": "", "clitic": "", "ending": "0", "end": 244, "root": "ka", "_index_": 44, "partofspeech": "D", "start": 242, "lemma": "ka"}], [{"root_tokens": ["siis"], "form": "", "clitic": "", "ending": "0", "end": 249, "root": "siis", "_index_": 45, "partofspeech": "D", "start": 245, "lemma": "siis"}], [{"root_tokens": ["kindlasti"], "form": "", "clitic": "", "ending": "0", "end": 259, "root": "kindlasti", "_index_": 46, "partofspeech": "D", "start": 250, "lemma": "kindlasti"}], [{"root_tokens": ["see"], "form": "Sg Nom", "clitic": "", "ending": "0", "end": 263, "root": "see", "_index_": 47, "partofspeech": "P", "start": 260, "lemma": "see"}], [{"root_tokens": ["url"], "form": "Sg Nom", "clitic": "", "ending": "0", "end": 267, "root": "url", "_index_": 48, "partofspeech": "S", "start": 264, "lemma": "url"}], [{"root_tokens": ["kus"], "form": "", "clitic": "", "ending": "0", "end": 271, "root": "kus", "_index_": 49, "partofspeech": "D", "start": 268, "lemma": "kus"}], [{"root_tokens": ["log"], "form": "Sg Nom", "clitic": "", "ending": "0", "end": 275, "root": "log", "_index_": 50, "partofspeech": "S", "start": 272, "lemma": "log"}], [{"root_tokens": ["yleva"], "form": "Sg Ade", "clitic": "", "ending": "l", "end": 282, "root": "yleva", "_index_": 51, "partofspeech": "S", "start": 276, "lemma": "yleva"}], [{"root_tokens": ["..."], "form": "", "clitic": "", "ending": "", "end": 286, "root": "...", "_index_": 52, "partofspeech": "Z", "start": 283, "lemma": "..."}], [{"root_tokens": ["["], "form": "", "clitic": "", "ending": "", "end": 289, "root": "[", "_index_": 53, "partofspeech": "Z", "start": 288, "lemma": "["}], [{"root_tokens": ["Teadet"], "form": "Sg Nom", "clitic": "", "ending": "0", "end": 295, "root": "Teadet", "_index_": 54, "partofspeech": "H", "start": 289, "lemma": "Teadet"}], [{"root_tokens": ["muut"], "form": "Pers Prt Ind Sg 3 Aff", "clitic": "", "ending": "is", "end": 302, "root": "muut", "_index_": 55, "partofspeech": "V", "start": 296, "lemma": "muutma"}], [{"root_tokens": ["Mazta"], "form": "Sg Gen", "clitic": "", "ending": "0", "end": 308, "root": "Mazta", "_index_": 56, "partofspeech": "H", "start": 303, "lemma": "Mazta"}], [{"root_tokens": ["05"], "form": "?", "clitic": "", "ending": "0", "end": 311, "root": "05", "_index_": 57, "partofspeech": "N", "start": 309, "lemma": "05"}], [{"root_tokens": ["-"], "form": "", "clitic": "", "ending": "", "end": 312, "root": "-", "_index_": 58, "partofspeech": "Z", "start": 311, "lemma": "-"}], [{"root_tokens": ["02"], "form": "?", "clitic": "", "ending": "0", "end": 314, "root": "02", "_index_": 59, "partofspeech": "N", "start": 312, "lemma": "02"}], [{"root_tokens": ["-"], "form": "", "clitic": "", "ending": "", "end": 315, "root": "-", "_index_": 60, "partofspeech": "Z", "start": 314, "lemma": "-"}], [{"root_tokens": ["2001"], "form": "?", "clitic": "", "ending": "0", "end": 319, "root": "2001", "_index_": 61, "partofspeech": "N", "start": 315, "lemma": "2001"}], [{"root_tokens": ["kell"], "form": "Sg Nom", "clitic": "", "ending": "0", "end": 324, "root": "kell", "_index_": 62, "partofspeech": "S", "start": 320, "lemma": "kell"}], [{"root_tokens": ["20:05"], "form": "?", "clitic": "", "ending": "0", "end": 330, "root": "20:05", "_index_": 63, "partofspeech": "N", "start": 325, "lemma": "20:05"}], [{"root_tokens": ["]"], "form": "", "clitic": "", "ending": "", "end": 331, "root": "]", "_index_": 64, "partofspeech": "Z", "start": 330, "lemma": "]"}]]}, {"enveloping": null, "attributes": [], "name": "tokens", "parent": null, "_base": "tokens", "ambiguous": false, "spans": [{"start": 0, "end": 2}, {"start": 3, "end": 6}, {"start": 8, "end": 12}, {"start": 13, "end": 18}, {"start": 19, "end": 23}, {"start": 24, "end": 26}, {"start": 27, "end": 31}, {"start": 32, "end": 38}, {"start": 39, "end": 49}, {"start": 50, "end": 54}, {"start": 55, "end": 58}, {"start": 60, "end": 66}, {"start": 67, "end": 71}, {"start": 72, "end": 80}, {"start": 81, "end": 83}, {"start": 84, "end": 86}, {"start": 87, "end": 92}, {"start": 93, "end": 100}, {"start": 101, "end": 107}, {"start": 108, "end": 112}, {"start": 113, "end": 124}, {"start": 125, "end": 128}, {"start": 129, "end": 135}, {"start": 136, "end": 138}, {"start": 139, "end": 143}, {"start": 144, "end": 151}, {"start": 152, "end": 155}, {"start": 156, "end": 162}, {"start": 163, "end": 165}, {"start": 166, "end": 168}, {"start": 169, "end": 172}, {"start": 173, "end": 177}, {"start": 178, "end": 182}, {"start": 183, "end": 186}, {"start": 188, "end": 193}, {"start": 194, "end": 198}, {"start": 199, "end": 204}, {"start": 205, "end": 208}, {"start": 209, "end": 215}, {"start": 216, "end": 219}, {"start": 220, "end": 223}, {"start": 224, "end": 225}, {"start": 227, "end": 236}, {"start": 237, "end": 241}, {"start": 242, "end": 244}, {"start": 245, "end": 249}, {"start": 250, "end": 259}, {"start": 260, "end": 263}, {"start": 264, "end": 267}, {"start": 268, "end": 271}, {"start": 272, "end": 275}, {"start": 276, "end": 282}, {"start": 283, "end": 286}, {"start": 288, "end": 289}, {"start": 289, "end": 295}, {"start": 296, "end": 302}, {"start": 303, "end": 308}, {"start": 309, "end": 311}, {"start": 311, "end": 312}, {"start": 312, "end": 314}, {"start": 314, "end": 315}, {"start": 315, "end": 319}, {"start": 320, "end": 324}, {"start": 325, "end": 327}, {"start": 327, "end": 328}, {"start": 328, "end": 330}, {"start": 330, "end": 331}]}, {"enveloping": "tokens", "attributes": ["type", "normalized"], "name": "compound_tokens", "parent": null, "_base": "compound_tokens", "ambiguous": false, "spans": [{"_index_": [63, 64, 65], "type": ["numeric_time"], "normalized": "20:05"}]}], "meta": {"subcorpus": "netifoorum", "type": "teema", "title": "quake3stat - 01. leht ( Planet Foorumid - Tehnoloogia - Arvutid - Veebindus ja programmeerimine )", "alamfoorum": "Veebindus_ja_programmeerimine"}, "text": "ok ...\n\nminu mingi vana ja ästi bugine quake3stat tool ...\n\npanete logi aadressi ja ta peaks sellest midagi siis genereerima ...\nkellel on loge vaadake kas funkab ka ..\nmul enam pole ...\n\nsinna siis pange oma quake3 log ... )\n\nkirjutage siia ka siis kindlasti see url kus log yleval ...\n\n[Teadet muutis Mazta 05-02-2001 kell 20:05]"}