{"layers": [{"enveloping": null, "attributes": ["normalized_form"], "name": "words", "parent": null, "_base": "words", "ambiguous": false, "spans": [{"start": 0, "normalized_form": null, "end": 5}, {"start": 6, "normalized_form": null, "end": 9}, {"start": 10, "normalized_form": null, "end": 15}, {"start": 16, "normalized_form": null, "end": 24}, {"start": 25, "normalized_form": null, "end": 30}, {"start": 31, "normalized_form": null, "end": 32}, {"start": 33, "normalized_form": null, "end": 36}, {"start": 37, "normalized_form": null, "end": 39}, {"start": 40, "normalized_form": null, "end": 45}, {"start": 46, "normalized_form": null, "end": 54}, {"start": 55, "normalized_form": null, "end": 59}, {"start": 60, "normalized_form": null, "end": 65}, {"start": 66, "normalized_form": null, "end": 67}, {"start": 69, "normalized_form": null, "end": 74}, {"start": 75, "normalized_form": null, "end": 84}, {"start": 85, "normalized_form": null, "end": 86}, {"start": 87, "normalized_form": null, "end": 90}, {"start": 91, "normalized_form": null, "end": 98}, {"start": 99, "normalized_form": null, "end": 100}, {"start": 101, "normalized_form": null, "end": 102}, {"start": 103, "normalized_form": null, "end": 104}, {"start": 105, "normalized_form": null, "end": 110}, {"start": 111, "normalized_form": null, "end": 115}, {"start": 116, "normalized_form": null, "end": 118}, {"start": 119, "normalized_form": null, "end": 127}, {"start": 128, "normalized_form": null, "end": 132}, {"start": 133, "normalized_form": null, "end": 134}, {"start": 135, "normalized_form": null, "end": 139}, {"start": 140, "normalized_form": null, "end": 148}, {"start": 149, "normalized_form": null, "end": 155}, {"start": 156, "normalized_form": null, "end": 162}, {"start": 163, "normalized_form": null, "end": 168}, {"start": 169, "normalized_form": null, "end": 178}, {"start": 179, "normalized_form": null, "end": 181}, {"start": 182, "normalized_form": null, "end": 183}, {"start": 185, "normalized_form": null, "end": 193}, {"start": 194, "normalized_form": null, "end": 197}, {"start": 198, "normalized_form": null, "end": 199}, {"start": 200, "normalized_form": null, "end": 204}, {"start": 205, "normalized_form": null, "end": 212}, {"start": 213, "normalized_form": null, "end": 215}, {"start": 216, "normalized_form": null, "end": 220}, {"start": 221, "normalized_form": null, "end": 222}, {"start": 223, "normalized_form": null, "end": 230}, {"start": 231, "normalized_form": null, "end": 232}, {"start": 233, "normalized_form": null, "end": 238}, {"start": 239, "normalized_form": null, "end": 243}, {"start": 244, "normalized_form": null, "end": 245}, {"start": 246, "normalized_form": null, "end": 248}, {"start": 249, "normalized_form": null, "end": 256}, {"start": 257, "normalized_form": null, "end": 258}, {"start": 259, "normalized_form": null, "end": 265}, {"start": 266, "normalized_form": null, "end": 278}, {"start": 279, "normalized_form": null, "end": 284}, {"start": 285, "normalized_form": null, "end": 288}, {"start": 289, "normalized_form": null, "end": 294}, {"start": 295, "normalized_form": null, "end": 307}, {"start": 309, "normalized_form": null, "end": 312}, {"start": 313, "normalized_form": null, "end": 315}, {"start": 316, "normalized_form": null, "end": 324}, {"start": 325, "normalized_form": null, "end": 331}, {"start": 332, "normalized_form": null, "end": 339}, {"start": 340, "normalized_form": null, "end": 345}, {"start": 346, "normalized_form": null, "end": 355}, {"start": 356, "normalized_form": null, "end": 357}, {"start": 359, "normalized_form": null, "end": 363}, {"start": 364, "normalized_form": null, "end": 371}, {"start": 372, "normalized_form": null, "end": 381}, {"start": 382, "normalized_form": null, "end": 386}, {"start": 387, "normalized_form": null, "end": 391}, {"start": 392, "normalized_form": null, "end": 395}, {"start": 397, "normalized_form": null, "end": 399}, {"start": 400, "normalized_form": null, "end": 405}, {"start": 406, "normalized_form": null, "end": 408}, {"start": 409, "normalized_form": null, "end": 413}, {"start": 414, "normalized_form": null, "end": 420}, {"start": 421, "normalized_form": null, "end": 425}, {"start": 426, "normalized_form": null, "end": 431}, {"start": 432, "normalized_form": null, "end": 433}, {"start": 434, "normalized_form": null, "end": 438}, {"start": 439, "normalized_form": null, "end": 443}, {"start": 444, "normalized_form": null, "end": 447}, {"start": 448, "normalized_form": null, "end": 450}, {"start": 451, "normalized_form": null, "end": 453}, {"start": 454, "normalized_form": null, "end": 463}, {"start": 465, "normalized_form": null, "end": 474}, {"start": 475, "normalized_form": null, "end": 479}, {"start": 480, "normalized_form": null, "end": 485}, {"start": 487, "normalized_form": null, "end": 496}, {"start": 497, "normalized_form": null, "end": 501}, {"start": 502, "normalized_form": null, "end": 507}, {"start": 508, "normalized_form": null, "end": 517}, {"start": 518, "normalized_form": null, "end": 522}, {"start": 523, "normalized_form": null, "end": 528}, {"start": 529, "normalized_form": null, "end": 538}, {"start": 539, "normalized_form": null, "end": 543}, {"start": 544, "normalized_form": null, "end": 549}, {"start": 550, "normalized_form": null, "end": 559}, {"start": 560, "normalized_form": null, "end": 564}, {"start": 565, "normalized_form": null, "end": 570}, {"start": 571, "normalized_form": null, "end": 580}, {"start": 581, "normalized_form": null, "end": 585}, {"start": 586, "normalized_form": null, "end": 591}]}, {"enveloping": "words", "attributes": ["fix_types"], "name": "sentences", "parent": null, "_base": "sentences", "ambiguous": false, "spans": [{"fix_types": ["double_newline_ending"], "_index_": [0, 1, 2, 3, 4, 5, 6, 7, 8, 9, 10, 11, 12]}, {"fix_types": ["parentheses"], "_index_": [13, 14, 15, 16, 17, 18, 19, 20, 21, 22, 23, 24, 25, 26, 27, 28, 29, 30, 31, 32, 33, 34]}, {"fix_types": ["double_newline_ending"], "_index_": [35, 36, 37, 38, 39, 40, 41, 42, 43, 44, 45, 46, 47, 48, 49, 50, 51, 52, 53, 54, 55, 56]}, {"fix_types": [], "_index_": [57, 58, 59, 60, 61, 62, 63, 64]}, {"fix_types": ["double_newline_ending"], "_index_": [65, 66, 67, 68, 69, 70]}, {"fix_types": ["double_newline_ending"], "_index_": [71, 72, 73, 74, 75, 76, 77, 78, 79, 80, 81, 82, 83, 84]}, {"fix_types": ["double_newline_ending"], "_index_": [85, 86, 87]}, {"fix_types": [], "_index_": [88, 89, 90, 91, 92, 93, 94, 95, 96, 97, 98, 99, 100, 101, 102]}]}, {"enveloping": "sentences", "attributes": [], "name": "paragraphs", "parent": null, "_base": "paragraphs", "ambiguous": false, "spans": [{"_index_": [0]}, {"_index_": [1]}, {"_index_": [2]}, {"_index_": [3]}, {"_index_": [4]}, {"_index_": [5]}, {"_index_": [6]}, {"_index_": [7]}]}, {"enveloping": "words", "attributes": ["type"], "name": "syntax_ignore", "parent": null, "_base": "syntax_ignore", "ambiguous": false, "spans": []}, {"enveloping": null, "attributes": ["lemma", "root", "root_tokens", "ending", "clitic", "form", "partofspeech"], "name": "morph_analysis", "parent": "words", "_base": "words", "ambiguous": true, "spans": [[{"root_tokens": ["oska"], "form": "b", "clitic": "", "ending": "b", "end": 5, "root": "oska", "_index_": 0, "partofspeech": "V", "start": 0, "lemma": "oskama"}], [{"root_tokens": ["ehk"], "form": "", "clitic": "", "ending": "0", "end": 9, "root": "ehk", "_index_": 1, "partofspeech": "D", "start": 6, "lemma": "ehk"}], [{"root_tokens": ["keegi"], "form": "sg n", "clitic": "", "ending": "0", "end": 15, "root": "keegi", "_index_": 2, "partofspeech": "P", "start": 10, "lemma": "keegi"}], [{"root_tokens": ["juhata"], "form": "da", "clitic": "", "ending": "da", "end": 24, "root": "juhata", "_index_": 3, "partofspeech": "V", "start": 16, "lemma": "juhatama"}], [{"root_tokens": ["kohta"], "form": "", "clitic": "", "ending": "0", "end": 30, "root": "kohta", "_index_": 4, "partofspeech": "K", "start": 25, "lemma": "kohta"}], [{"root_tokens": [","], "form": "", "clitic": "", "ending": "", "end": 32, "root": ",", "_index_": 5, "partofspeech": "Z", "start": 31, "lemma": ","}], [{"root_tokens": ["kus"], "form": "", "clitic": "", "ending": "0", "end": 36, "root": "kus", "_index_": 6, "partofspeech": "D", "start": 33, "lemma": "kus"}], [{"root_tokens": ["ole"], "form": "b", "clitic": "", "ending": "0", "end": 39, "root": "ole", "_index_": 7, "partofspeech": "V", "start": 37, "lemma": "olema"}, {"root_tokens": ["ole"], "form": "vad", "clitic": "", "ending": "0", "end": 39, "root": "ole", "_index_": 7, "partofspeech": "V", "start": 37, "lemma": "olema"}], [{"root_tokens": ["info"], "form": "sg p", "clitic": "", "ending": "t", "end": 45, "root": "info", "_index_": 8, "partofspeech": "S", "start": 40, "lemma": "info"}], [{"root_tokens": ["järgmine"], "form": "sg g", "clitic": "", "ending": "0", "end": 54, "root": "järgmine", "_index_": 9, "partofspeech": "A", "start": 46, "lemma": "järgmine"}], [{"root_tokens": ["asi"], "form": "sg g", "clitic": "", "ending": "0", "end": 59, "root": "asi", "_index_": 10, "partofspeech": "S", "start": 55, "lemma": "asi"}], [{"root_tokens": ["kohta"], "form": "", "clitic": "", "ending": "0", "end": 65, "root": "kohta", "_index_": 11, "partofspeech": "K", "start": 60, "lemma": "kohta"}], [{"root_tokens": [":"], "form": "", "clitic": "", "ending": "", "end": 67, "root": ":", "_index_": 12, "partofspeech": "Z", "start": 66, "lemma": ":"}], [{"root_tokens": ["mingi"], "form": "sg n", "clitic": "", "ending": "0", "end": 74, "root": "mingi", "_index_": 13, "partofspeech": "P", "start": 69, "lemma": "mingi"}], [{"root_tokens": ["koodi", "jupp"], "form": "sg n", "clitic": "", "ending": "0", "end": 84, "root": "koodi_jupp", "_index_": 14, "partofspeech": "S", "start": 75, "lemma": "koodijupp"}], [{"root_tokens": ["("], "form": "", "clitic": "", "ending": "", "end": 86, "root": "(", "_index_": 15, "partofspeech": "Z", "start": 85, "lemma": "("}], [{"root_tokens": ["php"], "form": "?", "clitic": "", "ending": "0", "end": 90, "root": "php", "_index_": 16, "partofspeech": "Y", "start": 87, "lemma": "php"}], [{"root_tokens": ["ilmselt"], "form": "", "clitic": "", "ending": "0", "end": 98, "root": "ilmselt", "_index_": 17, "partofspeech": "D", "start": 91, "lemma": "ilmselt"}], [{"root_tokens": ["?"], "form": "", "clitic": "", "ending": "", "end": 100, "root": "?", "_index_": 18, "partofspeech": "Z", "start": 99, "lemma": "?"}], [{"root_tokens": [")"], "form": "", "clitic": "", "ending": "", "end": 102, "root": ")", "_index_": 19, "partofspeech": "Z", "start": 101, "lemma": ")"}], [{"root_tokens": [","], "form": "", "clitic": "", "ending": "", "end": 104, "root": ",", "_index_": 20, "partofspeech": "Z", "start": 103, "lemma": ","}], [{"root_tokens": ["mis"], "form": "pl g", "clitic": "", "ending": "0", "end": 110, "root": "mis", "_index_": 21, "partofspeech": "P", "start": 105, "lemma": "mis"}, {"root_tokens": ["mis"], "form": "sg g", "clitic": "", "ending": "0", "end": 110, "root": "mis", "_index_": 21, "partofspeech": "P", "start": 105, "lemma": "mis"}], [{"root_tokens": ["abil"], "form": "", "clitic": "", "ending": "0", "end": 115, "root": "abil", "_index_": 22, "partofspeech": "K", "start": 111, "lemma": "abil"}], [{"root_tokens": ["ole"], "form": "b", "clitic": "", "ending": "0", "end": 118, "root": "ole", "_index_": 23, "partofspeech": "V", "start": 116, "lemma": "olema"}, {"root_tokens": ["ole"], "form": "vad", "clitic": "", "ending": "0", "end": 118, "root": "ole", "_index_": 23, "partofspeech": "V", "start": 116, "lemma": "olema"}], [{"root_tokens": ["võimalik"], "form": "sg n", "clitic": "", "ending": "0", "end": 127, "root": "võimalik", "_index_": 24, "partofspeech": "A", "start": 119, "lemma": "võimalik"}], [{"root_tokens": ["näge"], "form": "da", "clitic": "", "ending": "a", "end": 132, "root": "näge", "_index_": 25, "partofspeech": "V", "start": 128, "lemma": "nägema"}], [{"root_tokens": [","], "form": "", "clitic": "", "ending": "", "end": 134, "root": ",", "_index_": 26, "partofspeech": "Z", "start": 133, "lemma": ","}], [{"root_tokens": ["mitu"], "form": "sg n", "clitic": "", "ending": "0", "end": 139, "root": "mitu", "_index_": 27, "partofspeech": "P", "start": 135, "lemma": "mitu"}], [{"root_tokens": ["külaline"], "form": "sg p", "clitic": "", "ending": "t", "end": 148, "root": "külaline", "_index_": 28, "partofspeech": "S", "start": 140, "lemma": "külaline"}], [{"root_tokens": ["hetk"], "form": "sg ad", "clitic": "", "ending": "l", "end": 155, "root": "hetk", "_index_": 29, "partofspeech": "S", "start": 149, "lemma": "hetk"}], [{"root_tokens": ["sait"], "form": "sg ad", "clitic": "", "ending": "l", "end": 162, "root": "sait", "_index_": 30, "partofspeech": "S", "start": 156, "lemma": "sait"}], [{"root_tokens": ["ringi"], "form": "", "clitic": "", "ending": "0", "end": 168, "root": "ringi", "_index_": 31, "partofspeech": "D", "start": 163, "lemma": "ringi"}], [{"root_tokens": ["jaluta"], "form": "mas", "clitic": "", "ending": "mas", "end": 178, "root": "jaluta", "_index_": 32, "partofspeech": "V", "start": 169, "lemma": "jalutama"}], [{"root_tokens": ["ole"], "form": "b", "clitic": "", "ending": "0", "end": 181, "root": "ole", "_index_": 33, "partofspeech": "V", "start": 179, "lemma": "olema"}, {"root_tokens": ["ole"], "form": "vad", "clitic": "", "ending": "0", "end": 181, "root": "ole", "_index_": 33, "partofspeech": "V", "start": 179, "lemma": "olema"}], [{"root_tokens": ["."], "form": "", "clitic": "", "ending": "", "end": 183, "root": ".", "_index_": 34, "partofspeech": "Z", "start": 182, "lemma": "."}], [{"root_tokens": ["otsi"], "form": "ksin", "clitic": "", "ending": "ksin", "end": 193, "root": "otsi", "_index_": 35, "partofspeech": "V", "start": 185, "lemma": "otsima"}], [{"root_tokens": ["ise"], "form": "pl n", "clitic": "", "ending": "0", "end": 197, "root": "ise", "_index_": 36, "partofspeech": "P", "start": 194, "lemma": "ise"}, {"root_tokens": ["ise"], "form": "sg n", "clitic": "", "ending": "0", "end": 197, "root": "ise", "_index_": 36, "partofspeech": "P", "start": 194, "lemma": "ise"}], [{"root_tokens": [","], "form": "", "clitic": "", "ending": "", "end": 199, "root": ",", "_index_": 37, "partofspeech": "Z", "start": 198, "lemma": ","}], [{"root_tokens": ["kuid"], "form": "", "clitic": "", "ending": "0", "end": 204, "root": "kuid", "_index_": 38, "partofspeech": "J", "start": 200, "lemma": "kuid"}], [{"root_tokens": ["kahjuks"], "form": "", "clitic": "", "ending": "0", "end": 212, "root": "kahjuks", "_index_": 39, "partofspeech": "D", "start": 205, "lemma": "kahjuks"}], [{"root_tokens": ["ole"], "form": "b", "clitic": "", "ending": "0", "end": 215, "root": "ole", "_index_": 40, "partofspeech": "V", "start": 213, "lemma": "olema"}, {"root_tokens": ["ole"], "form": "vad", "clitic": "", "ending": "0", "end": 215, "root": "ole", "_index_": 40, "partofspeech": "V", "start": 213, "lemma": "olema"}], [{"root_tokens": ["mina"], "form": "sg g", "clitic": "", "ending": "0", "end": 220, "root": "mina", "_index_": 41, "partofspeech": "P", "start": 216, "lemma": "mina"}], [{"root_tokens": ["‹"], "form": "", "clitic": "", "ending": "", "end": 222, "root": "‹", "_index_": 42, "partofspeech": "Z", "start": 221, "lemma": "‹"}], [{"root_tokens": ["english"], "form": "sg n", "clitic": "", "ending": "0", "end": 230, "root": "english", "_index_": 43, "partofspeech": "S", "start": 223, "lemma": "english"}], [{"root_tokens": ["›"], "form": "", "clitic": "", "ending": "", "end": 232, "root": "›", "_index_": 44, "partofspeech": "Z", "start": 231, "lemma": "›"}], [{"root_tokens": ["liiga"], "form": "", "clitic": "", "ending": "0", "end": 238, "root": "liiga", "_index_": 45, "partofspeech": "D", "start": 233, "lemma": "liiga"}], [{"root_tokens": ["nõrk"], "form": "sg n", "clitic": "", "ending": "0", "end": 243, "root": "nõrk", "_index_": 46, "partofspeech": "A", "start": 239, "lemma": "nõrk"}], [{"root_tokens": [","], "form": "", "clitic": "", "ending": "", "end": 245, "root": ",", "_index_": 47, "partofspeech": "Z", "start": 244, "lemma": ","}], [{"root_tokens": ["et"], "form": "", "clitic": "", "ending": "0", "end": 248, "root": "et", "_index_": 48, "partofspeech": "J", "start": 246, "lemma": "et"}], [{"root_tokens": ["tead"], "form": "ksin", "clitic": "", "ending": "ksin", "end": 256, "root": "tead", "_index_": 49, "partofspeech": "V", "start": 249, "lemma": "teadma"}], [{"root_tokens": [","], "form": "", "clitic": "", "ending": "", "end": 258, "root": ",", "_index_": 50, "partofspeech": "Z", "start": 257, "lemma": ","}], [{"root_tokens": ["kuidas"], "form": "", "clitic": "", "ending": "0", "end": 265, "root": "kuidas", "_index_": 51, "partofspeech": "D", "start": 259, "lemma": "kuidas"}], [{"root_tokens": ["otsing"], "form": "pl ill", "clitic": "", "ending": "tesse", "end": 278, "root": "otsing", "_index_": 52, "partofspeech": "S", "start": 266, "lemma": "otsing"}], [{"root_tokens": ["üldse"], "form": "", "clitic": "", "ending": "0", "end": 284, "root": "üldse", "_index_": 53, "partofspeech": "D", "start": 279, "lemma": "üldse"}], [{"root_tokens": ["oma"], "form": "sg g", "clitic": "", "ending": "0", "end": 288, "root": "oma", "_index_": 54, "partofspeech": "P", "start": 285, "lemma": "oma"}], [{"root_tokens": ["mure"], "form": "sg p", "clitic": "", "ending": "t", "end": 294, "root": "mure", "_index_": 55, "partofspeech": "S", "start": 289, "lemma": "mure"}], [{"root_tokens": ["formuleeri"], "form": "da", "clitic": "", "ending": "da", "end": 307, "root": "formuleeri", "_index_": 56, "partofspeech": "V", "start": 295, "lemma": "formuleerima"}], [{"root_tokens": ["ehk"], "form": "", "clitic": "", "ending": "0", "end": 312, "root": "ehk", "_index_": 57, "partofspeech": "D", "start": 309, "lemma": "ehk"}], [{"root_tokens": ["ole"], "form": "b", "clitic": "", "ending": "0", "end": 315, "root": "ole", "_index_": 58, "partofspeech": "V", "start": 313, "lemma": "olema"}, {"root_tokens": ["ole"], "form": "vad", "clitic": "", "ending": "0", "end": 315, "root": "ole", "_index_": 58, "partofspeech": "V", "start": 313, "lemma": "olema"}], [{"root_tokens": ["keegi"], "form": "sg ad", "clitic": "", "ending": "lgi", "end": 324, "root": "keegi", "_index_": 59, "partofspeech": "P", "start": 316, "lemma": "keegi"}], [{"root_tokens": ["miski"], "form": "sg p", "clitic": "", "ending": "dagi", "end": 331, "root": "miski", "_index_": 60, "partofspeech": "P", "start": 325, "lemma": "miski"}], [{"root_tokens": ["sobiv"], "form": "sg p", "clitic": "", "ending": "t", "end": 339, "root": "sobiv", "_index_": 61, "partofspeech": "A", "start": 332, "lemma": "sobiv"}], [{"root_tokens": ["ise"], "form": "sg ad", "clitic": "", "ending": "l", "end": 345, "root": "ise", "_index_": 62, "partofspeech": "P", "start": 340, "lemma": "ise"}], [{"root_tokens": ["käe", "pärast"], "form": "", "clitic": "", "ending": "0", "end": 355, "root": "käe_pärast", "_index_": 63, "partofspeech": "D", "start": 346, "lemma": "käepärast"}], [{"root_tokens": ["?"], "form": "", "clitic": "", "ending": "", "end": 357, "root": "?", "_index_": 64, "partofspeech": "Z", "start": 356, "lemma": "?"}], [{"root_tokens": ["ette"], "form": "", "clitic": "", "ending": "0", "end": 363, "root": "ette", "_index_": 65, "partofspeech": "D", "start": 359, "lemma": "ette"}], [{"root_tokens": ["täna"], "form": "des", "clitic": "", "ending": "des", "end": 371, "root": "täna", "_index_": 66, "partofspeech": "V", "start": 364, "lemma": "tänama"}], [{"root_tokens": ["iga", "sugune"], "form": "sg g", "clitic": "", "ending": "0", "end": 381, "root": "iga_sugune", "_index_": 67, "partofspeech": "P", "start": 372, "lemma": "igasugune"}], [{"root_tokens": ["info"], "form": "sg g", "clitic": "", "ending": "0", "end": 386, "root": "info", "_index_": 68, "partofspeech": "S", "start": 382, "lemma": "info"}], [{"root_tokens": ["eest"], "form": "", "clitic": "", "ending": "0", "end": 391, "root": "eest", "_index_": 69, "partofspeech": "K", "start": 387, "lemma": "eest"}], [{"root_tokens": ["..."], "form": "", "clitic": "", "ending": "", "end": 395, "root": "...", "_index_": 70, "partofspeech": "Z", "start": 392, "lemma": "..."}], [{"root_tokens": ["mina"], "form": "sg n", "clitic": "", "ending": "0", "end": 399, "root": "mina", "_index_": 71, "partofspeech": "P", "start": 397, "lemma": "mina"}], [{"root_tokens": ["arva"], "form": "n", "clitic": "", "ending": "n", "end": 405, "root": "arva", "_index_": 72, "partofspeech": "V", "start": 400, "lemma": "arvama"}], [{"root_tokens": ["et"], "form": "", "clitic": "", "ending": "0", "end": 408, "root": "et", "_index_": 73, "partofspeech": "J", "start": 406, "lemma": "et"}], [{"root_tokens": ["või"], "form": "d", "clitic": "", "ending": "d", "end": 413, "root": "või", "_index_": 74, "partofspeech": "V", "start": 409, "lemma": "võima"}], [{"root_tokens": ["küsi"], "form": "da", "clitic": "", "ending": "da", "end": 420, "root": "küsi", "_index_": 75, "partofspeech": "V", "start": 414, "lemma": "küsima"}], [{"root_tokens": ["zone"], "form": "sg g", "clitic": "", "ending": "0", "end": 425, "root": "zone", "_index_": 76, "partofspeech": "S", "start": 421, "lemma": "zone"}], [{"root_tokens": ["abi"], "form": "sg el", "clitic": "", "ending": "st", "end": 431, "root": "abi", "_index_": 77, "partofspeech": "S", "start": 426, "lemma": "abi"}], [{"root_tokens": [","], "form": "", "clitic": "", "ending": "", "end": 433, "root": ",", "_index_": 78, "partofspeech": "Z", "start": 432, "lemma": ","}], [{"root_tokens": ["kuna"], "form": "", "clitic": "", "ending": "0", "end": 438, "root": "kuna", "_index_": 79, "partofspeech": "J", "start": 434, "lemma": "kuna"}], [{"root_tokens": ["siin"], "form": "", "clitic": "", "ending": "0", "end": 443, "root": "siin", "_index_": 80, "partofspeech": "D", "start": 439, "lemma": "siin"}], [{"root_tokens": ["see"], "form": "sg n", "clitic": "", "ending": "0", "end": 447, "root": "see", "_index_": 81, "partofspeech": "P", "start": 444, "lemma": "see"}], [{"root_tokens": ["ka"], "form": "", "clitic": "", "ending": "0", "end": 450, "root": "ka", "_index_": 82, "partofspeech": "D", "start": 448, "lemma": "ka"}], [{"root_tokens": ["ju"], "form": "", "clitic": "", "ending": "0", "end": 453, "root": "ju", "_index_": 83, "partofspeech": "D", "start": 451, "lemma": "ju"}], [{"root_tokens": ["kasutus"], "form": "sg ad", "clitic": "", "ending": "l", "end": 463, "root": "kasutus", "_index_": 84, "partofspeech": "S", "start": 454, "lemma": "kasutus"}], [{"root_tokens": ["weebi", "mees"], "form": "sg n", "clitic": "", "ending": "0", "end": 474, "root": "weebi_mees", "_index_": 85, "partofspeech": "S", "start": 465, "lemma": "weebimees"}], [{"root_tokens": ["mine"], "form": "o", "clitic": "", "ending": "0", "end": 479, "root": "mine", "_index_": 86, "partofspeech": "V", "start": 475, "lemma": "minema"}], [{"root_tokens": ["perse"], "form": "adt", "clitic": "", "ending": "0", "end": 485, "root": "perse", "_index_": 87, "partofspeech": "S", "start": 480, "lemma": "perse"}], [{"root_tokens": ["weebi", "mees"], "form": "sg n", "clitic": "", "ending": "0", "end": 496, "root": "weebi_mees", "_index_": 88, "partofspeech": "S", "start": 487, "lemma": "weebimees"}], [{"root_tokens": ["mine"], "form": "o", "clitic": "", "ending": "0", "end": 501, "root": "mine", "_index_": 89, "partofspeech": "V", "start": 497, "lemma": "minema"}], [{"root_tokens": ["perse"], "form": "adt", "clitic": "", "ending": "0", "end": 507, "root": "perse", "_index_": 90, "partofspeech": "S", "start": 502, "lemma": "perse"}], [{"root_tokens": ["weebi", "mees"], "form": "sg n", "clitic": "", "ending": "0", "end": 517, "root": "weebi_mees", "_index_": 91, "partofspeech": "S", "start": 508, "lemma": "weebimees"}], [{"root_tokens": ["mine"], "form": "o", "clitic": "", "ending": "0", "end": 522, "root": "mine", "_index_": 92, "partofspeech": "V", "start": 518, "lemma": "minema"}], [{"root_tokens": ["perse"], "form": "adt", "clitic": "", "ending": "0", "end": 528, "root": "perse", "_index_": 93, "partofspeech": "S", "start": 523, "lemma": "perse"}], [{"root_tokens": ["weebi", "mees"], "form": "sg n", "clitic": "", "ending": "0", "end": 538, "root": "weebi_mees", "_index_": 94, "partofspeech": "S", "start": 529, "lemma": "weebimees"}], [{"root_tokens": ["mine"], "form": "o", "clitic": "", "ending": "0", "end": 543, "root": "mine", "_index_": 95, "partofspeech": "V", "start": 539, "lemma": "minema"}], [{"root_tokens": ["perse"], "form": "adt", "clitic": "", "ending": "0", "end": 549, "root": "perse", "_index_": 96, "partofspeech": "S", "start": 544, "lemma": "perse"}], [{"root_tokens": ["weebi", "mees"], "form": "sg n", "clitic": "", "ending": "0", "end": 559, "root": "weebi_mees", "_index_": 97, "partofspeech": "S", "start": 550, "lemma": "weebimees"}], [{"root_tokens": ["mine"], "form": "o", "clitic": "", "ending": "0", "end": 564, "root": "mine", "_index_": 98, "partofspeech": "V", "start": 560, "lemma": "minema"}], [{"root_tokens": ["perse"], "form": "adt", "clitic": "", "ending": "0", "end": 570, "root": "perse", "_index_": 99, "partofspeech": "S", "start": 565, "lemma": "perse"}], [{"root_tokens": ["weebi", "mees"], "form": "sg n", "clitic": "", "ending": "0", "end": 580, "root": "weebi_mees", "_index_": 100, "partofspeech": "S", "start": 571, "lemma": "weebimees"}], [{"root_tokens": ["mine"], "form": "o", "clitic": "", "ending": "0", "end": 585, "root": "mine", "_index_": 101, "partofspeech": "V", "start": 581, "lemma": "minema"}], [{"root_tokens": ["perse"], "form": "adt", "clitic": "", "ending": "0", "end": 591, "root": "perse", "_index_": 102, "partofspeech": "S", "start": 586, "lemma": "perse"}]]}, {"enveloping": null, "attributes": ["lemma", "root", "root_tokens", "ending", "clitic", "form", "partofspeech"], "name": "gt_morph_analysis", "parent": "morph_analysis", "_base": "words", "ambiguous": true, "spans": [[{"root_tokens": ["oska"], "form": "Pers Prs Ind Sg 3 Aff", "clitic": "", "ending": "b", "end": 5, "root": "oska", "_index_": 0, "partofspeech": "V", "start": 0, "lemma": "oskama"}], [{"root_tokens": ["ehk"], "form": "", "clitic": "", "ending": "0", "end": 9, "root": "ehk", "_index_": 1, "partofspeech": "D", "start": 6, "lemma": "ehk"}], [{"root_tokens": ["keegi"], "form": "Sg Nom", "clitic": "", "ending": "0", "end": 15, "root": "keegi", "_index_": 2, "partofspeech": "P", "start": 10, "lemma": "keegi"}], [{"root_tokens": ["juhata"], "form": "Inf", "clitic": "", "ending": "da", "end": 24, "root": "juhata", "_index_": 3, "partofspeech": "V", "start": 16, "lemma": "juhatama"}], [{"root_tokens": ["kohta"], "form": "", "clitic": "", "ending": "0", "end": 30, "root": "kohta", "_index_": 4, "partofspeech": "K", "start": 25, "lemma": "kohta"}], [{"root_tokens": [","], "form": "", "clitic": "", "ending": "", "end": 32, "root": ",", "_index_": 5, "partofspeech": "Z", "start": 31, "lemma": ","}], [{"root_tokens": ["kus"], "form": "", "clitic": "", "ending": "0", "end": 36, "root": "kus", "_index_": 6, "partofspeech": "D", "start": 33, "lemma": "kus"}], [{"root_tokens": ["ole"], "form": "Pers Prs Ind Sg 3 Aff", "clitic": "", "ending": "0", "end": 39, "root": "ole", "_index_": 7, "partofspeech": "V", "start": 37, "lemma": "olema"}, {"root_tokens": ["ole"], "form": "Pers Prs Ind Pl 3 Aff", "clitic": "", "ending": "0", "end": 39, "root": "ole", "_index_": 7, "partofspeech": "V", "start": 37, "lemma": "olema"}], [{"root_tokens": ["info"], "form": "Sg Par", "clitic": "", "ending": "t", "end": 45, "root": "info", "_index_": 8, "partofspeech": "S", "start": 40, "lemma": "info"}], [{"root_tokens": ["järgmine"], "form": "Sg Gen", "clitic": "", "ending": "0", "end": 54, "root": "järgmine", "_index_": 9, "partofspeech": "A", "start": 46, "lemma": "järgmine"}], [{"root_tokens": ["asi"], "form": "Sg Gen", "clitic": "", "ending": "0", "end": 59, "root": "asi", "_index_": 10, "partofspeech": "S", "start": 55, "lemma": "asi"}], [{"root_tokens": ["kohta"], "form": "", "clitic": "", "ending": "0", "end": 65, "root": "kohta", "_index_": 11, "partofspeech": "K", "start": 60, "lemma": "kohta"}], [{"root_tokens": [":"], "form": "", "clitic": "", "ending": "", "end": 67, "root": ":", "_index_": 12, "partofspeech": "Z", "start": 66, "lemma": ":"}], [{"root_tokens": ["mingi"], "form": "Sg Nom", "clitic": "", "ending": "0", "end": 74, "root": "mingi", "_index_": 13, "partofspeech": "P", "start": 69, "lemma": "mingi"}], [{"root_tokens": ["koodi", "jupp"], "form": "Sg Nom", "clitic": "", "ending": "0", "end": 84, "root": "koodi_jupp", "_index_": 14, "partofspeech": "S", "start": 75, "lemma": "koodijupp"}], [{"root_tokens": ["("], "form": "", "clitic": "", "ending": "", "end": 86, "root": "(", "_index_": 15, "partofspeech": "Z", "start": 85, "lemma": "("}], [{"root_tokens": ["php"], "form": "?", "clitic": "", "ending": "0", "end": 90, "root": "php", "_index_": 16, "partofspeech": "Y", "start": 87, "lemma": "php"}], [{"root_tokens": ["ilmselt"], "form": "", "clitic": "", "ending": "0", "end": 98, "root": "ilmselt", "_index_": 17, "partofspeech": "D", "start": 91, "lemma": "ilmselt"}], [{"root_tokens": ["?"], "form": "", "clitic": "", "ending": "", "end": 100, "root": "?", "_index_": 18, "partofspeech": "Z", "start": 99, "lemma": "?"}], [{"root_tokens": [")"], "form": "", "clitic": "", "ending": "", "end": 102, "root": ")", "_index_": 19, "partofspeech": "Z", "start": 101, "lemma": ")"}], [{"root_tokens": [","], "form": "", "clitic": "", "ending": "", "end": 104, "root": ",", "_index_": 20, "partofspeech": "Z", "start": 103, "lemma": ","}], [{"root_tokens": ["mis"], "form": "Pl Gen", "clitic": "", "ending": "0", "end": 110, "root": "mis", "_index_": 21, "partofspeech": "P", "start": 105, "lemma": "mis"}, {"root_tokens": ["mis"], "form": "Sg Gen", "clitic": "", "ending": "0", "end": 110, "root": "mis", "_index_": 21, "partofspeech": "P", "start": 105, "lemma": "mis"}], [{"root_tokens": ["abil"], "form": "", "clitic": "", "ending": "0", "end": 115, "root": "abil", "_index_": 22, "partofspeech": "K", "start": 111, "lemma": "abil"}], [{"root_tokens": ["ole"], "form": "Pers Prs Ind Sg 3 Aff", "clitic": "", "ending": "0", "end": 118, "root": "ole", "_index_": 23, "partofspeech": "V", "start": 116, "lemma": "olema"}, {"root_tokens": ["ole"], "form": "Pers Prs Ind Pl 3 Aff", "clitic": "", "ending": "0", "end": 118, "root": "ole", "_index_": 23, "partofspeech": "V", "start": 116, "lemma": "olema"}], [{"root_tokens": ["võimalik"], "form": "Sg Nom", "clitic": "", "ending": "0", "end": 127, "root": "võimalik", "_index_": 24, "partofspeech": "A", "start": 119, "lemma": "võimalik"}], [{"root_tokens": ["näge"], "form": "Inf", "clitic": "", "ending": "a", "end": 132, "root": "näge", "_index_": 25, "partofspeech": "V", "start": 128, "lemma": "nägema"}], [{"root_tokens": [","], "form": "", "clitic": "", "ending": "", "end": 134, "root": ",", "_index_": 26, "partofspeech": "Z", "start": 133, "lemma": ","}], [{"root_tokens": ["mitu"], "form": "Sg Nom", "clitic": "", "ending": "0", "end": 139, "root": "mitu", "_index_": 27, "partofspeech": "P", "start": 135, "lemma": "mitu"}], [{"root_tokens": ["külaline"], "form": "Sg Par", "clitic": "", "ending": "t", "end": 148, "root": "külaline", "_index_": 28, "partofspeech": "S", "start": 140, "lemma": "külaline"}], [{"root_tokens": ["hetk"], "form": "Sg Ade", "clitic": "", "ending": "l", "end": 155, "root": "hetk", "_index_": 29, "partofspeech": "S", "start": 149, "lemma": "hetk"}], [{"root_tokens": ["sait"], "form": "Sg Ade", "clitic": "", "ending": "l", "end": 162, "root": "sait", "_index_": 30, "partofspeech": "S", "start": 156, "lemma": "sait"}], [{"root_tokens": ["ringi"], "form": "", "clitic": "", "ending": "0", "end": 168, "root": "ringi", "_index_": 31, "partofspeech": "D", "start": 163, "lemma": "ringi"}], [{"root_tokens": ["jaluta"], "form": "Pers Sup Ine", "clitic": "", "ending": "mas", "end": 178, "root": "jaluta", "_index_": 32, "partofspeech": "V", "start": 169, "lemma": "jalutama"}], [{"root_tokens": ["ole"], "form": "Pers Prs Ind Sg 3 Aff", "clitic": "", "ending": "0", "end": 181, "root": "ole", "_index_": 33, "partofspeech": "V", "start": 179, "lemma": "olema"}, {"root_tokens": ["ole"], "form": "Pers Prs Ind Pl 3 Aff", "clitic": "", "ending": "0", "end": 181, "root": "ole", "_index_": 33, "partofspeech": "V", "start": 179, "lemma": "olema"}], [{"root_tokens": ["."], "form": "", "clitic": "", "ending": "", "end": 183, "root": ".", "_index_": 34, "partofspeech": "Z", "start": 182, "lemma": "."}], [{"root_tokens": ["otsi"], "form": "Pers Prs Cond Sg 1 Aff", "clitic": "", "ending": "ksin", "end": 193, "root": "otsi", "_index_": 35, "partofspeech": "V", "start": 185, "lemma": "otsima"}], [{"root_tokens": ["ise"], "form": "Pl Nom", "clitic": "", "ending": "0", "end": 197, "root": "ise", "_index_": 36, "partofspeech": "P", "start": 194, "lemma": "ise"}, {"root_tokens": ["ise"], "form": "Sg Nom", "clitic": "", "ending": "0", "end": 197, "root": "ise", "_index_": 36, "partofspeech": "P", "start": 194, "lemma": "ise"}], [{"root_tokens": [","], "form": "", "clitic": "", "ending": "", "end": 199, "root": ",", "_index_": 37, "partofspeech": "Z", "start": 198, "lemma": ","}], [{"root_tokens": ["kuid"], "form": "", "clitic": "", "ending": "0", "end": 204, "root": "kuid", "_index_": 38, "partofspeech": "J", "start": 200, "lemma": "kuid"}], [{"root_tokens": ["kahjuks"], "form": "", "clitic": "", "ending": "0", "end": 212, "root": "kahjuks", "_index_": 39, "partofspeech": "D", "start": 205, "lemma": "kahjuks"}], [{"root_tokens": ["ole"], "form": "Pers Prs Ind Sg 3 Aff", "clitic": "", "ending": "0", "end": 215, "root": "ole", "_index_": 40, "partofspeech": "V", "start": 213, "lemma": "olema"}, {"root_tokens": ["ole"], "form": "Pers Prs Ind Pl 3 Aff", "clitic": "", "ending": "0", "end": 215, "root": "ole", "_index_": 40, "partofspeech": "V", "start": 213, "lemma": "olema"}], [{"root_tokens": ["mina"], "form": "Sg Gen", "clitic": "", "ending": "0", "end": 220, "root": "mina", "_index_": 41, "partofspeech": "P", "start": 216, "lemma": "mina"}], [{"root_tokens": ["‹"], "form": "", "clitic": "", "ending": "", "end": 222, "root": "‹", "_index_": 42, "partofspeech": "Z", "start": 221, "lemma": "‹"}], [{"root_tokens": ["english"], "form": "Sg Nom", "clitic": "", "ending": "0", "end": 230, "root": "english", "_index_": 43, "partofspeech": "S", "start": 223, "lemma": "english"}], [{"root_tokens": ["›"], "form": "", "clitic": "", "ending": "", "end": 232, "root": "›", "_index_": 44, "partofspeech": "Z", "start": 231, "lemma": "›"}], [{"root_tokens": ["liiga"], "form": "", "clitic": "", "ending": "0", "end": 238, "root": "liiga", "_index_": 45, "partofspeech": "D", "start": 233, "lemma": "liiga"}], [{"root_tokens": ["nõrk"], "form": "Sg Nom", "clitic": "", "ending": "0", "end": 243, "root": "nõrk", "_index_": 46, "partofspeech": "A", "start": 239, "lemma": "nõrk"}], [{"root_tokens": [","], "form": "", "clitic": "", "ending": "", "end": 245, "root": ",", "_index_": 47, "partofspeech": "Z", "start": 244, "lemma": ","}], [{"root_tokens": ["et"], "form": "", "clitic": "", "ending": "0", "end": 248, "root": "et", "_index_": 48, "partofspeech": "J", "start": 246, "lemma": "et"}], [{"root_tokens": ["tead"], "form": "Pers Prs Cond Sg 1 Aff", "clitic": "", "ending": "ksin", "end": 256, "root": "tead", "_index_": 49, "partofspeech": "V", "start": 249, "lemma": "teadma"}], [{"root_tokens": [","], "form": "", "clitic": "", "ending": "", "end": 258, "root": ",", "_index_": 50, "partofspeech": "Z", "start": 257, "lemma": ","}], [{"root_tokens": ["kuidas"], "form": "", "clitic": "", "ending": "0", "end": 265, "root": "kuidas", "_index_": 51, "partofspeech": "D", "start": 259, "lemma": "kuidas"}], [{"root_tokens": ["otsing"], "form": "Pl Ill", "clitic": "", "ending": "tesse", "end": 278, "root": "otsing", "_index_": 52, "partofspeech": "S", "start": 266, "lemma": "otsing"}], [{"root_tokens": ["üldse"], "form": "", "clitic": "", "ending": "0", "end": 284, "root": "üldse", "_index_": 53, "partofspeech": "D", "start": 279, "lemma": "üldse"}], [{"root_tokens": ["oma"], "form": "Sg Gen", "clitic": "", "ending": "0", "end": 288, "root": "oma", "_index_": 54, "partofspeech": "P", "start": 285, "lemma": "oma"}], [{"root_tokens": ["mure"], "form": "Sg Par", "clitic": "", "ending": "t", "end": 294, "root": "mure", "_index_": 55, "partofspeech": "S", "start": 289, "lemma": "mure"}], [{"root_tokens": ["formuleeri"], "form": "Inf", "clitic": "", "ending": "da", "end": 307, "root": "formuleeri", "_index_": 56, "partofspeech": "V", "start": 295, "lemma": "formuleerima"}], [{"root_tokens": ["ehk"], "form": "", "clitic": "", "ending": "0", "end": 312, "root": "ehk", "_index_": 57, "partofspeech": "D", "start": 309, "lemma": "ehk"}], [{"root_tokens": ["ole"], "form": "Pers Prs Ind Sg 3 Aff", "clitic": "", "ending": "0", "end": 315, "root": "ole", "_index_": 58, "partofspeech": "V", "start": 313, "lemma": "olema"}, {"root_tokens": ["ole"], "form": "Pers Prs Ind Pl 3 Aff", "clitic": "", "ending": "0", "end": 315, "root": "ole", "_index_": 58, "partofspeech": "V", "start": 313, "lemma": "olema"}], [{"root_tokens": ["keegi"], "form": "Sg Ade", "clitic": "", "ending": "lgi", "end": 324, "root": "keegi", "_index_": 59, "partofspeech": "P", "start": 316, "lemma": "keegi"}], [{"root_tokens": ["miski"], "form": "Sg Par", "clitic": "", "ending": "dagi", "end": 331, "root": "miski", "_index_": 60, "partofspeech": "P", "start": 325, "lemma": "miski"}], [{"root_tokens": ["sobiv"], "form": "Sg Par", "clitic": "", "ending": "t", "end": 339, "root": "sobiv", "_index_": 61, "partofspeech": "A", "start": 332, "lemma": "sobiv"}], [{"root_tokens": ["ise"], "form": "Sg Ade", "clitic": "", "ending": "l", "end": 345, "root": "ise", "_index_": 62, "partofspeech": "P", "start": 340, "lemma": "ise"}], [{"root_tokens": ["käe", "pärast"], "form": "", "clitic": "", "ending": "0", "end": 355, "root": "käe_pärast", "_index_": 63, "partofspeech": "D", "start": 346, "lemma": "käepärast"}], [{"root_tokens": ["?"], "form": "", "clitic": "", "ending": "", "end": 357, "root": "?", "_index_": 64, "partofspeech": "Z", "start": 356, "lemma": "?"}], [{"root_tokens": ["ette"], "form": "", "clitic": "", "ending": "0", "end": 363, "root": "ette", "_index_": 65, "partofspeech": "D", "start": 359, "lemma": "ette"}], [{"root_tokens": ["täna"], "form": "Ger", "clitic": "", "ending": "des", "end": 371, "root": "täna", "_index_": 66, "partofspeech": "V", "start": 364, "lemma": "tänama"}], [{"root_tokens": ["iga", "sugune"], "form": "Sg Gen", "clitic": "", "ending": "0", "end": 381, "root": "iga_sugune", "_index_": 67, "partofspeech": "P", "start": 372, "lemma": "igasugune"}], [{"root_tokens": ["info"], "form": "Sg Gen", "clitic": "", "ending": "0", "end": 386, "root": "info", "_index_": 68, "partofspeech": "S", "start": 382, "lemma": "info"}], [{"root_tokens": ["eest"], "form": "", "clitic": "", "ending": "0", "end": 391, "root": "eest", "_index_": 69, "partofspeech": "K", "start": 387, "lemma": "eest"}], [{"root_tokens": ["..."], "form": "", "clitic": "", "ending": "", "end": 395, "root": "...", "_index_": 70, "partofspeech": "Z", "start": 392, "lemma": "..."}], [{"root_tokens": ["mina"], "form": "Sg Nom", "clitic": "", "ending": "0", "end": 399, "root": "mina", "_index_": 71, "partofspeech": "P", "start": 397, "lemma": "mina"}], [{"root_tokens": ["arva"], "form": "Pers Prs Ind Sg 1 Aff", "clitic": "", "ending": "n", "end": 405, "root": "arva", "_index_": 72, "partofspeech": "V", "start": 400, "lemma": "arvama"}], [{"root_tokens": ["et"], "form": "", "clitic": "", "ending": "0", "end": 408, "root": "et", "_index_": 73, "partofspeech": "J", "start": 406, "lemma": "et"}], [{"root_tokens": ["või"], "form": "Pers Prs Ind Sg 2 Aff", "clitic": "", "ending": "d", "end": 413, "root": "või", "_index_": 74, "partofspeech": "V", "start": 409, "lemma": "võima"}], [{"root_tokens": ["küsi"], "form": "Inf", "clitic": "", "ending": "da", "end": 420, "root": "küsi", "_index_": 75, "partofspeech": "V", "start": 414, "lemma": "küsima"}], [{"root_tokens": ["zone"], "form": "Sg Gen", "clitic": "", "ending": "0", "end": 425, "root": "zone", "_index_": 76, "partofspeech": "S", "start": 421, "lemma": "zone"}], [{"root_tokens": ["abi"], "form": "Sg Ela", "clitic": "", "ending": "st", "end": 431, "root": "abi", "_index_": 77, "partofspeech": "S", "start": 426, "lemma": "abi"}], [{"root_tokens": [","], "form": "", "clitic": "", "ending": "", "end": 433, "root": ",", "_index_": 78, "partofspeech": "Z", "start": 432, "lemma": ","}], [{"root_tokens": ["kuna"], "form": "", "clitic": "", "ending": "0", "end": 438, "root": "kuna", "_index_": 79, "partofspeech": "J", "start": 434, "lemma": "kuna"}], [{"root_tokens": ["siin"], "form": "", "clitic": "", "ending": "0", "end": 443, "root": "siin", "_index_": 80, "partofspeech": "D", "start": 439, "lemma": "siin"}], [{"root_tokens": ["see"], "form": "Sg Nom", "clitic": "", "ending": "0", "end": 447, "root": "see", "_index_": 81, "partofspeech": "P", "start": 444, "lemma": "see"}], [{"root_tokens": ["ka"], "form": "", "clitic": "", "ending": "0", "end": 450, "root": "ka", "_index_": 82, "partofspeech": "D", "start": 448, "lemma": "ka"}], [{"root_tokens": ["ju"], "form": "", "clitic": "", "ending": "0", "end": 453, "root": "ju", "_index_": 83, "partofspeech": "D", "start": 451, "lemma": "ju"}], [{"root_tokens": ["kasutus"], "form": "Sg Ade", "clitic": "", "ending": "l", "end": 463, "root": "kasutus", "_index_": 84, "partofspeech": "S", "start": 454, "lemma": "kasutus"}], [{"root_tokens": ["weebi", "mees"], "form": "Sg Nom", "clitic": "", "ending": "0", "end": 474, "root": "weebi_mees", "_index_": 85, "partofspeech": "S", "start": 465, "lemma": "weebimees"}], [{"root_tokens": ["mine"], "form": "Pers Prs Imprt Sg 2", "clitic": "", "ending": "0", "end": 479, "root": "mine", "_index_": 86, "partofspeech": "V", "start": 475, "lemma": "minema"}], [{"root_tokens": ["perse"], "form": "Sg Ill", "clitic": "", "ending": "0", "end": 485, "root": "perse", "_index_": 87, "partofspeech": "S", "start": 480, "lemma": "perse"}], [{"root_tokens": ["weebi", "mees"], "form": "Sg Nom", "clitic": "", "ending": "0", "end": 496, "root": "weebi_mees", "_index_": 88, "partofspeech": "S", "start": 487, "lemma": "weebimees"}], [{"root_tokens": ["mine"], "form": "Pers Prs Imprt Sg 2", "clitic": "", "ending": "0", "end": 501, "root": "mine", "_index_": 89, "partofspeech": "V", "start": 497, "lemma": "minema"}], [{"root_tokens": ["perse"], "form": "Sg Ill", "clitic": "", "ending": "0", "end": 507, "root": "perse", "_index_": 90, "partofspeech": "S", "start": 502, "lemma": "perse"}], [{"root_tokens": ["weebi", "mees"], "form": "Sg Nom", "clitic": "", "ending": "0", "end": 517, "root": "weebi_mees", "_index_": 91, "partofspeech": "S", "start": 508, "lemma": "weebimees"}], [{"root_tokens": ["mine"], "form": "Pers Prs Imprt Sg 2", "clitic": "", "ending": "0", "end": 522, "root": "mine", "_index_": 92, "partofspeech": "V", "start": 518, "lemma": "minema"}], [{"root_tokens": ["perse"], "form": "Sg Ill", "clitic": "", "ending": "0", "end": 528, "root": "perse", "_index_": 93, "partofspeech": "S", "start": 523, "lemma": "perse"}], [{"root_tokens": ["weebi", "mees"], "form": "Sg Nom", "clitic": "", "ending": "0", "end": 538, "root": "weebi_mees", "_index_": 94, "partofspeech": "S", "start": 529, "lemma": "weebimees"}], [{"root_tokens": ["mine"], "form": "Pers Prs Imprt Sg 2", "clitic": "", "ending": "0", "end": 543, "root": "mine", "_index_": 95, "partofspeech": "V", "start": 539, "lemma": "minema"}], [{"root_tokens": ["perse"], "form": "Sg Ill", "clitic": "", "ending": "0", "end": 549, "root": "perse", "_index_": 96, "partofspeech": "S", "start": 544, "lemma": "perse"}], [{"root_tokens": ["weebi", "mees"], "form": "Sg Nom", "clitic": "", "ending": "0", "end": 559, "root": "weebi_mees", "_index_": 97, "partofspeech": "S", "start": 550, "lemma": "weebimees"}], [{"root_tokens": ["mine"], "form": "Pers Prs Imprt Sg 2", "clitic": "", "ending": "0", "end": 564, "root": "mine", "_index_": 98, "partofspeech": "V", "start": 560, "lemma": "minema"}], [{"root_tokens": ["perse"], "form": "Sg Ill", "clitic": "", "ending": "0", "end": 570, "root": "perse", "_index_": 99, "partofspeech": "S", "start": 565, "lemma": "perse"}], [{"root_tokens": ["weebi", "mees"], "form": "Sg Nom", "clitic": "", "ending": "0", "end": 580, "root": "weebi_mees", "_index_": 100, "partofspeech": "S", "start": 571, "lemma": "weebimees"}], [{"root_tokens": ["mine"], "form": "Pers Prs Imprt Sg 2", "clitic": "", "ending": "0", "end": 585, "root": "mine", "_index_": 101, "partofspeech": "V", "start": 581, "lemma": "minema"}], [{"root_tokens": ["perse"], "form": "Sg Ill", "clitic": "", "ending": "0", "end": 591, "root": "perse", "_index_": 102, "partofspeech": "S", "start": 586, "lemma": "perse"}]]}, {"enveloping": null, "attributes": [], "name": "tokens", "parent": null, "_base": "tokens", "ambiguous": false, "spans": [{"start": 0, "end": 5}, {"start": 6, "end": 9}, {"start": 10, "end": 15}, {"start": 16, "end": 24}, {"start": 25, "end": 30}, {"start": 31, "end": 32}, {"start": 33, "end": 36}, {"start": 37, "end": 39}, {"start": 40, "end": 45}, {"start": 46, "end": 54}, {"start": 55, "end": 59}, {"start": 60, "end": 65}, {"start": 66, "end": 67}, {"start": 69, "end": 74}, {"start": 75, "end": 84}, {"start": 85, "end": 86}, {"start": 87, "end": 90}, {"start": 91, "end": 98}, {"start": 99, "end": 100}, {"start": 101, "end": 102}, {"start": 103, "end": 104}, {"start": 105, "end": 110}, {"start": 111, "end": 115}, {"start": 116, "end": 118}, {"start": 119, "end": 127}, {"start": 128, "end": 132}, {"start": 133, "end": 134}, {"start": 135, "end": 139}, {"start": 140, "end": 148}, {"start": 149, "end": 155}, {"start": 156, "end": 162}, {"start": 163, "end": 168}, {"start": 169, "end": 178}, {"start": 179, "end": 181}, {"start": 182, "end": 183}, {"start": 185, "end": 193}, {"start": 194, "end": 197}, {"start": 198, "end": 199}, {"start": 200, "end": 204}, {"start": 205, "end": 212}, {"start": 213, "end": 215}, {"start": 216, "end": 220}, {"start": 221, "end": 222}, {"start": 223, "end": 230}, {"start": 231, "end": 232}, {"start": 233, "end": 238}, {"start": 239, "end": 243}, {"start": 244, "end": 245}, {"start": 246, "end": 248}, {"start": 249, "end": 256}, {"start": 257, "end": 258}, {"start": 259, "end": 265}, {"start": 266, "end": 278}, {"start": 279, "end": 284}, {"start": 285, "end": 288}, {"start": 289, "end": 294}, {"start": 295, "end": 307}, {"start": 309, "end": 312}, {"start": 313, "end": 315}, {"start": 316, "end": 324}, {"start": 325, "end": 331}, {"start": 332, "end": 339}, {"start": 340, "end": 345}, {"start": 346, "end": 355}, {"start": 356, "end": 357}, {"start": 359, "end": 363}, {"start": 364, "end": 371}, {"start": 372, "end": 381}, {"start": 382, "end": 386}, {"start": 387, "end": 391}, {"start": 392, "end": 395}, {"start": 397, "end": 399}, {"start": 400, "end": 405}, {"start": 406, "end": 408}, {"start": 409, "end": 413}, {"start": 414, "end": 420}, {"start": 421, "end": 425}, {"start": 426, "end": 431}, {"start": 432, "end": 433}, {"start": 434, "end": 438}, {"start": 439, "end": 443}, {"start": 444, "end": 447}, {"start": 448, "end": 450}, {"start": 451, "end": 453}, {"start": 454, "end": 463}, {"start": 465, "end": 474}, {"start": 475, "end": 479}, {"start": 480, "end": 485}, {"start": 487, "end": 496}, {"start": 497, "end": 501}, {"start": 502, "end": 507}, {"start": 508, "end": 517}, {"start": 518, "end": 522}, {"start": 523, "end": 528}, {"start": 529, "end": 538}, {"start": 539, "end": 543}, {"start": 544, "end": 549}, {"start": 550, "end": 559}, {"start": 560, "end": 564}, {"start": 565, "end": 570}, {"start": 571, "end": 580}, {"start": 581, "end": 585}, {"start": 586, "end": 591}]}, {"enveloping": "tokens", "attributes": ["type", "normalized"], "name": "compound_tokens", "parent": null, "_base": "compound_tokens", "ambiguous": false, "spans": []}], "meta": {"subcorpus": "netifoorum", "type": "teema", "title": "külastajate statistika ( ? ) - 01. leht ( Planet Foorumid - Tehnoloogia - Arvutid - Veebindus ja programmeerimine )", "alamfoorum": "Veebindus_ja_programmeerimine"}, "text": "Oskab ehk keegi juhatada kohta , kus on infot järgmise asja kohta :\n\nmingi koodijupp ( php ilmselt ? ) , mille abil on võimalik näha , mitu külalist hetkel saidil ringi jalutamas on .\n\nOtsiksin ise , kuid kahjuks on minu ‹ english › liiga nõrk , et teaksin , kuidas otsingutesse üldse oma muret formuleerida\n\nEhk on kellelgi midagi sobivat endal käepärast ?\n\nEtte tänades igasuguse info eest ...\n\nma arvan et võid küsida zone abist , kuna siin see ka ju kasutusel\n\nweebimees mine perse\n\nweebimees mine perse weebimees mine perse weebimees mine perse weebimees mine perse weebimees mine perse"}