{"layers": [{"enveloping": null, "attributes": ["normalized_form"], "name": "words", "parent": null, "_base": "words", "ambiguous": false, "spans": [{"start": 0, "normalized_form": null, "end": 6}, {"start": 7, "normalized_form": null, "end": 8}, {"start": 9, "normalized_form": "0501", "end": 14}, {"start": 15, "normalized_form": null, "end": 23}, {"start": 25, "normalized_form": null, "end": 31}, {"start": 32, "normalized_form": null, "end": 38}, {"start": 39, "normalized_form": null, "end": 44}, {"start": 45, "normalized_form": null, "end": 50}, {"start": 51, "normalized_form": null, "end": 59}, {"start": 60, "normalized_form": null, "end": 67}, {"start": 67, "normalized_form": null, "end": 68}, {"start": 69, "normalized_form": null, "end": 70}, {"start": 71, "normalized_form": null, "end": 73}, {"start": 74, "normalized_form": null, "end": 75}, {"start": 76, "normalized_form": null, "end": 77}, {"start": 78, "normalized_form": null, "end": 82}, {"start": 83, "normalized_form": null, "end": 86}, {"start": 87, "normalized_form": null, "end": 94}, {"start": 94, "normalized_form": null, "end": 95}, {"start": 96, "normalized_form": null, "end": 100}, {"start": 101, "normalized_form": null, "end": 108}, {"start": 109, "normalized_form": null, "end": 115}, {"start": 115, "normalized_form": null, "end": 116}, {"start": 116, "normalized_form": null, "end": 125}, {"start": 126, "normalized_form": null, "end": 133}, {"start": 133, "normalized_form": null, "end": 134}, {"start": 135, "normalized_form": null, "end": 139}, {"start": 140, "normalized_form": null, "end": 145}, {"start": 145, "normalized_form": null, "end": 146}, {"start": 146, "normalized_form": null, "end": 151}, {"start": 152, "normalized_form": null, "end": 158}, {"start": 159, "normalized_form": null, "end": 160}, {"start": 161, "normalized_form": null, "end": 165}, {"start": 166, "normalized_form": null, "end": 173}, {"start": 174, "normalized_form": null, "end": 179}, {"start": 180, "normalized_form": null, "end": 185}, {"start": 186, "normalized_form": null, "end": 187}, {"start": 188, "normalized_form": null, "end": 191}, {"start": 192, "normalized_form": null, "end": 200}, {"start": 201, "normalized_form": null, "end": 207}, {"start": 208, "normalized_form": null, "end": 212}, {"start": 213, "normalized_form": null, "end": 218}, {"start": 219, "normalized_form": null, "end": 224}, {"start": 225, "normalized_form": null, "end": 230}, {"start": 231, "normalized_form": null, "end": 232}, {"start": 233, "normalized_form": null, "end": 234}, {"start": 235, "normalized_form": null, "end": 239}, {"start": 240, "normalized_form": null, "end": 247}, {"start": 248, "normalized_form": null, "end": 256}, {"start": 257, "normalized_form": null, "end": 258}, {"start": 259, "normalized_form": null, "end": 260}, {"start": 261, "normalized_form": null, "end": 266}, {"start": 267, "normalized_form": null, "end": 271}, {"start": 272, "normalized_form": null, "end": 280}, {"start": 281, "normalized_form": null, "end": 282}, {"start": 283, "normalized_form": null, "end": 284}, {"start": 285, "normalized_form": null, "end": 286}, {"start": 287, "normalized_form": null, "end": 291}, {"start": 292, "normalized_form": null, "end": 293}, {"start": 294, "normalized_form": null, "end": 300}, {"start": 301, "normalized_form": null, "end": 304}, {"start": 305, "normalized_form": null, "end": 306}, {"start": 307, "normalized_form": null, "end": 309}, {"start": 310, "normalized_form": null, "end": 312}, {"start": 313, "normalized_form": null, "end": 320}, {"start": 321, "normalized_form": null, "end": 324}, {"start": 325, "normalized_form": null, "end": 331}, {"start": 332, "normalized_form": null, "end": 334}, {"start": 335, "normalized_form": null, "end": 340}, {"start": 341, "normalized_form": null, "end": 343}, {"start": 344, "normalized_form": null, "end": 350}, {"start": 351, "normalized_form": null, "end": 354}, {"start": 355, "normalized_form": null, "end": 357}, {"start": 358, "normalized_form": null, "end": 361}, {"start": 362, "normalized_form": null, "end": 364}, {"start": 365, "normalized_form": null, "end": 367}, {"start": 368, "normalized_form": null, "end": 372}, {"start": 373, "normalized_form": null, "end": 386}, {"start": 388, "normalized_form": null, "end": 392}, {"start": 393, "normalized_form": null, "end": 395}, {"start": 396, "normalized_form": "5", "end": 398}, {"start": 399, "normalized_form": null, "end": 409}, {"start": 411, "normalized_form": null, "end": 413}, {"start": 414, "normalized_form": null, "end": 418}, {"start": 419, "normalized_form": null, "end": 423}, {"start": 424, "normalized_form": null, "end": 430}, {"start": 431, "normalized_form": null, "end": 433}, {"start": 434, "normalized_form": null, "end": 441}, {"start": 442, "normalized_form": null, "end": 446}, {"start": 447, "normalized_form": "mIRC's", "end": 453}, {"start": 454, "normalized_form": null, "end": 457}, {"start": 458, "normalized_form": null, "end": 462}, {"start": 463, "normalized_form": null, "end": 468}, {"start": 469, "normalized_form": null, "end": 473}, {"start": 474, "normalized_form": null, "end": 478}, {"start": 479, "normalized_form": null, "end": 485}, {"start": 486, "normalized_form": null, "end": 509}, {"start": 510, "normalized_form": null, "end": 512}, {"start": 513, "normalized_form": null, "end": 517}, {"start": 518, "normalized_form": null, "end": 521}, {"start": 522, "normalized_form": null, "end": 523}, {"start": 525, "normalized_form": null, "end": 529}, {"start": 530, "normalized_form": "mIRC's", "end": 536}, {"start": 537, "normalized_form": null, "end": 538}, {"start": 540, "normalized_form": null, "end": 548}, {"start": 549, "normalized_form": null, "end": 550}, {"start": 551, "normalized_form": null, "end": 553}, {"start": 554, "normalized_form": null, "end": 558}, {"start": 559, "normalized_form": null, "end": 564}, {"start": 565, "normalized_form": null, "end": 572}, {"start": 573, "normalized_form": null, "end": 574}, {"start": 575, "normalized_form": null, "end": 582}, {"start": 583, "normalized_form": null, "end": 596}, {"start": 597, "normalized_form": null, "end": 599}, {"start": 600, "normalized_form": null, "end": 606}, {"start": 607, "normalized_form": null, "end": 611}, {"start": 612, "normalized_form": null, "end": 615}, {"start": 616, "normalized_form": null, "end": 623}, {"start": 624, "normalized_form": null, "end": 628}, {"start": 629, "normalized_form": null, "end": 635}, {"start": 636, "normalized_form": null, "end": 638}, {"start": 639, "normalized_form": null, "end": 640}, {"start": 641, "normalized_form": null, "end": 646}, {"start": 647, "normalized_form": null, "end": 654}, {"start": 655, "normalized_form": null, "end": 659}, {"start": 660, "normalized_form": null, "end": 669}, {"start": 670, "normalized_form": null, "end": 681}, {"start": 682, "normalized_form": null, "end": 683}, {"start": 684, "normalized_form": "C's", "end": 687}, {"start": 688, "normalized_form": null, "end": 689}, {"start": 690, "normalized_form": null, "end": 698}, {"start": 699, "normalized_form": null, "end": 700}, {"start": 701, "normalized_form": null, "end": 706}, {"start": 707, "normalized_form": null, "end": 708}, {"start": 709, "normalized_form": null, "end": 715}, {"start": 716, "normalized_form": null, "end": 719}, {"start": 720, "normalized_form": null, "end": 724}, {"start": 725, "normalized_form": null, "end": 746}, {"start": 747, "normalized_form": null, "end": 748}, {"start": 749, "normalized_form": null, "end": 750}, {"start": 751, "normalized_form": null, "end": 755}, {"start": 756, "normalized_form": null, "end": 762}, {"start": 763, "normalized_form": null, "end": 764}, {"start": 765, "normalized_form": null, "end": 769}, {"start": 770, "normalized_form": null, "end": 782}, {"start": 783, "normalized_form": null, "end": 787}, {"start": 788, "normalized_form": null, "end": 798}, {"start": 799, "normalized_form": null, "end": 805}, {"start": 806, "normalized_form": null, "end": 812}, {"start": 814, "normalized_form": null, "end": 817}, {"start": 818, "normalized_form": null, "end": 824}, {"start": 825, "normalized_form": null, "end": 828}, {"start": 829, "normalized_form": null, "end": 830}, {"start": 832, "normalized_form": null, "end": 838}, {"start": 839, "normalized_form": null, "end": 841}, {"start": 842, "normalized_form": null, "end": 850}, {"start": 851, "normalized_form": null, "end": 853}, {"start": 854, "normalized_form": null, "end": 857}]}, {"enveloping": "words", "attributes": ["fix_types"], "name": "sentences", "parent": null, "_base": "sentences", "ambiguous": false, "spans": [{"fix_types": [], "_index_": [0, 1]}, {"fix_types": ["double_newline_ending"], "_index_": [2, 3]}, {"fix_types": [], "_index_": [4, 5, 6, 7, 8, 9, 10, 11]}, {"fix_types": [], "_index_": [12, 13, 14]}, {"fix_types": ["parentheses"], "_index_": [15, 16, 17, 18, 19, 20, 21, 22, 23, 24, 25, 26, 27, 28, 29, 30, 31, 32, 33, 34, 35, 36, 37, 38, 39, 40, 41, 42, 43, 44, 45, 46, 47, 48, 49, 50, 51, 52, 53, 54, 55, 56]}, {"fix_types": ["double_newline_ending"], "_index_": [57, 58, 59, 60, 61, 62, 63, 64, 65, 66, 67, 68, 69, 70, 71, 72, 73, 74, 75, 76, 77]}, {"fix_types": ["double_newline_ending"], "_index_": [78, 79, 80, 81]}, {"fix_types": [], "_index_": [82, 83, 84, 85, 86, 87, 88, 89, 90, 91, 92, 93, 94, 95, 96, 97, 98, 99, 100]}, {"fix_types": [], "_index_": [101, 102, 103]}, {"fix_types": ["double_newline_ending"], "_index_": [104, 105, 106, 107, 108, 109, 110, 111, 112, 113, 114, 115, 116, 117, 118, 119, 120, 121, 122, 123, 124, 125, 126, 127, 128, 129, 130, 131, 132, 133, 134, 135, 136, 137, 138, 139, 140, 141, 142, 143, 144, 145, 146, 147, 148]}, {"fix_types": [], "_index_": [149, 150, 151, 152]}, {"fix_types": [], "_index_": [153, 154, 155, 156, 157]}]}, {"enveloping": "sentences", "attributes": [], "name": "paragraphs", "parent": null, "_base": "paragraphs", "ambiguous": false, "spans": [{"_index_": [0, 1]}, {"_index_": [2, 3, 4, 5]}, {"_index_": [6]}, {"_index_": [7]}, {"_index_": [8]}, {"_index_": [9]}, {"_index_": [10]}, {"_index_": [11]}]}, {"enveloping": "words", "attributes": ["type"], "name": "syntax_ignore", "parent": null, "_base": "syntax_ignore", "ambiguous": false, "spans": []}, {"enveloping": null, "attributes": ["lemma", "root", "root_tokens", "ending", "clitic", "form", "partofspeech"], "name": "morph_analysis", "parent": "words", "_base": "words", "ambiguous": true, "spans": [[{"root_tokens": ["ircbot"], "form": "sg n", "clitic": "", "ending": "0", "end": 6, "root": "ircbot", "_index_": 0, "partofspeech": "S", "start": 0, "lemma": "ircbot"}], [{"root_tokens": ["."], "form": "", "clitic": "", "ending": "", "end": 8, "root": ".", "_index_": 1, "partofspeech": "Z", "start": 7, "lemma": "."}], [{"root_tokens": ["0501"], "form": "?", "clitic": "", "ending": "0", "end": 14, "root": "0501", "_index_": 2, "partofspeech": "N", "start": 9, "lemma": "0501"}], [{"root_tokens": ["keskmine"], "form": "sg n", "clitic": "", "ending": "0", "end": 23, "root": "keskmine", "_index_": 3, "partofspeech": "A", "start": 15, "lemma": "keskmine"}], [{"root_tokens": ["ircbot"], "form": "sg n", "clitic": "", "ending": "0", "end": 31, "root": "ircbot", "_index_": 4, "partofspeech": "S", "start": 25, "lemma": "ircbot"}], [{"root_tokens": ["mis"], "form": "pl ad", "clitic": "", "ending": "l", "end": 38, "root": "mis", "_index_": 5, "partofspeech": "P", "start": 32, "lemma": "mis"}, {"root_tokens": ["mis"], "form": "sg ad", "clitic": "", "ending": "l", "end": 38, "root": "mis", "_index_": 5, "partofspeech": "P", "start": 32, "lemma": "mis"}], [{"root_tokens": ["pida"], "form": "ks", "clitic": "", "ending": "ks", "end": 44, "root": "pida", "_index_": 6, "partofspeech": "V", "start": 39, "lemma": "pidama"}], [{"root_tokens": ["ole"], "form": "ma", "clitic": "", "ending": "ma", "end": 50, "root": "ole", "_index_": 7, "partofspeech": "V", "start": 45, "lemma": "olema"}], [{"root_tokens": ["hääletus"], "form": "sg n", "clitic": "", "ending": "0", "end": 59, "root": "hääletus", "_index_": 8, "partofspeech": "S", "start": 51, "lemma": "hääletus"}], [{"root_tokens": ["systeem"], "form": "sg n", "clitic": "", "ending": "0", "end": 67, "root": "systeem", "_index_": 9, "partofspeech": "S", "start": 60, "lemma": "systeem"}], [{"root_tokens": [";"], "form": "", "clitic": "", "ending": "", "end": 68, "root": ";", "_index_": 10, "partofspeech": "Z", "start": 67, "lemma": ";"}], [{"root_tokens": ["!"], "form": "", "clitic": "", "ending": "", "end": 70, "root": "!", "_index_": 11, "partofspeech": "Z", "start": 69, "lemma": "!"}], [{"root_tokens": ["op"], "form": "?", "clitic": "", "ending": "0", "end": 73, "root": "op", "_index_": 12, "partofspeech": "Y", "start": 71, "lemma": "op"}], [{"root_tokens": [","], "form": "", "clitic": "", "ending": "", "end": 75, "root": ",", "_index_": 13, "partofspeech": "Z", "start": 74, "lemma": ","}], [{"root_tokens": ["!"], "form": "", "clitic": "", "ending": "", "end": 77, "root": "!", "_index_": 14, "partofspeech": "Z", "start": 76, "lemma": "!"}], [{"root_tokens": ["deop"], "form": "sg n", "clitic": "", "ending": "0", "end": 82, "root": "deop", "_index_": 15, "partofspeech": "S", "start": 78, "lemma": "deop"}], [{"root_tokens": ["jms"], "form": "?", "clitic": "", "ending": "0", "end": 86, "root": "jms", "_index_": 16, "partofspeech": "Y", "start": 83, "lemma": "jms"}], [{"root_tokens": ["vidin"], "form": "pl n", "clitic": "", "ending": "d", "end": 94, "root": "vidin", "_index_": 17, "partofspeech": "S", "start": 87, "lemma": "vidin"}], [{"root_tokens": [";"], "form": "", "clitic": "", "ending": "", "end": 95, "root": ";", "_index_": 18, "partofspeech": "Z", "start": 94, "lemma": ";"}], [{"root_tokens": ["saa"], "form": "b", "clitic": "", "ending": "b", "end": 100, "root": "saa", "_index_": 19, "partofspeech": "V", "start": 96, "lemma": "saama"}], [{"root_tokens": ["access"], "form": "sg g", "clitic": "", "ending": "0", "end": 108, "root": "access", "_index_": 20, "partofspeech": "S", "start": 101, "lemma": "access"}, {"root_tokens": ["accessi"], "form": "sg g", "clitic": "", "ending": "0", "end": 108, "root": "accessi", "_index_": 20, "partofspeech": "S", "start": 101, "lemma": "accessi"}], [{"root_tokens": ["lisa"], "form": "da", "clitic": "", "ending": "da", "end": 115, "root": "lisa", "_index_": 21, "partofspeech": "V", "start": 109, "lemma": "lisama"}], [{"root_tokens": ["/"], "form": "", "clitic": "", "ending": "", "end": 116, "root": "/", "_index_": 22, "partofspeech": "Z", "start": 115, "lemma": "/"}], [{"root_tokens": ["kustuta"], "form": "da", "clitic": "", "ending": "da", "end": 125, "root": "kustuta", "_index_": 23, "partofspeech": "V", "start": 116, "lemma": "kustutama"}], [{"root_tokens": ["inimene"], "form": "pl p", "clitic": "", "ending": "i", "end": 133, "root": "inimene", "_index_": 24, "partofspeech": "S", "start": 126, "lemma": "inimene"}], [{"root_tokens": [";"], "form": "", "clitic": "", "ending": "", "end": 134, "root": ";", "_index_": 25, "partofspeech": "Z", "start": 133, "lemma": ";"}], [{"root_tokens": ["saa"], "form": "b", "clitic": "", "ending": "b", "end": 139, "root": "saa", "_index_": 26, "partofspeech": "V", "start": 135, "lemma": "saama"}], [{"root_tokens": ["sisse"], "form": "", "clitic": "", "ending": "0", "end": 145, "root": "sisse", "_index_": 27, "partofspeech": "D", "start": 140, "lemma": "sisse"}], [{"root_tokens": ["/"], "form": "", "clitic": "", "ending": "", "end": 146, "root": "/", "_index_": 28, "partofspeech": "Z", "start": 145, "lemma": "/"}], [{"root_tokens": ["välja"], "form": "", "clitic": "", "ending": "0", "end": 151, "root": "välja", "_index_": 29, "partofspeech": "D", "start": 146, "lemma": "välja"}], [{"root_tokens": ["logi"], "form": "da", "clitic": "", "ending": "da", "end": 158, "root": "logi", "_index_": 30, "partofspeech": "V", "start": 152, "lemma": "logima"}], [{"root_tokens": [";"], "form": "", "clitic": "", "ending": "", "end": 160, "root": ";", "_index_": 31, "partofspeech": "Z", "start": 159, "lemma": ";"}], [{"root_tokens": ["saa"], "form": "b", "clitic": "", "ending": "b", "end": 165, "root": "saa", "_index_": 32, "partofspeech": "V", "start": 161, "lemma": "saama"}], [{"root_tokens": ["welcome"], "form": "sg g", "clitic": "", "ending": "0", "end": 173, "root": "welcome", "_index_": 33, "partofspeech": "S", "start": 166, "lemma": "welcome"}], [{"root_tokens": ["text"], "form": "adt", "clitic": "", "ending": "0", "end": 179, "root": "text", "_index_": 34, "partofspeech": "S", "start": 174, "lemma": "text"}], [{"root_tokens": ["pane"], "form": "da", "clitic": "", "ending": "a", "end": 185, "root": "pane", "_index_": 35, "partofspeech": "V", "start": 180, "lemma": "panema"}], [{"root_tokens": ["("], "form": "", "clitic": "", "ending": "", "end": 187, "root": "(", "_index_": 36, "partofspeech": "Z", "start": 186, "lemma": "("}], [{"root_tokens": ["kui"], "form": "", "clitic": "", "ending": "0", "end": 191, "root": "kui", "_index_": 37, "partofspeech": "D", "start": 188, "lemma": "kui"}, {"root_tokens": ["kui"], "form": "", "clitic": "", "ending": "0", "end": 191, "root": "kui", "_index_": 37, "partofspeech": "J", "start": 188, "lemma": "kui"}], [{"root_tokens": ["kuhugile"], "form": "", "clitic": "", "ending": "0", "end": 200, "root": "kuhugile", "_index_": 38, "partofspeech": "D", "start": 192, "lemma": "kuhugile"}], [{"root_tokens": ["join"], "form": "pl n", "clitic": "", "ending": "d", "end": 207, "root": "join", "_index_": 39, "partofspeech": "S", "start": 201, "lemma": "join"}, {"root_tokens": ["joinid"], "form": "sg n", "clitic": "", "ending": "0", "end": 207, "root": "joinid", "_index_": 39, "partofspeech": "S", "start": 201, "lemma": "joinid"}, {"root_tokens": ["joini"], "form": "pl n", "clitic": "", "ending": "d", "end": 207, "root": "joini", "_index_": 39, "partofspeech": "S", "start": 201, "lemma": "joini"}], [{"root_tokens": ["siis"], "form": "", "clitic": "", "ending": "0", "end": 212, "root": "siis", "_index_": 40, "partofspeech": "D", "start": 208, "lemma": "siis"}], [{"root_tokens": ["ytle"], "form": "b", "clitic": "", "ending": "b", "end": 218, "root": "ytle", "_index_": 41, "partofspeech": "V", "start": 213, "lemma": "ytlema"}], [{"root_tokens": ["see"], "form": "sg g", "clitic": "", "ending": "0", "end": 224, "root": "see", "_index_": 42, "partofspeech": "P", "start": 219, "lemma": "see"}], [{"root_tokens": ["texti"], "form": "sg n", "clitic": "", "ending": "0", "end": 230, "root": "texti", "_index_": 43, "partofspeech": "S", "start": 225, "lemma": "texti"}], [{"root_tokens": [")"], "form": "", "clitic": "", "ending": "", "end": 232, "root": ")", "_index_": 44, "partofspeech": "Z", "start": 231, "lemma": ")"}], [{"root_tokens": [";"], "form": "", "clitic": "", "ending": "", "end": 234, "root": ";", "_index_": 45, "partofspeech": "Z", "start": 233, "lemma": ";"}], [{"root_tokens": ["siis"], "form": "", "clitic": "", "ending": "0", "end": 239, "root": "siis", "_index_": 46, "partofspeech": "D", "start": 235, "lemma": "siis"}], [{"root_tokens": ["õppimis"], "form": "sg n", "clitic": "", "ending": "0", "end": 247, "root": "õppimis", "_index_": 47, "partofspeech": "S", "start": 240, "lemma": "õppimis"}], [{"root_tokens": ["jublakas"], "form": "sg in", "clitic": "", "ending": "s", "end": 256, "root": "jublakas", "_index_": 48, "partofspeech": "S", "start": 248, "lemma": "jublakas"}], [{"root_tokens": ["("], "form": "", "clitic": "", "ending": "", "end": 258, "root": "(", "_index_": 49, "partofspeech": "Z", "start": 257, "lemma": "("}], [{"root_tokens": ["!"], "form": "", "clitic": "", "ending": "", "end": 260, "root": "!", "_index_": 50, "partofspeech": "Z", "start": 259, "lemma": "!"}], [{"root_tokens": ["learn"], "form": "sg n", "clitic": "", "ending": "0", "end": 266, "root": "learn", "_index_": 51, "partofspeech": "S", "start": 261, "lemma": "learn"}], [{"root_tokens": ["sõna"], "form": "sg g", "clitic": "", "ending": "0", "end": 271, "root": "sõna", "_index_": 52, "partofspeech": "S", "start": 267, "lemma": "sõna"}], [{"root_tokens": ["tähendus"], "form": "sg n", "clitic": "", "ending": "0", "end": 280, "root": "tähendus", "_index_": 53, "partofspeech": "S", "start": 272, "lemma": "tähendus"}], [{"root_tokens": [")"], "form": "", "clitic": "", "ending": "", "end": 282, "root": ")", "_index_": 54, "partofspeech": "Z", "start": 281, "lemma": ")"}], [{"root_tokens": [";"], "form": "", "clitic": "", "ending": "", "end": 284, "root": ";", "_index_": 55, "partofspeech": "Z", "start": 283, "lemma": ";"}], [{"root_tokens": ["!"], "form": "", "clitic": "", "ending": "", "end": 286, "root": "!", "_index_": 56, "partofspeech": "Z", "start": 285, "lemma": "!"}], [{"root_tokens": ["eval"], "form": "sg n", "clitic": "", "ending": "0", "end": 291, "root": "eval", "_index_": 57, "partofspeech": "S", "start": 287, "lemma": "eval"}], [{"root_tokens": [";"], "form": "", "clitic": "", "ending": "", "end": 293, "root": ";", "_index_": 58, "partofspeech": "Z", "start": 292, "lemma": ";"}], [{"root_tokens": ["ignore"], "form": "sg n", "clitic": "", "ending": "0", "end": 300, "root": "ignore", "_index_": 59, "partofspeech": "S", "start": 294, "lemma": "ignore"}], [{"root_tokens": ["..."], "form": "", "clitic": "", "ending": "", "end": 304, "root": "...", "_index_": 60, "partofspeech": "Z", "start": 301, "lemma": "..."}], [{"root_tokens": [";"], "form": "", "clitic": "", "ending": "", "end": 306, "root": ";", "_index_": 61, "partofspeech": "Z", "start": 305, "lemma": ";"}], [{"root_tokens": ["ja"], "form": "", "clitic": "", "ending": "0", "end": 309, "root": "ja", "_index_": 62, "partofspeech": "J", "start": 307, "lemma": "ja"}], [{"root_tokens": ["tv"], "form": "?", "clitic": "", "ending": "0", "end": 312, "root": "tv", "_index_": 63, "partofspeech": "Y", "start": 310, "lemma": "tv"}], [{"root_tokens": ["systeem"], "form": "sg n", "clitic": "", "ending": "0", "end": 320, "root": "systeem", "_index_": 64, "partofspeech": "S", "start": 313, "lemma": "systeem"}], [{"root_tokens": ["Žma"], "form": "sg n", "clitic": "", "ending": "0", "end": 324, "root": "Žma", "_index_": 65, "partofspeech": "H", "start": 321, "lemma": "Žma"}], [{"root_tokens": ["loot"], "form": "n", "clitic": "", "ending": "n", "end": 331, "root": "loot", "_index_": 66, "partofspeech": "V", "start": 325, "lemma": "lootma"}], [{"root_tokens": ["et"], "form": "", "clitic": "", "ending": "0", "end": 334, "root": "et", "_index_": 67, "partofspeech": "J", "start": 332, "lemma": "et"}], [{"root_tokens": ["keegi"], "form": "sg n", "clitic": "", "ending": "0", "end": 340, "root": "keegi", "_index_": 68, "partofspeech": "P", "start": 335, "lemma": "keegi"}], [{"root_tokens": ["mina"], "form": "sg g", "clitic": "", "ending": "0", "end": 343, "root": "mina", "_index_": 69, "partofspeech": "P", "start": 341, "lemma": "mina"}], [{"root_tokens": ["jutt"], "form": "sg el", "clitic": "", "ending": "st", "end": 350, "root": "jutt", "_index_": 70, "partofspeech": "S", "start": 344, "lemma": "jutt"}], [{"root_tokens": ["aru"], "form": "sg p", "clitic": "", "ending": "0", "end": 354, "root": "aru", "_index_": 71, "partofspeech": "S", "start": 351, "lemma": "aru"}], [{"root_tokens": ["ka"], "form": "", "clitic": "", "ending": "0", "end": 357, "root": "ka", "_index_": 72, "partofspeech": "D", "start": 355, "lemma": "ka"}], [{"root_tokens": ["saa"], "form": "s", "clitic": "", "ending": "i", "end": 361, "root": "saa", "_index_": 73, "partofspeech": "V", "start": 358, "lemma": "saama"}], [{"root_tokens": ["ni"], "form": "?", "clitic": "", "ending": "0", "end": 364, "root": "ni", "_index_": 74, "partofspeech": "Y", "start": 362, "lemma": "ni"}], [{"root_tokens": ["et"], "form": "", "clitic": "", "ending": "0", "end": 367, "root": "et", "_index_": 75, "partofspeech": "J", "start": 365, "lemma": "et"}], [{"root_tokens": ["hea"], "form": "sg p", "clitic": "", "ending": "d", "end": 372, "root": "hea", "_index_": 76, "partofspeech": "A", "start": 368, "lemma": "hea"}], [{"root_tokens": ["meisdertamine"], "form": "sg p", "clitic": "", "ending": "t", "end": 386, "root": "meisderta=mine", "_index_": 77, "partofspeech": "S", "start": 373, "lemma": "meisdertamine"}], [{"root_tokens": ["aeg"], "form": "sg p", "clitic": "", "ending": "0", "end": 392, "root": "aeg", "_index_": 78, "partofspeech": "S", "start": 388, "lemma": "aeg"}], [{"root_tokens": ["ole"], "form": "b", "clitic": "", "ending": "0", "end": 395, "root": "ole", "_index_": 79, "partofspeech": "V", "start": 393, "lemma": "olema"}, {"root_tokens": ["ole"], "form": "vad", "clitic": "", "ending": "0", "end": 395, "root": "ole", "_index_": 79, "partofspeech": "V", "start": 393, "lemma": "olema"}], [{"root_tokens": ["5"], "form": "?", "clitic": "", "ending": "0", "end": 398, "root": "5", "_index_": 80, "partofspeech": "N", "start": 396, "lemma": "5"}], [{"root_tokens": ["jaanuar"], "form": "sg ter", "clitic": "", "ending": "ni", "end": 409, "root": "jaanuar", "_index_": 81, "partofspeech": "S", "start": 399, "lemma": "jaanuar"}], [{"root_tokens": ["sina"], "form": "sg n", "clitic": "", "ending": "0", "end": 413, "root": "sina", "_index_": 82, "partofspeech": "P", "start": 411, "lemma": "sina"}], [{"root_tokens": ["pida"], "form": "d", "clitic": "", "ending": "d", "end": 418, "root": "pida", "_index_": 83, "partofspeech": "V", "start": 414, "lemma": "pidama"}], [{"root_tokens": ["nagu"], "form": "", "clitic": "", "ending": "0", "end": 423, "root": "nagu", "_index_": 84, "partofspeech": "D", "start": 419, "lemma": "nagu"}, {"root_tokens": ["nagu"], "form": "", "clitic": "", "ending": "0", "end": 423, "root": "nagu", "_index_": 84, "partofspeech": "J", "start": 419, "lemma": "nagu"}], [{"root_tokens": ["silm"], "form": "sg in", "clitic": "", "ending": "s", "end": 430, "root": "silm", "_index_": 85, "partofspeech": "S", "start": 424, "lemma": "silm"}], [{"root_tokens": ["et"], "form": "", "clitic": "", "ending": "0", "end": 433, "root": "et", "_index_": 86, "partofspeech": "J", "start": 431, "lemma": "et"}], [{"root_tokens": ["koodi"], "form": "me", "clitic": "", "ending": "me", "end": 441, "root": "koodi", "_index_": 87, "partofspeech": "V", "start": 434, "lemma": "koodima"}], [{"root_tokens": ["see"], "form": "sg p", "clitic": "", "ending": "da", "end": 446, "root": "see", "_index_": 88, "partofspeech": "P", "start": 442, "lemma": "see"}], [{"root_tokens": ["mIRC"], "form": "sg in", "clitic": "", "ending": "s", "end": 453, "root": "mIRC", "_index_": 89, "partofspeech": "S", "start": 447, "lemma": "mIRC"}], [{"root_tokens": ["või"], "form": "", "clitic": "", "ending": "0", "end": 457, "root": "või", "_index_": 90, "partofspeech": "J", "start": 454, "lemma": "või"}], [{"root_tokens": ["nagu"], "form": "", "clitic": "", "ending": "0", "end": 462, "root": "nagu", "_index_": 91, "partofspeech": "D", "start": 458, "lemma": "nagu"}, {"root_tokens": ["nagu"], "form": "", "clitic": "", "ending": "0", "end": 462, "root": "nagu", "_index_": 91, "partofspeech": "J", "start": 458, "lemma": "nagu"}], [{"root_tokens": ["blank"], "form": "sg n", "clitic": "", "ending": "0", "end": 468, "root": "blank", "_index_": 92, "partofspeech": "S", "start": 463, "lemma": "blank"}], [{"root_tokens": ["leht"], "form": "sg n", "clitic": "", "ending": "0", "end": 473, "root": "leht", "_index_": 93, "partofspeech": "S", "start": 469, "lemma": "leht"}], [{"root_tokens": ["ette"], "form": "", "clitic": "", "ending": "0", "end": 478, "root": "ette", "_index_": 94, "partofspeech": "D", "start": 474, "lemma": "ette"}], [{"root_tokens": ["lemmik"], "form": "sg n", "clitic": "", "ending": "0", "end": 485, "root": "lemmik", "_index_": 95, "partofspeech": "S", "start": 479, "lemma": "lemmik"}], [{"root_tokens": ["koodimiskeele", "programm"], "form": "sg in", "clitic": "", "ending": "s", "end": 509, "root": "koodimiskeele_programm", "_index_": 96, "partofspeech": "S", "start": 486, "lemma": "koodimiskeeleprogramm"}], [{"root_tokens": ["ja"], "form": "", "clitic": "", "ending": "0", "end": 512, "root": "ja", "_index_": 97, "partofspeech": "J", "start": 510, "lemma": "ja"}], [{"root_tokens": ["lets"], "form": "sg n", "clitic": "", "ending": "0", "end": 517, "root": "lets", "_index_": 98, "partofspeech": "S", "start": 513, "lemma": "lets"}], [{"root_tokens": ["gõu"], "form": "sg n", "clitic": "", "ending": "0", "end": 521, "root": "gõu", "_index_": 99, "partofspeech": "S", "start": 518, "lemma": "gõu"}], [{"root_tokens": ["?"], "form": "", "clitic": "", "ending": "", "end": 523, "root": "?", "_index_": 100, "partofspeech": "Z", "start": 522, "lemma": "?"}], [{"root_tokens": ["ikka"], "form": "", "clitic": "", "ending": "0", "end": 529, "root": "ikka", "_index_": 101, "partofspeech": "D", "start": 525, "lemma": "ikka"}], [{"root_tokens": ["mIRC"], "form": "sg in", "clitic": "", "ending": "s", "end": 536, "root": "mIRC", "_index_": 102, "partofspeech": "S", "start": 530, "lemma": "mIRC"}], [{"root_tokens": ["."], "form": "", "clitic": "", "ending": "", "end": 538, "root": ".", "_index_": 103, "partofspeech": "Z", "start": 537, "lemma": "."}], [{"root_tokens": ["hotboy14"], "form": "?", "clitic": "", "ending": "0", "end": 548, "root": "hotboy14", "_index_": 104, "partofspeech": "Y", "start": 540, "lemma": "hotboy14"}], [{"root_tokens": [","], "form": "", "clitic": "", "ending": "", "end": 550, "root": ",", "_index_": 105, "partofspeech": "Z", "start": 549, "lemma": ","}], [{"root_tokens": ["sina"], "form": "sg n", "clitic": "", "ending": "0", "end": 553, "root": "sina", "_index_": 106, "partofspeech": "P", "start": 551, "lemma": "sina"}], [{"root_tokens": ["ole"], "form": "d", "clitic": "", "ending": "d", "end": 558, "root": "ole", "_index_": 107, "partofspeech": "V", "start": 554, "lemma": "olema"}], [{"root_tokens": ["haige"], "form": "sg n", "clitic": "", "ending": "0", "end": 564, "root": "haige", "_index_": 108, "partofspeech": "A", "start": 559, "lemma": "haige"}], [{"root_tokens": ["inimene"], "form": "sg n", "clitic": "", "ending": "0", "end": 572, "root": "inimene", "_index_": 109, "partofspeech": "S", "start": 565, "lemma": "inimene"}], [{"root_tokens": [","], "form": "", "clitic": "", "ending": "", "end": 574, "root": ",", "_index_": 110, "partofspeech": "Z", "start": 573, "lemma": ","}], [{"root_tokens": ["selline"], "form": "sg g", "clitic": "", "ending": "0", "end": 582, "root": "selline", "_index_": 111, "partofspeech": "P", "start": 575, "lemma": "selline"}], [{"root_tokens": ["perverssus"], "form": "sg kom", "clitic": "", "ending": "ga", "end": 596, "root": "perverssus", "_index_": 112, "partofspeech": "S", "start": 583, "lemma": "perverssus"}], [{"root_tokens": ["ei"], "form": "neg", "clitic": "", "ending": "0", "end": 599, "root": "ei", "_index_": 113, "partofspeech": "V", "start": 597, "lemma": "ei"}], [{"root_tokens": ["tegele"], "form": "o", "clitic": "", "ending": "0", "end": 606, "root": "tegele", "_index_": 114, "partofspeech": "V", "start": 600, "lemma": "tegelema"}], [{"root_tokens": ["see"], "form": "pl n", "clitic": "", "ending": "d", "end": 611, "root": "see", "_index_": 115, "partofspeech": "P", "start": 607, "lemma": "see"}], [{"root_tokens": ["kes"], "form": "sg ad", "clitic": "", "ending": "l", "end": 615, "root": "kes", "_index_": 116, "partofspeech": "P", "start": 612, "lemma": "kes"}], [{"root_tokens": ["mõistus"], "form": "sg n", "clitic": "", "ending": "0", "end": 623, "root": "mõistus", "_index_": 117, "partofspeech": "S", "start": 616, "lemma": "mõistus"}], [{"root_tokens": ["pea"], "form": "sg in", "clitic": "", "ending": "s", "end": 628, "root": "pea", "_index_": 118, "partofspeech": "S", "start": 624, "lemma": "pea"}], [{"root_tokens": ["ole"], "form": "mas", "clitic": "", "ending": "mas", "end": 635, "root": "ole", "_index_": 119, "partofspeech": "V", "start": 629, "lemma": "olema"}], [{"root_tokens": ["ole"], "form": "b", "clitic": "", "ending": "0", "end": 638, "root": "ole", "_index_": 120, "partofspeech": "V", "start": 636, "lemma": "olema"}, {"root_tokens": ["ole"], "form": "vad", "clitic": "", "ending": "0", "end": 638, "root": "ole", "_index_": 120, "partofspeech": "V", "start": 636, "lemma": "olema"}], [{"root_tokens": [","], "form": "", "clitic": "", "ending": "", "end": 640, "root": ",", "_index_": 121, "partofspeech": "Z", "start": 639, "lemma": ","}], [{"root_tokens": ["botte"], "form": "sg n", "clitic": "", "ending": "0", "end": 646, "root": "botte", "_index_": 122, "partofspeech": "S", "start": 641, "lemma": "botte"}], [{"root_tokens": ["tege"], "form": "takse", "clitic": "", "ending": "akse", "end": 654, "root": "tege", "_index_": 123, "partofspeech": "V", "start": 647, "lemma": "tegema"}], [{"root_tokens": ["ikka"], "form": "", "clitic": "", "ending": "0", "end": 659, "root": "ikka", "_index_": 124, "partofspeech": "D", "start": 655, "lemma": "ikka"}], [{"root_tokens": ["mõistlik"], "form": "pl g", "clitic": "", "ending": "e", "end": 669, "root": "mõistlik", "_index_": 125, "partofspeech": "A", "start": 660, "lemma": "mõistlik"}], [{"root_tokens": ["vahend"], "form": "pl kom", "clitic": "", "ending": "tega", "end": 681, "root": "vahend", "_index_": 126, "partofspeech": "S", "start": 670, "lemma": "vahend"}], [{"root_tokens": [","], "form": "", "clitic": "", "ending": "", "end": 683, "root": ",", "_index_": 127, "partofspeech": "Z", "start": 682, "lemma": ","}], [{"root_tokens": ["C"], "form": "sg in", "clitic": "", "ending": "s", "end": 687, "root": "C", "_index_": 128, "partofspeech": "H", "start": 684, "lemma": "C"}], [{"root_tokens": [","], "form": "", "clitic": "", "ending": "", "end": 689, "root": ",", "_index_": 129, "partofspeech": "Z", "start": 688, "lemma": ","}], [{"root_tokens": ["Pythoni"], "form": "sg in", "clitic": "", "ending": "s", "end": 698, "root": "Pythoni", "_index_": 130, "partofspeech": "H", "start": 690, "lemma": "Pythoni"}, {"root_tokens": ["Python"], "form": "sg in", "clitic": "", "ending": "s", "end": 698, "root": "Python", "_index_": 130, "partofspeech": "H", "start": 690, "lemma": "Python"}], [{"root_tokens": [","], "form": "", "clitic": "", "ending": "", "end": 700, "root": ",", "_index_": 131, "partofspeech": "Z", "start": 699, "lemma": ","}], [{"root_tokens": ["Java"], "form": "sg in", "clitic": "", "ending": "s", "end": 706, "root": "Java", "_index_": 132, "partofspeech": "H", "start": 701, "lemma": "Java"}], [{"root_tokens": [","], "form": "", "clitic": "", "ending": "", "end": 708, "root": ",", "_index_": 133, "partofspeech": "Z", "start": 707, "lemma": ","}], [{"root_tokens": ["Perli"], "form": "sg in", "clitic": "", "ending": "s", "end": 715, "root": "Perli", "_index_": 134, "partofspeech": "H", "start": 709, "lemma": "Perli"}, {"root_tokens": ["Perl"], "form": "sg in", "clitic": "", "ending": "s", "end": 715, "root": "Perl", "_index_": 134, "partofspeech": "H", "start": 709, "lemma": "Perl"}], [{"root_tokens": ["või"], "form": "", "clitic": "", "ending": "0", "end": 719, "root": "või", "_index_": 135, "partofspeech": "J", "start": 716, "lemma": "või"}], [{"root_tokens": ["muu"], "form": "sg in", "clitic": "", "ending": "s", "end": 724, "root": "muu", "_index_": 136, "partofspeech": "P", "start": 720, "lemma": "muu"}], [{"root_tokens": ["programmeerimis", "keel"], "form": "sg in", "clitic": "", "ending": "s", "end": 746, "root": "programmeeri=mis_keel", "_index_": 137, "partofspeech": "S", "start": 725, "lemma": "programmeerimiskeel"}], [{"root_tokens": [","], "form": "", "clitic": "", "ending": "", "end": 748, "root": ",", "_index_": 138, "partofspeech": "Z", "start": 747, "lemma": ","}], [{"root_tokens": ["«"], "form": "", "clitic": "", "ending": "", "end": 750, "root": "«", "_index_": 139, "partofspeech": "Z", "start": 749, "lemma": "«"}], [{"root_tokens": ["mirc"], "form": "sg n", "clitic": "", "ending": "0", "end": 755, "root": "mirc", "_index_": 140, "partofspeech": "S", "start": 751, "lemma": "mirc"}], [{"root_tokens": ["script"], "form": "sg n", "clitic": "", "ending": "0", "end": 762, "root": "script", "_index_": 141, "partofspeech": "S", "start": 756, "lemma": "script"}], [{"root_tokens": ["»"], "form": "", "clitic": "", "ending": "", "end": 764, "root": "»", "_index_": 142, "partofspeech": "Z", "start": 763, "lemma": "»"}], [{"root_tokens": ["ole"], "form": "neg o", "clitic": "", "ending": "0", "end": 769, "root": "ole", "_index_": 143, "partofspeech": "V", "start": 765, "lemma": "olema"}], [{"root_tokens": ["progrmis", "keel"], "form": "sg n", "clitic": "", "ending": "0", "end": 782, "root": "progrmis_keel", "_index_": 144, "partofspeech": "S", "start": 770, "lemma": "progrmiskeel"}], [{"root_tokens": ["vaid"], "form": "", "clitic": "", "ending": "0", "end": 787, "root": "vaid", "_index_": 145, "partofspeech": "D", "start": 783, "lemma": "vaid"}], [{"root_tokens": ["pea", "haige"], "form": "pl g", "clitic": "", "ending": "te", "end": 798, "root": "pea_haige", "_index_": 146, "partofspeech": "A", "start": 788, "lemma": "peahaige"}], [{"root_tokens": ["noor"], "form": "pl g", "clitic": "", "ending": "te", "end": 805, "root": "noor", "_index_": 147, "partofspeech": "S", "start": 799, "lemma": "noor"}], [{"root_tokens": ["lollus"], "form": "sg n", "clitic": "", "ending": "0", "end": 812, "root": "lollus", "_index_": 148, "partofspeech": "S", "start": 806, "lemma": "lollus"}], [{"root_tokens": ["ehk"], "form": "", "clitic": "", "ending": "0", "end": 817, "root": "ehk", "_index_": 149, "partofspeech": "D", "start": 814, "lemma": "ehk"}], [{"root_tokens": ["sulge"], "form": "d", "clitic": "", "ending": "d", "end": 824, "root": "sulge", "_index_": 150, "partofspeech": "V", "start": 818, "lemma": "sulgema"}], [{"root_tokens": ["suu"], "form": "sg n", "clitic": "", "ending": "0", "end": 828, "root": "suu", "_index_": 151, "partofspeech": "S", "start": 825, "lemma": "suu"}], [{"root_tokens": ["?"], "form": "", "clitic": "", "ending": "", "end": 830, "root": "?", "_index_": 152, "partofspeech": "Z", "start": 829, "lemma": "?"}], [{"root_tokens": ["tundu"], "form": "b", "clitic": "", "ending": "b", "end": 838, "root": "tundu", "_index_": 153, "partofspeech": "V", "start": 832, "lemma": "tunduma"}], [{"root_tokens": ["et"], "form": "", "clitic": "", "ending": "0", "end": 841, "root": "et", "_index_": 154, "partofspeech": "J", "start": 839, "lemma": "et"}], [{"root_tokens": ["võitja"], "form": "pl p", "clitic": "", "ending": "id", "end": 850, "root": "võitja", "_index_": 155, "partofspeech": "S", "start": 842, "lemma": "võitja"}], [{"root_tokens": ["ei"], "form": "neg", "clitic": "", "ending": "0", "end": 853, "root": "ei", "_index_": 156, "partofspeech": "V", "start": 851, "lemma": "ei"}], [{"root_tokens": ["ole"], "form": "o", "clitic": "", "ending": "0", "end": 857, "root": "ole", "_index_": 157, "partofspeech": "V", "start": 854, "lemma": "olema"}]]}, {"enveloping": null, "attributes": ["lemma", "root", "root_tokens", "ending", "clitic", "form", "partofspeech"], "name": "gt_morph_analysis", "parent": "morph_analysis", "_base": "words", "ambiguous": true, "spans": [[{"root_tokens": ["ircbot"], "form": "Sg Nom", "clitic": "", "ending": "0", "end": 6, "root": "ircbot", "_index_": 0, "partofspeech": "S", "start": 0, "lemma": "ircbot"}], [{"root_tokens": ["."], "form": "", "clitic": "", "ending": "", "end": 8, "root": ".", "_index_": 1, "partofspeech": "Z", "start": 7, "lemma": "."}], [{"root_tokens": ["0501"], "form": "?", "clitic": "", "ending": "0", "end": 14, "root": "0501", "_index_": 2, "partofspeech": "N", "start": 9, "lemma": "0501"}], [{"root_tokens": ["keskmine"], "form": "Sg Nom", "clitic": "", "ending": "0", "end": 23, "root": "keskmine", "_index_": 3, "partofspeech": "A", "start": 15, "lemma": "keskmine"}], [{"root_tokens": ["ircbot"], "form": "Sg Nom", "clitic": "", "ending": "0", "end": 31, "root": "ircbot", "_index_": 4, "partofspeech": "S", "start": 25, "lemma": "ircbot"}], [{"root_tokens": ["mis"], "form": "Pl Ade", "clitic": "", "ending": "l", "end": 38, "root": "mis", "_index_": 5, "partofspeech": "P", "start": 32, "lemma": "mis"}, {"root_tokens": ["mis"], "form": "Sg Ade", "clitic": "", "ending": "l", "end": 38, "root": "mis", "_index_": 5, "partofspeech": "P", "start": 32, "lemma": "mis"}], [{"root_tokens": ["pida"], "form": "Pers Prs Cond", "clitic": "", "ending": "ks", "end": 44, "root": "pida", "_index_": 6, "partofspeech": "V", "start": 39, "lemma": "pidama"}], [{"root_tokens": ["ole"], "form": "Pers Sup Ill", "clitic": "", "ending": "ma", "end": 50, "root": "ole", "_index_": 7, "partofspeech": "V", "start": 45, "lemma": "olema"}], [{"root_tokens": ["hääletus"], "form": "Sg Nom", "clitic": "", "ending": "0", "end": 59, "root": "hääletus", "_index_": 8, "partofspeech": "S", "start": 51, "lemma": "hääletus"}], [{"root_tokens": ["systeem"], "form": "Sg Nom", "clitic": "", "ending": "0", "end": 67, "root": "systeem", "_index_": 9, "partofspeech": "S", "start": 60, "lemma": "systeem"}], [{"root_tokens": [";"], "form": "", "clitic": "", "ending": "", "end": 68, "root": ";", "_index_": 10, "partofspeech": "Z", "start": 67, "lemma": ";"}], [{"root_tokens": ["!"], "form": "", "clitic": "", "ending": "", "end": 70, "root": "!", "_index_": 11, "partofspeech": "Z", "start": 69, "lemma": "!"}], [{"root_tokens": ["op"], "form": "?", "clitic": "", "ending": "0", "end": 73, "root": "op", "_index_": 12, "partofspeech": "Y", "start": 71, "lemma": "op"}], [{"root_tokens": [","], "form": "", "clitic": "", "ending": "", "end": 75, "root": ",", "_index_": 13, "partofspeech": "Z", "start": 74, "lemma": ","}], [{"root_tokens": ["!"], "form": "", "clitic": "", "ending": "", "end": 77, "root": "!", "_index_": 14, "partofspeech": "Z", "start": 76, "lemma": "!"}], [{"root_tokens": ["deop"], "form": "Sg Nom", "clitic": "", "ending": "0", "end": 82, "root": "deop", "_index_": 15, "partofspeech": "S", "start": 78, "lemma": "deop"}], [{"root_tokens": ["jms"], "form": "?", "clitic": "", "ending": "0", "end": 86, "root": "jms", "_index_": 16, "partofspeech": "Y", "start": 83, "lemma": "jms"}], [{"root_tokens": ["vidin"], "form": "Pl Nom", "clitic": "", "ending": "d", "end": 94, "root": "vidin", "_index_": 17, "partofspeech": "S", "start": 87, "lemma": "vidin"}], [{"root_tokens": [";"], "form": "", "clitic": "", "ending": "", "end": 95, "root": ";", "_index_": 18, "partofspeech": "Z", "start": 94, "lemma": ";"}], [{"root_tokens": ["saa"], "form": "Pers Prs Ind Sg 3 Aff", "clitic": "", "ending": "b", "end": 100, "root": "saa", "_index_": 19, "partofspeech": "V", "start": 96, "lemma": "saama"}], [{"root_tokens": ["access"], "form": "Sg Gen", "clitic": "", "ending": "0", "end": 108, "root": "access", "_index_": 20, "partofspeech": "S", "start": 101, "lemma": "access"}, {"root_tokens": ["accessi"], "form": "Sg Gen", "clitic": "", "ending": "0", "end": 108, "root": "accessi", "_index_": 20, "partofspeech": "S", "start": 101, "lemma": "accessi"}], [{"root_tokens": ["lisa"], "form": "Inf", "clitic": "", "ending": "da", "end": 115, "root": "lisa", "_index_": 21, "partofspeech": "V", "start": 109, "lemma": "lisama"}], [{"root_tokens": ["/"], "form": "", "clitic": "", "ending": "", "end": 116, "root": "/", "_index_": 22, "partofspeech": "Z", "start": 115, "lemma": "/"}], [{"root_tokens": ["kustuta"], "form": "Inf", "clitic": "", "ending": "da", "end": 125, "root": "kustuta", "_index_": 23, "partofspeech": "V", "start": 116, "lemma": "kustutama"}], [{"root_tokens": ["inimene"], "form": "Pl Par", "clitic": "", "ending": "i", "end": 133, "root": "inimene", "_index_": 24, "partofspeech": "S", "start": 126, "lemma": "inimene"}], [{"root_tokens": [";"], "form": "", "clitic": "", "ending": "", "end": 134, "root": ";", "_index_": 25, "partofspeech": "Z", "start": 133, "lemma": ";"}], [{"root_tokens": ["saa"], "form": "Pers Prs Ind Sg 3 Aff", "clitic": "", "ending": "b", "end": 139, "root": "saa", "_index_": 26, "partofspeech": "V", "start": 135, "lemma": "saama"}], [{"root_tokens": ["sisse"], "form": "", "clitic": "", "ending": "0", "end": 145, "root": "sisse", "_index_": 27, "partofspeech": "D", "start": 140, "lemma": "sisse"}], [{"root_tokens": ["/"], "form": "", "clitic": "", "ending": "", "end": 146, "root": "/", "_index_": 28, "partofspeech": "Z", "start": 145, "lemma": "/"}], [{"root_tokens": ["välja"], "form": "", "clitic": "", "ending": "0", "end": 151, "root": "välja", "_index_": 29, "partofspeech": "D", "start": 146, "lemma": "välja"}], [{"root_tokens": ["logi"], "form": "Inf", "clitic": "", "ending": "da", "end": 158, "root": "logi", "_index_": 30, "partofspeech": "V", "start": 152, "lemma": "logima"}], [{"root_tokens": [";"], "form": "", "clitic": "", "ending": "", "end": 160, "root": ";", "_index_": 31, "partofspeech": "Z", "start": 159, "lemma": ";"}], [{"root_tokens": ["saa"], "form": "Pers Prs Ind Sg 3 Aff", "clitic": "", "ending": "b", "end": 165, "root": "saa", "_index_": 32, "partofspeech": "V", "start": 161, "lemma": "saama"}], [{"root_tokens": ["welcome"], "form": "Sg Gen", "clitic": "", "ending": "0", "end": 173, "root": "welcome", "_index_": 33, "partofspeech": "S", "start": 166, "lemma": "welcome"}], [{"root_tokens": ["text"], "form": "Sg Ill", "clitic": "", "ending": "0", "end": 179, "root": "text", "_index_": 34, "partofspeech": "S", "start": 174, "lemma": "text"}], [{"root_tokens": ["pane"], "form": "Inf", "clitic": "", "ending": "a", "end": 185, "root": "pane", "_index_": 35, "partofspeech": "V", "start": 180, "lemma": "panema"}], [{"root_tokens": ["("], "form": "", "clitic": "", "ending": "", "end": 187, "root": "(", "_index_": 36, "partofspeech": "Z", "start": 186, "lemma": "("}], [{"root_tokens": ["kui"], "form": "", "clitic": "", "ending": "0", "end": 191, "root": "kui", "_index_": 37, "partofspeech": "D", "start": 188, "lemma": "kui"}, {"root_tokens": ["kui"], "form": "", "clitic": "", "ending": "0", "end": 191, "root": "kui", "_index_": 37, "partofspeech": "J", "start": 188, "lemma": "kui"}], [{"root_tokens": ["kuhugile"], "form": "", "clitic": "", "ending": "0", "end": 200, "root": "kuhugile", "_index_": 38, "partofspeech": "D", "start": 192, "lemma": "kuhugile"}], [{"root_tokens": ["join"], "form": "Pl Nom", "clitic": "", "ending": "d", "end": 207, "root": "join", "_index_": 39, "partofspeech": "S", "start": 201, "lemma": "join"}, {"root_tokens": ["joinid"], "form": "Sg Nom", "clitic": "", "ending": "0", "end": 207, "root": "joinid", "_index_": 39, "partofspeech": "S", "start": 201, "lemma": "joinid"}, {"root_tokens": ["joini"], "form": "Pl Nom", "clitic": "", "ending": "d", "end": 207, "root": "joini", "_index_": 39, "partofspeech": "S", "start": 201, "lemma": "joini"}], [{"root_tokens": ["siis"], "form": "", "clitic": "", "ending": "0", "end": 212, "root": "siis", "_index_": 40, "partofspeech": "D", "start": 208, "lemma": "siis"}], [{"root_tokens": ["ytle"], "form": "Pers Prs Ind Sg 3 Aff", "clitic": "", "ending": "b", "end": 218, "root": "ytle", "_index_": 41, "partofspeech": "V", "start": 213, "lemma": "ytlema"}], [{"root_tokens": ["see"], "form": "Sg Gen", "clitic": "", "ending": "0", "end": 224, "root": "see", "_index_": 42, "partofspeech": "P", "start": 219, "lemma": "see"}], [{"root_tokens": ["texti"], "form": "Sg Nom", "clitic": "", "ending": "0", "end": 230, "root": "texti", "_index_": 43, "partofspeech": "S", "start": 225, "lemma": "texti"}], [{"root_tokens": [")"], "form": "", "clitic": "", "ending": "", "end": 232, "root": ")", "_index_": 44, "partofspeech": "Z", "start": 231, "lemma": ")"}], [{"root_tokens": [";"], "form": "", "clitic": "", "ending": "", "end": 234, "root": ";", "_index_": 45, "partofspeech": "Z", "start": 233, "lemma": ";"}], [{"root_tokens": ["siis"], "form": "", "clitic": "", "ending": "0", "end": 239, "root": "siis", "_index_": 46, "partofspeech": "D", "start": 235, "lemma": "siis"}], [{"root_tokens": ["õppimis"], "form": "Sg Nom", "clitic": "", "ending": "0", "end": 247, "root": "õppimis", "_index_": 47, "partofspeech": "S", "start": 240, "lemma": "õppimis"}], [{"root_tokens": ["jublakas"], "form": "Sg Ine", "clitic": "", "ending": "s", "end": 256, "root": "jublakas", "_index_": 48, "partofspeech": "S", "start": 248, "lemma": "jublakas"}], [{"root_tokens": ["("], "form": "", "clitic": "", "ending": "", "end": 258, "root": "(", "_index_": 49, "partofspeech": "Z", "start": 257, "lemma": "("}], [{"root_tokens": ["!"], "form": "", "clitic": "", "ending": "", "end": 260, "root": "!", "_index_": 50, "partofspeech": "Z", "start": 259, "lemma": "!"}], [{"root_tokens": ["learn"], "form": "Sg Nom", "clitic": "", "ending": "0", "end": 266, "root": "learn", "_index_": 51, "partofspeech": "S", "start": 261, "lemma": "learn"}], [{"root_tokens": ["sõna"], "form": "Sg Gen", "clitic": "", "ending": "0", "end": 271, "root": "sõna", "_index_": 52, "partofspeech": "S", "start": 267, "lemma": "sõna"}], [{"root_tokens": ["tähendus"], "form": "Sg Nom", "clitic": "", "ending": "0", "end": 280, "root": "tähendus", "_index_": 53, "partofspeech": "S", "start": 272, "lemma": "tähendus"}], [{"root_tokens": [")"], "form": "", "clitic": "", "ending": "", "end": 282, "root": ")", "_index_": 54, "partofspeech": "Z", "start": 281, "lemma": ")"}], [{"root_tokens": [";"], "form": "", "clitic": "", "ending": "", "end": 284, "root": ";", "_index_": 55, "partofspeech": "Z", "start": 283, "lemma": ";"}], [{"root_tokens": ["!"], "form": "", "clitic": "", "ending": "", "end": 286, "root": "!", "_index_": 56, "partofspeech": "Z", "start": 285, "lemma": "!"}], [{"root_tokens": ["eval"], "form": "Sg Nom", "clitic": "", "ending": "0", "end": 291, "root": "eval", "_index_": 57, "partofspeech": "S", "start": 287, "lemma": "eval"}], [{"root_tokens": [";"], "form": "", "clitic": "", "ending": "", "end": 293, "root": ";", "_index_": 58, "partofspeech": "Z", "start": 292, "lemma": ";"}], [{"root_tokens": ["ignore"], "form": "Sg Nom", "clitic": "", "ending": "0", "end": 300, "root": "ignore", "_index_": 59, "partofspeech": "S", "start": 294, "lemma": "ignore"}], [{"root_tokens": ["..."], "form": "", "clitic": "", "ending": "", "end": 304, "root": "...", "_index_": 60, "partofspeech": "Z", "start": 301, "lemma": "..."}], [{"root_tokens": [";"], "form": "", "clitic": "", "ending": "", "end": 306, "root": ";", "_index_": 61, "partofspeech": "Z", "start": 305, "lemma": ";"}], [{"root_tokens": ["ja"], "form": "", "clitic": "", "ending": "0", "end": 309, "root": "ja", "_index_": 62, "partofspeech": "J", "start": 307, "lemma": "ja"}], [{"root_tokens": ["tv"], "form": "?", "clitic": "", "ending": "0", "end": 312, "root": "tv", "_index_": 63, "partofspeech": "Y", "start": 310, "lemma": "tv"}], [{"root_tokens": ["systeem"], "form": "Sg Nom", "clitic": "", "ending": "0", "end": 320, "root": "systeem", "_index_": 64, "partofspeech": "S", "start": 313, "lemma": "systeem"}], [{"root_tokens": ["Žma"], "form": "Sg Nom", "clitic": "", "ending": "0", "end": 324, "root": "Žma", "_index_": 65, "partofspeech": "H", "start": 321, "lemma": "Žma"}], [{"root_tokens": ["loot"], "form": "Pers Prs Ind Sg 1 Aff", "clitic": "", "ending": "n", "end": 331, "root": "loot", "_index_": 66, "partofspeech": "V", "start": 325, "lemma": "lootma"}], [{"root_tokens": ["et"], "form": "", "clitic": "", "ending": "0", "end": 334, "root": "et", "_index_": 67, "partofspeech": "J", "start": 332, "lemma": "et"}], [{"root_tokens": ["keegi"], "form": "Sg Nom", "clitic": "", "ending": "0", "end": 340, "root": "keegi", "_index_": 68, "partofspeech": "P", "start": 335, "lemma": "keegi"}], [{"root_tokens": ["mina"], "form": "Sg Gen", "clitic": "", "ending": "0", "end": 343, "root": "mina", "_index_": 69, "partofspeech": "P", "start": 341, "lemma": "mina"}], [{"root_tokens": ["jutt"], "form": "Sg Ela", "clitic": "", "ending": "st", "end": 350, "root": "jutt", "_index_": 70, "partofspeech": "S", "start": 344, "lemma": "jutt"}], [{"root_tokens": ["aru"], "form": "Sg Par", "clitic": "", "ending": "0", "end": 354, "root": "aru", "_index_": 71, "partofspeech": "S", "start": 351, "lemma": "aru"}], [{"root_tokens": ["ka"], "form": "", "clitic": "", "ending": "0", "end": 357, "root": "ka", "_index_": 72, "partofspeech": "D", "start": 355, "lemma": "ka"}], [{"root_tokens": ["saa"], "form": "Pers Prt Ind Sg 3 Aff", "clitic": "", "ending": "i", "end": 361, "root": "saa", "_index_": 73, "partofspeech": "V", "start": 358, "lemma": "saama"}], [{"root_tokens": ["ni"], "form": "?", "clitic": "", "ending": "0", "end": 364, "root": "ni", "_index_": 74, "partofspeech": "Y", "start": 362, "lemma": "ni"}], [{"root_tokens": ["et"], "form": "", "clitic": "", "ending": "0", "end": 367, "root": "et", "_index_": 75, "partofspeech": "J", "start": 365, "lemma": "et"}], [{"root_tokens": ["hea"], "form": "Sg Par", "clitic": "", "ending": "d", "end": 372, "root": "hea", "_index_": 76, "partofspeech": "A", "start": 368, "lemma": "hea"}], [{"root_tokens": ["meisdertamine"], "form": "Sg Par", "clitic": "", "ending": "t", "end": 386, "root": "meisderta=mine", "_index_": 77, "partofspeech": "S", "start": 373, "lemma": "meisdertamine"}], [{"root_tokens": ["aeg"], "form": "Sg Par", "clitic": "", "ending": "0", "end": 392, "root": "aeg", "_index_": 78, "partofspeech": "S", "start": 388, "lemma": "aeg"}], [{"root_tokens": ["ole"], "form": "Pers Prs Ind Sg 3 Aff", "clitic": "", "ending": "0", "end": 395, "root": "ole", "_index_": 79, "partofspeech": "V", "start": 393, "lemma": "olema"}, {"root_tokens": ["ole"], "form": "Pers Prs Ind Pl 3 Aff", "clitic": "", "ending": "0", "end": 395, "root": "ole", "_index_": 79, "partofspeech": "V", "start": 393, "lemma": "olema"}], [{"root_tokens": ["5"], "form": "?", "clitic": "", "ending": "0", "end": 398, "root": "5", "_index_": 80, "partofspeech": "N", "start": 396, "lemma": "5"}], [{"root_tokens": ["jaanuar"], "form": "Sg Trm", "clitic": "", "ending": "ni", "end": 409, "root": "jaanuar", "_index_": 81, "partofspeech": "S", "start": 399, "lemma": "jaanuar"}], [{"root_tokens": ["sina"], "form": "Sg Nom", "clitic": "", "ending": "0", "end": 413, "root": "sina", "_index_": 82, "partofspeech": "P", "start": 411, "lemma": "sina"}], [{"root_tokens": ["pida"], "form": "Pers Prs Ind Sg 2 Aff", "clitic": "", "ending": "d", "end": 418, "root": "pida", "_index_": 83, "partofspeech": "V", "start": 414, "lemma": "pidama"}], [{"root_tokens": ["nagu"], "form": "", "clitic": "", "ending": "0", "end": 423, "root": "nagu", "_index_": 84, "partofspeech": "D", "start": 419, "lemma": "nagu"}, {"root_tokens": ["nagu"], "form": "", "clitic": "", "ending": "0", "end": 423, "root": "nagu", "_index_": 84, "partofspeech": "J", "start": 419, "lemma": "nagu"}], [{"root_tokens": ["silm"], "form": "Sg Ine", "clitic": "", "ending": "s", "end": 430, "root": "silm", "_index_": 85, "partofspeech": "S", "start": 424, "lemma": "silm"}], [{"root_tokens": ["et"], "form": "", "clitic": "", "ending": "0", "end": 433, "root": "et", "_index_": 86, "partofspeech": "J", "start": 431, "lemma": "et"}], [{"root_tokens": ["koodi"], "form": "Pers Prs Ind Pl 1 Aff", "clitic": "", "ending": "me", "end": 441, "root": "koodi", "_index_": 87, "partofspeech": "V", "start": 434, "lemma": "koodima"}], [{"root_tokens": ["see"], "form": "Sg Par", "clitic": "", "ending": "da", "end": 446, "root": "see", "_index_": 88, "partofspeech": "P", "start": 442, "lemma": "see"}], [{"root_tokens": ["mIRC"], "form": "Sg Ine", "clitic": "", "ending": "s", "end": 453, "root": "mIRC", "_index_": 89, "partofspeech": "S", "start": 447, "lemma": "mIRC"}], [{"root_tokens": ["või"], "form": "", "clitic": "", "ending": "0", "end": 457, "root": "või", "_index_": 90, "partofspeech": "J", "start": 454, "lemma": "või"}], [{"root_tokens": ["nagu"], "form": "", "clitic": "", "ending": "0", "end": 462, "root": "nagu", "_index_": 91, "partofspeech": "D", "start": 458, "lemma": "nagu"}, {"root_tokens": ["nagu"], "form": "", "clitic": "", "ending": "0", "end": 462, "root": "nagu", "_index_": 91, "partofspeech": "J", "start": 458, "lemma": "nagu"}], [{"root_tokens": ["blank"], "form": "Sg Nom", "clitic": "", "ending": "0", "end": 468, "root": "blank", "_index_": 92, "partofspeech": "S", "start": 463, "lemma": "blank"}], [{"root_tokens": ["leht"], "form": "Sg Nom", "clitic": "", "ending": "0", "end": 473, "root": "leht", "_index_": 93, "partofspeech": "S", "start": 469, "lemma": "leht"}], [{"root_tokens": ["ette"], "form": "", "clitic": "", "ending": "0", "end": 478, "root": "ette", "_index_": 94, "partofspeech": "D", "start": 474, "lemma": "ette"}], [{"root_tokens": ["lemmik"], "form": "Sg Nom", "clitic": "", "ending": "0", "end": 485, "root": "lemmik", "_index_": 95, "partofspeech": "S", "start": 479, "lemma": "lemmik"}], [{"root_tokens": ["koodimiskeele", "programm"], "form": "Sg Ine", "clitic": "", "ending": "s", "end": 509, "root": "koodimiskeele_programm", "_index_": 96, "partofspeech": "S", "start": 486, "lemma": "koodimiskeeleprogramm"}], [{"root_tokens": ["ja"], "form": "", "clitic": "", "ending": "0", "end": 512, "root": "ja", "_index_": 97, "partofspeech": "J", "start": 510, "lemma": "ja"}], [{"root_tokens": ["lets"], "form": "Sg Nom", "clitic": "", "ending": "0", "end": 517, "root": "lets", "_index_": 98, "partofspeech": "S", "start": 513, "lemma": "lets"}], [{"root_tokens": ["gõu"], "form": "Sg Nom", "clitic": "", "ending": "0", "end": 521, "root": "gõu", "_index_": 99, "partofspeech": "S", "start": 518, "lemma": "gõu"}], [{"root_tokens": ["?"], "form": "", "clitic": "", "ending": "", "end": 523, "root": "?", "_index_": 100, "partofspeech": "Z", "start": 522, "lemma": "?"}], [{"root_tokens": ["ikka"], "form": "", "clitic": "", "ending": "0", "end": 529, "root": "ikka", "_index_": 101, "partofspeech": "D", "start": 525, "lemma": "ikka"}], [{"root_tokens": ["mIRC"], "form": "Sg Ine", "clitic": "", "ending": "s", "end": 536, "root": "mIRC", "_index_": 102, "partofspeech": "S", "start": 530, "lemma": "mIRC"}], [{"root_tokens": ["."], "form": "", "clitic": "", "ending": "", "end": 538, "root": ".", "_index_": 103, "partofspeech": "Z", "start": 537, "lemma": "."}], [{"root_tokens": ["hotboy14"], "form": "?", "clitic": "", "ending": "0", "end": 548, "root": "hotboy14", "_index_": 104, "partofspeech": "Y", "start": 540, "lemma": "hotboy14"}], [{"root_tokens": [","], "form": "", "clitic": "", "ending": "", "end": 550, "root": ",", "_index_": 105, "partofspeech": "Z", "start": 549, "lemma": ","}], [{"root_tokens": ["sina"], "form": "Sg Nom", "clitic": "", "ending": "0", "end": 553, "root": "sina", "_index_": 106, "partofspeech": "P", "start": 551, "lemma": "sina"}], [{"root_tokens": ["ole"], "form": "Pers Prs Ind Sg 2 Aff", "clitic": "", "ending": "d", "end": 558, "root": "ole", "_index_": 107, "partofspeech": "V", "start": 554, "lemma": "olema"}], [{"root_tokens": ["haige"], "form": "Sg Nom", "clitic": "", "ending": "0", "end": 564, "root": "haige", "_index_": 108, "partofspeech": "A", "start": 559, "lemma": "haige"}], [{"root_tokens": ["inimene"], "form": "Sg Nom", "clitic": "", "ending": "0", "end": 572, "root": "inimene", "_index_": 109, "partofspeech": "S", "start": 565, "lemma": "inimene"}], [{"root_tokens": [","], "form": "", "clitic": "", "ending": "", "end": 574, "root": ",", "_index_": 110, "partofspeech": "Z", "start": 573, "lemma": ","}], [{"root_tokens": ["selline"], "form": "Sg Gen", "clitic": "", "ending": "0", "end": 582, "root": "selline", "_index_": 111, "partofspeech": "P", "start": 575, "lemma": "selline"}], [{"root_tokens": ["perverssus"], "form": "Sg Com", "clitic": "", "ending": "ga", "end": 596, "root": "perverssus", "_index_": 112, "partofspeech": "S", "start": 583, "lemma": "perverssus"}], [{"root_tokens": ["ei"], "form": "Neg", "clitic": "", "ending": "0", "end": 599, "root": "ei", "_index_": 113, "partofspeech": "V", "start": 597, "lemma": "ei"}], [{"root_tokens": ["tegele"], "form": "Pers Prs Ind Neg", "clitic": "", "ending": "0", "end": 606, "root": "tegele", "_index_": 114, "partofspeech": "V", "start": 600, "lemma": "tegelema"}], [{"root_tokens": ["see"], "form": "Pl Nom", "clitic": "", "ending": "d", "end": 611, "root": "see", "_index_": 115, "partofspeech": "P", "start": 607, "lemma": "see"}], [{"root_tokens": ["kes"], "form": "Sg Ade", "clitic": "", "ending": "l", "end": 615, "root": "kes", "_index_": 116, "partofspeech": "P", "start": 612, "lemma": "kes"}], [{"root_tokens": ["mõistus"], "form": "Sg Nom", "clitic": "", "ending": "0", "end": 623, "root": "mõistus", "_index_": 117, "partofspeech": "S", "start": 616, "lemma": "mõistus"}], [{"root_tokens": ["pea"], "form": "Sg Ine", "clitic": "", "ending": "s", "end": 628, "root": "pea", "_index_": 118, "partofspeech": "S", "start": 624, "lemma": "pea"}], [{"root_tokens": ["ole"], "form": "Pers Sup Ine", "clitic": "", "ending": "mas", "end": 635, "root": "ole", "_index_": 119, "partofspeech": "V", "start": 629, "lemma": "olema"}], [{"root_tokens": ["ole"], "form": "Pers Prs Ind Sg 3 Aff", "clitic": "", "ending": "0", "end": 638, "root": "ole", "_index_": 120, "partofspeech": "V", "start": 636, "lemma": "olema"}, {"root_tokens": ["ole"], "form": "Pers Prs Ind Pl 3 Aff", "clitic": "", "ending": "0", "end": 638, "root": "ole", "_index_": 120, "partofspeech": "V", "start": 636, "lemma": "olema"}], [{"root_tokens": [","], "form": "", "clitic": "", "ending": "", "end": 640, "root": ",", "_index_": 121, "partofspeech": "Z", "start": 639, "lemma": ","}], [{"root_tokens": ["botte"], "form": "Sg Nom", "clitic": "", "ending": "0", "end": 646, "root": "botte", "_index_": 122, "partofspeech": "S", "start": 641, "lemma": "botte"}], [{"root_tokens": ["tege"], "form": "Impers Prs Ind Aff", "clitic": "", "ending": "akse", "end": 654, "root": "tege", "_index_": 123, "partofspeech": "V", "start": 647, "lemma": "tegema"}], [{"root_tokens": ["ikka"], "form": "", "clitic": "", "ending": "0", "end": 659, "root": "ikka", "_index_": 124, "partofspeech": "D", "start": 655, "lemma": "ikka"}], [{"root_tokens": ["mõistlik"], "form": "Pl Gen", "clitic": "", "ending": "e", "end": 669, "root": "mõistlik", "_index_": 125, "partofspeech": "A", "start": 660, "lemma": "mõistlik"}], [{"root_tokens": ["vahend"], "form": "Pl Com", "clitic": "", "ending": "tega", "end": 681, "root": "vahend", "_index_": 126, "partofspeech": "S", "start": 670, "lemma": "vahend"}], [{"root_tokens": [","], "form": "", "clitic": "", "ending": "", "end": 683, "root": ",", "_index_": 127, "partofspeech": "Z", "start": 682, "lemma": ","}], [{"root_tokens": ["C"], "form": "Sg Ine", "clitic": "", "ending": "s", "end": 687, "root": "C", "_index_": 128, "partofspeech": "H", "start": 684, "lemma": "C"}], [{"root_tokens": [","], "form": "", "clitic": "", "ending": "", "end": 689, "root": ",", "_index_": 129, "partofspeech": "Z", "start": 688, "lemma": ","}], [{"root_tokens": ["Pythoni"], "form": "Sg Ine", "clitic": "", "ending": "s", "end": 698, "root": "Pythoni", "_index_": 130, "partofspeech": "H", "start": 690, "lemma": "Pythoni"}, {"root_tokens": ["Python"], "form": "Sg Ine", "clitic": "", "ending": "s", "end": 698, "root": "Python", "_index_": 130, "partofspeech": "H", "start": 690, "lemma": "Python"}], [{"root_tokens": [","], "form": "", "clitic": "", "ending": "", "end": 700, "root": ",", "_index_": 131, "partofspeech": "Z", "start": 699, "lemma": ","}], [{"root_tokens": ["Java"], "form": "Sg Ine", "clitic": "", "ending": "s", "end": 706, "root": "Java", "_index_": 132, "partofspeech": "H", "start": 701, "lemma": "Java"}], [{"root_tokens": [","], "form": "", "clitic": "", "ending": "", "end": 708, "root": ",", "_index_": 133, "partofspeech": "Z", "start": 707, "lemma": ","}], [{"root_tokens": ["Perli"], "form": "Sg Ine", "clitic": "", "ending": "s", "end": 715, "root": "Perli", "_index_": 134, "partofspeech": "H", "start": 709, "lemma": "Perli"}, {"root_tokens": ["Perl"], "form": "Sg Ine", "clitic": "", "ending": "s", "end": 715, "root": "Perl", "_index_": 134, "partofspeech": "H", "start": 709, "lemma": "Perl"}], [{"root_tokens": ["või"], "form": "", "clitic": "", "ending": "0", "end": 719, "root": "või", "_index_": 135, "partofspeech": "J", "start": 716, "lemma": "või"}], [{"root_tokens": ["muu"], "form": "Sg Ine", "clitic": "", "ending": "s", "end": 724, "root": "muu", "_index_": 136, "partofspeech": "P", "start": 720, "lemma": "muu"}], [{"root_tokens": ["programmeerimis", "keel"], "form": "Sg Ine", "clitic": "", "ending": "s", "end": 746, "root": "programmeeri=mis_keel", "_index_": 137, "partofspeech": "S", "start": 725, "lemma": "programmeerimiskeel"}], [{"root_tokens": [","], "form": "", "clitic": "", "ending": "", "end": 748, "root": ",", "_index_": 138, "partofspeech": "Z", "start": 747, "lemma": ","}], [{"root_tokens": ["«"], "form": "", "clitic": "", "ending": "", "end": 750, "root": "«", "_index_": 139, "partofspeech": "Z", "start": 749, "lemma": "«"}], [{"root_tokens": ["mirc"], "form": "Sg Nom", "clitic": "", "ending": "0", "end": 755, "root": "mirc", "_index_": 140, "partofspeech": "S", "start": 751, "lemma": "mirc"}], [{"root_tokens": ["script"], "form": "Sg Nom", "clitic": "", "ending": "0", "end": 762, "root": "script", "_index_": 141, "partofspeech": "S", "start": 756, "lemma": "script"}], [{"root_tokens": ["»"], "form": "", "clitic": "", "ending": "", "end": 764, "root": "»", "_index_": 142, "partofspeech": "Z", "start": 763, "lemma": "»"}], [{"root_tokens": ["ole"], "form": "Pers Prs Ind Neg", "clitic": "", "ending": "0", "end": 769, "root": "ole", "_index_": 143, "partofspeech": "V", "start": 765, "lemma": "olema"}], [{"root_tokens": ["progrmis", "keel"], "form": "Sg Nom", "clitic": "", "ending": "0", "end": 782, "root": "progrmis_keel", "_index_": 144, "partofspeech": "S", "start": 770, "lemma": "progrmiskeel"}], [{"root_tokens": ["vaid"], "form": "", "clitic": "", "ending": "0", "end": 787, "root": "vaid", "_index_": 145, "partofspeech": "D", "start": 783, "lemma": "vaid"}], [{"root_tokens": ["pea", "haige"], "form": "Pl Gen", "clitic": "", "ending": "te", "end": 798, "root": "pea_haige", "_index_": 146, "partofspeech": "A", "start": 788, "lemma": "peahaige"}], [{"root_tokens": ["noor"], "form": "Pl Gen", "clitic": "", "ending": "te", "end": 805, "root": "noor", "_index_": 147, "partofspeech": "S", "start": 799, "lemma": "noor"}], [{"root_tokens": ["lollus"], "form": "Sg Nom", "clitic": "", "ending": "0", "end": 812, "root": "lollus", "_index_": 148, "partofspeech": "S", "start": 806, "lemma": "lollus"}], [{"root_tokens": ["ehk"], "form": "", "clitic": "", "ending": "0", "end": 817, "root": "ehk", "_index_": 149, "partofspeech": "D", "start": 814, "lemma": "ehk"}], [{"root_tokens": ["sulge"], "form": "Pers Prs Ind Sg 2 Aff", "clitic": "", "ending": "d", "end": 824, "root": "sulge", "_index_": 150, "partofspeech": "V", "start": 818, "lemma": "sulgema"}], [{"root_tokens": ["suu"], "form": "Sg Nom", "clitic": "", "ending": "0", "end": 828, "root": "suu", "_index_": 151, "partofspeech": "S", "start": 825, "lemma": "suu"}], [{"root_tokens": ["?"], "form": "", "clitic": "", "ending": "", "end": 830, "root": "?", "_index_": 152, "partofspeech": "Z", "start": 829, "lemma": "?"}], [{"root_tokens": ["tundu"], "form": "Pers Prs Ind Sg 3 Aff", "clitic": "", "ending": "b", "end": 838, "root": "tundu", "_index_": 153, "partofspeech": "V", "start": 832, "lemma": "tunduma"}], [{"root_tokens": ["et"], "form": "", "clitic": "", "ending": "0", "end": 841, "root": "et", "_index_": 154, "partofspeech": "J", "start": 839, "lemma": "et"}], [{"root_tokens": ["võitja"], "form": "Pl Par", "clitic": "", "ending": "id", "end": 850, "root": "võitja", "_index_": 155, "partofspeech": "S", "start": 842, "lemma": "võitja"}], [{"root_tokens": ["ei"], "form": "Neg", "clitic": "", "ending": "0", "end": 853, "root": "ei", "_index_": 156, "partofspeech": "V", "start": 851, "lemma": "ei"}], [{"root_tokens": ["ole"], "form": "Pers Prs Imprt Sg 2", "clitic": "", "ending": "0", "end": 857, "root": "ole", "_index_": 157, "partofspeech": "V", "start": 854, "lemma": "olema"}, {"root_tokens": ["ole"], "form": "Pers Prs Ind Neg", "clitic": "", "ending": "0", "end": 857, "root": "ole", "_index_": 157, "partofspeech": "V", "start": 854, "lemma": "olema"}]]}, {"enveloping": null, "attributes": [], "name": "tokens", "parent": null, "_base": "tokens", "ambiguous": false, "spans": [{"start": 0, "end": 6}, {"start": 7, "end": 8}, {"start": 9, "end": 11}, {"start": 11, "end": 12}, {"start": 12, "end": 14}, {"start": 15, "end": 23}, {"start": 25, "end": 31}, {"start": 32, "end": 38}, {"start": 39, "end": 44}, {"start": 45, "end": 50}, {"start": 51, "end": 59}, {"start": 60, "end": 67}, {"start": 67, "end": 68}, {"start": 69, "end": 70}, {"start": 71, "end": 73}, {"start": 74, "end": 75}, {"start": 76, "end": 77}, {"start": 78, "end": 82}, {"start": 83, "end": 86}, {"start": 87, "end": 94}, {"start": 94, "end": 95}, {"start": 96, "end": 100}, {"start": 101, "end": 108}, {"start": 109, "end": 115}, {"start": 115, "end": 116}, {"start": 116, "end": 125}, {"start": 126, "end": 133}, {"start": 133, "end": 134}, {"start": 135, "end": 139}, {"start": 140, "end": 145}, {"start": 145, "end": 146}, {"start": 146, "end": 151}, {"start": 152, "end": 158}, {"start": 159, "end": 160}, {"start": 161, "end": 165}, {"start": 166, "end": 173}, {"start": 174, "end": 179}, {"start": 180, "end": 185}, {"start": 186, "end": 187}, {"start": 188, "end": 191}, {"start": 192, "end": 200}, {"start": 201, "end": 207}, {"start": 208, "end": 212}, {"start": 213, "end": 218}, {"start": 219, "end": 224}, {"start": 225, "end": 230}, {"start": 231, "end": 232}, {"start": 233, "end": 234}, {"start": 235, "end": 239}, {"start": 240, "end": 247}, {"start": 248, "end": 256}, {"start": 257, "end": 258}, {"start": 259, "end": 260}, {"start": 261, "end": 266}, {"start": 267, "end": 271}, {"start": 272, "end": 280}, {"start": 281, "end": 282}, {"start": 283, "end": 284}, {"start": 285, "end": 286}, {"start": 287, "end": 291}, {"start": 292, "end": 293}, {"start": 294, "end": 300}, {"start": 301, "end": 304}, {"start": 305, "end": 306}, {"start": 307, "end": 309}, {"start": 310, "end": 312}, {"start": 313, "end": 320}, {"start": 321, "end": 324}, {"start": 325, "end": 331}, {"start": 332, "end": 334}, {"start": 335, "end": 340}, {"start": 341, "end": 343}, {"start": 344, "end": 350}, {"start": 351, "end": 354}, {"start": 355, "end": 357}, {"start": 358, "end": 361}, {"start": 362, "end": 364}, {"start": 365, "end": 367}, {"start": 368, "end": 372}, {"start": 373, "end": 386}, {"start": 388, "end": 392}, {"start": 393, "end": 395}, {"start": 396, "end": 397}, {"start": 397, "end": 398}, {"start": 399, "end": 409}, {"start": 411, "end": 413}, {"start": 414, "end": 418}, {"start": 419, "end": 423}, {"start": 424, "end": 430}, {"start": 431, "end": 433}, {"start": 434, "end": 441}, {"start": 442, "end": 446}, {"start": 447, "end": 451}, {"start": 451, "end": 452}, {"start": 452, "end": 453}, {"start": 454, "end": 457}, {"start": 458, "end": 462}, {"start": 463, "end": 468}, {"start": 469, "end": 473}, {"start": 474, "end": 478}, {"start": 479, "end": 485}, {"start": 486, "end": 509}, {"start": 510, "end": 512}, {"start": 513, "end": 517}, {"start": 518, "end": 521}, {"start": 522, "end": 523}, {"start": 525, "end": 529}, {"start": 530, "end": 534}, {"start": 534, "end": 535}, {"start": 535, "end": 536}, {"start": 537, "end": 538}, {"start": 540, "end": 548}, {"start": 549, "end": 550}, {"start": 551, "end": 553}, {"start": 554, "end": 558}, {"start": 559, "end": 564}, {"start": 565, "end": 572}, {"start": 573, "end": 574}, {"start": 575, "end": 582}, {"start": 583, "end": 596}, {"start": 597, "end": 599}, {"start": 600, "end": 606}, {"start": 607, "end": 611}, {"start": 612, "end": 615}, {"start": 616, "end": 623}, {"start": 624, "end": 628}, {"start": 629, "end": 635}, {"start": 636, "end": 638}, {"start": 639, "end": 640}, {"start": 641, "end": 646}, {"start": 647, "end": 654}, {"start": 655, "end": 659}, {"start": 660, "end": 669}, {"start": 670, "end": 681}, {"start": 682, "end": 683}, {"start": 684, "end": 685}, {"start": 685, "end": 686}, {"start": 686, "end": 687}, {"start": 688, "end": 689}, {"start": 690, "end": 698}, {"start": 699, "end": 700}, {"start": 701, "end": 706}, {"start": 707, "end": 708}, {"start": 709, "end": 715}, {"start": 716, "end": 719}, {"start": 720, "end": 724}, {"start": 725, "end": 746}, {"start": 747, "end": 748}, {"start": 749, "end": 750}, {"start": 751, "end": 755}, {"start": 756, "end": 762}, {"start": 763, "end": 764}, {"start": 765, "end": 769}, {"start": 770, "end": 782}, {"start": 783, "end": 787}, {"start": 788, "end": 798}, {"start": 799, "end": 805}, {"start": 806, "end": 812}, {"start": 814, "end": 817}, {"start": 818, "end": 824}, {"start": 825, "end": 828}, {"start": 829, "end": 830}, {"start": 832, "end": 838}, {"start": 839, "end": 841}, {"start": 842, "end": 850}, {"start": 851, "end": 853}, {"start": 854, "end": 857}]}, {"enveloping": "tokens", "attributes": ["type", "normalized"], "name": "compound_tokens", "parent": null, "_base": "compound_tokens", "ambiguous": false, "spans": [{"_index_": [2, 3, 4], "type": ["numeric"], "normalized": "0501"}, {"_index_": [82, 83], "type": ["numeric"], "normalized": "5"}, {"_index_": [92, 93, 94], "type": ["case_ending"], "normalized": "mIRC's"}, {"_index_": [107, 108, 109], "type": ["case_ending"], "normalized": "mIRC's"}, {"_index_": [135, 136, 137], "type": ["case_ending"], "normalized": "C's"}]}], "meta": {"subcorpus": "netifoorum", "type": "teema", "title": "ircbot . 05.01 keskmine - 01. leht ( Planet Foorumid - Tehnoloogia - Arvutid - Veebindus ja programmeerimine )", "alamfoorum": "Veebindus_ja_programmeerimine"}, "text": "ircbot .\n05.01 keskmine\n\nircbot millel peaks olema hääletus systeem; ! op , ! deop jms vidinad; saab accessi lisada/kustutada inimesi; saab sisse/välja logida ; saab welcome texti panna ( kui kuhugile joinid siis ytleb selle texti ) ; siis õppimis jublakas ( ! learn sõna tähendus ) ; ! eval ; ignore ... ; ja tv systeem Žma loodan et keegi mu jutust aru ka sai ni et head meisdertamist\n\naega on 5. jaanuarini\n\nsa pead nagu silmas et koodime seda mIRC's või nagu blank leht ette lemmik koodimiskeeleprogrammis ja lets gõu ?\n\nikka mIRC's .\n\nhotboy14 , sa oled haige inimene , sellise perverssusega ei tegele need kel mõistus peas olemas on , botte tehakse ikka mõistlike vahenditega , C's , Pythonis , Javas , Perlis või muus programmeerimiskeeles , « mirc script » pole progrmiskeel vaid peahaigete noorte lollus\n\nehk sulged suu ?\n\ntundub et võitjaid ei ole"}